model,id,name,system,vertices,triangles,bounds,geometry_sha256,geometry_check,review_flags
male,FJ1252,Gingiva of upper jaw,digestive,883,1424,"[[-0.035429298877716064, 1.5395312309265137, 0.02776399999856949], [0.03410260006785393, 1.5579111576080322, 0.08164200186729431]]",801989d3704b514ffacea445d8e8b30fd26793f98a78ec6247c2a507b9f95d44,pass,
male,FJ1253,Gingiva of lower jaw,digestive,726,1328,"[[-0.038285501301288605, 1.512241244316101, 0.0211350005120039], [0.03694140166044235, 1.5482412576675415, 0.07460000365972519]]",17e17671a65919f8b994e851bbb54b55f7688c07d806a7a8c22db2f10c74ad33,pass,
male,FJ1254,Left lower first secondary molar tooth,skeletal,807,1606,"[[0.01642090082168579, 1.517221212387085, 0.038972001522779465], [0.028755100443959236, 1.5369211435317993, 0.05407800152897835]]",d37274532670ff5c7586f12cd3c53b215cce4ef9b37edb572444dd068579fdf7,pass,
male,FJ1255,Left lower first secondary premolar tooth,skeletal,454,900,"[[0.012587299570441246, 1.5101912021636963, 0.053376998752355576], [0.020498299971222878, 1.5326812267303467, 0.06750000268220901]]",08b71f5de999cd8e29d5c64942cdff4754239cacb4441da2c2b442f5070a30c2,pass,
male,FJ1256,Left lower second secondary molar tooth,skeletal,760,1492,"[[0.02005930058658123, 1.5225812196731567, 0.026340000331401825], [0.032158199697732925, 1.5412812232971191, 0.042840998619794846]]",70b1912435e556e58258c3767563801b5880135616e0cfb9b0054a911d0e98e3,pass,
male,FJ1257,Left lower second secondary premolar tooth,skeletal,450,890,"[[0.015579300001263618, 1.5105712413787842, 0.04735799878835678], [0.023697499185800552, 1.5339511632919312, 0.060655999928712845]]",6bf8e55ba52d0cc49bbc3408bc2a668c63bc438841cc2d45502e1678251c5379,pass,
male,FJ1258,Left lower central secondary incisor tooth,skeletal,323,642,"[[-0.0004914450109936297, 1.5062111616134644, 0.06026899814605713], [0.005391119979321957, 1.5316611528396606, 0.0784899964928627]]",352c2add03a2e714a37e0940713cc304e2a5ead026c776a8a5d048d0237ac829,pass,
male,FJ1259,Left lower lateral secondary incisor tooth,skeletal,323,640,"[[0.0035560401156544685, 1.5064911842346191, 0.06099100038409233], [0.011386699974536896, 1.5316312313079834, 0.0777989998459816]]",a99ca5e4eb6970b00e52b195785b323010f9208c20acd7a2a6e0da98fbbcd596,pass,
male,FJ1260,Left lower secondary canine tooth,skeletal,362,720,"[[0.007731710094958544, 1.5052611827850342, 0.058292001485824585], [0.01630450040102005, 1.5320911407470703, 0.07385600358247757]]",29647d72c1ff8b5671a705f7e3c2adce59605319441c4c86437e8ddff37c303a,pass,
male,FJ1261,Left upper first secondary molar tooth,skeletal,912,1812,"[[0.018311599269509315, 1.5359811782836914, 0.04264599829912186], [0.02988629974424839, 1.5605511665344238, 0.05418499931693077]]",12fa576bf4b390ec94eb4e08bb4e23bfedfd055b9a92d2b7cb1f6dc543cf95bd,pass,
male,FJ1262,Left upper first secondary premolar tooth,skeletal,562,1098,"[[0.015161399729549885, 1.5328311920166016, 0.05948999896645546], [0.024632899090647697, 1.5612711906433105, 0.06749600172042847]]",1b5ecd2c0076886a17f979a37e87acb1d8d4e3a322137c0dc4da6a8e39507fa9,pass,
male,FJ1263,Left upper second secondary molar tooth,skeletal,823,1598,"[[0.017670899629592896, 1.5395811796188354, 0.034811001271009445], [0.02952449955046177, 1.5622411966323853, 0.04467000067234039]]",0f015ce7213c5158b1f68bc801f402f0ea7a1ff617b9538c025afcec59739483,pass,
male,FJ1264,Left upper second secondary premolar tooth,skeletal,571,1114,"[[0.01832840032875538, 1.5339611768722534, 0.053592000156641006], [0.02762630023062229, 1.559901237487793, 0.06116800010204315]]",aaa93d51e1ad4a4a2ea0147e900f461ad4b43aadf7a6b085d03875b381d49571,pass,
male,FJ1265,Left upper central secondary incisor tooth,skeletal,398,792,"[[-0.00048429099842906, 1.5304712057113647, 0.07046999782323837], [0.008366909809410572, 1.556901216506958, 0.08334899693727493]]",079c40c1db24b289418217dcd25cc453d97e463c2599be6a138ee7282b320163,pass,
male,FJ1266,Left upper lateral secondary incisor tooth,skeletal,366,728,"[[0.00600821990519762, 1.5297812223434448, 0.06893999874591827], [0.015598700381815434, 1.5587011575698853, 0.08061099797487259]]",df1e756ee39a46eaf839f28082b1f696d45b64f38819e28505f8c3dc9422fdd1,pass,
male,FJ1267,Left upper secondary canine tooth,skeletal,387,770,"[[0.012203900143504143, 1.5312511920928955, 0.06662499904632568], [0.021450400352478027, 1.5626312494277954, 0.07592999935150146]]",7a39771f72d8be1cb6f19f97c39d96452e6d41e085f6b5d3282bcd9eca3d98d8,pass,
male,FJ1268,Right lower first secondary molar tooth,skeletal,805,1594,"[[-0.030054399743676186, 1.517221212387085, 0.038965001702308655], [-0.017738299444317818, 1.5369411706924438, 0.054076001048088074]]",b70f3a7be8f9aa1226633ad12332644aad78f61227cbaf4547e0c3f4b5076436,pass,
male,FJ1269,Right lower first secondary premolar tooth,skeletal,462,920,"[[-0.021780699491500854, 1.510181188583374, 0.053387999534606934], [-0.013834799639880657, 1.5327012538909912, 0.06752300262451172]]",598e86ff6ebfab124f433c98ffca5950481c1c892186fd6fce97258854e2cf09,pass,
male,FJ1270,Right lower second secondary molar tooth,skeletal,735,1454,"[[-0.0334475003182888, 1.5226012468338013, 0.026341000571846962], [-0.021375499665737152, 1.5412812232971191, 0.04286300018429756]]",2d716a00b83c30876f377489713e56bc28fdd1898b8b9a6223c8a585280c808e,pass,
male,FJ1271,Right lower second secondary premolar tooth,skeletal,458,908,"[[-0.025005299597978592, 1.5106111764907837, 0.04732599854469299], [-0.016891200095415115, 1.5339312553405762, 0.06065100058913231]]",4e6f3f9abeb394264263ef44545ac3be9c1ad0f116682e895c1e43210a93222e,pass,
male,FJ1272,Right lower central secondary incisor tooth,skeletal,327,648,"[[-0.006701999809592962, 1.5062111616134644, 0.06028199940919876], [-0.0008278419845737517, 1.531671166419983, 0.07849700003862381]]",93230c9731cf1f0442a46377e6260df8ee65cc6efedc47ac2d34f615cb4e1a92,pass,
male,FJ1273,Right lower lateral secondary incisor tooth,skeletal,311,614,"[[-0.01269339956343174, 1.5065011978149414, 0.06097999960184097], [-0.004844469949603081, 1.5316312313079834, 0.0778139978647232]]",0dbd2cd02e84d5ba407c842df0bfe763ad2ac80bc8b4b0c4278c56c87e20a11d,pass,
male,FJ1274,Right lower secondary canine tooth,skeletal,363,722,"[[-0.017588099464774132, 1.5052611827850342, 0.05829000100493431], [-0.00899553019553423, 1.5320911407470703, 0.07382900267839432]]",f958ff390228c50ce09a3acbbed9f3b1c497068647ce03e3a2a993d75c320fda,pass,
male,FJ1275,Right upper second secondary molar tooth,skeletal,848,1628,"[[-0.030861100181937218, 1.5395811796188354, 0.03483700007200241], [-0.01895100064575672, 1.5622512102127075, 0.044638000428676605]]",8dd965e061594b86db11f5ab3e421585228418c290b6ede227113782ff484305,pass,
male,FJ1276,Right upper first secondary molar tooth,skeletal,915,1792,"[[-0.031189600005745888, 1.5359811782836914, 0.04266500100493431], [-0.019628800451755524, 1.5605312585830688, 0.05416399985551834]]",347b366ee945ffd19586b48683d2da33230b7fb34381a127ed56e9fa4abc4e47,pass,
male,FJ1277,Right upper first secondary premolar tooth,skeletal,557,1096,"[[-0.025951100513339043, 1.532851219177246, 0.05949699878692627], [-0.01643810048699379, 1.5612812042236328, 0.06753399968147278]]",a7adef8d2c265e0f6f9a303555a58e0053e8354519dd0242213acc1b80b613be,pass,
male,FJ1278,Right upper second secondary premolar tooth,skeletal,573,1122,"[[-0.028940699994564056, 1.5339511632919312, 0.0535850003361702], [-0.019647499546408653, 1.5598812103271484, 0.061163000762462616]]",c39bc3136f8b79fe942b76ff3120d6d46904be89dcce29a6473ce1e50b549ba6,pass,
male,FJ1279,Right upper central secondary incisor tooth,skeletal,399,792,"[[-0.009679480455815792, 1.530481219291687, 0.07046099752187729], [-0.00083725102012977, 1.5568711757659912, 0.08333200216293335]]",18cc57be71381c3deffeac861f4c2cccd41457039e046aba72175e5337c56f66,pass,
male,FJ1280,Right upper lateral secondary incisor tooth,skeletal,355,706,"[[-0.016875499859452248, 1.5297812223434448, 0.06894800066947937], [-0.007323599886149168, 1.5587011575698853, 0.08024399727582932]]",56422a0d8c7d5b547e0bcfba7674030851be1624f3e32357d5e2af24042f26c2,pass,
male,FJ1281,Right upper secondary canine tooth,skeletal,382,760,"[[-0.022753499448299408, 1.5312411785125732, 0.06661300361156464], [-0.013519800268113613, 1.5626112222671509, 0.07593200355768204]]",866d76198832b69f26e92a27e8e5081e835568eb3971ff79a4e7e7c89982ecbe,pass,
male,FJ1282,Anterior chamber of left eyeball,sensory,411,816,"[[0.023412499576807022, 1.5895211696624756, 0.061462000012397766], [0.03615640103816986, 1.6022711992263794, 0.06519600003957748]]",92c7374d6a5992194badcd356030b75099e72e1089396097de5f974230179616,pass,
male,FJ1283,Left anterior ethmoidal nerve,nervous,167,286,"[[0.008000100031495094, 1.6052511930465698, 0.040063999593257904], [0.015725599601864815, 1.6067111492156982, 0.04445600137114525]]",024be1aeff1c0b2ff24fc8f49b4e184889053b313e32f64c727a2327b9ca2e3b,pass,
male,FJ1284,Check ligament of left lateral rectus,connective,876,1716,"[[0.03845110163092613, 1.5944812297821045, 0.04336399957537651], [0.04865559935569763, 1.6035611629486084, 0.05553700029850006]]",2244eca008e41cb7c4ab4d6aad22f291954a0fea3a9e00ad93fc235bb6a0f8f5,pass,
male,FJ1285,Left choroid,sensory,3851,6360,"[[0.017154300585389137, 1.5842312574386597, 0.04000699892640114], [0.041143998503685, 1.6081311702728271, 0.05945799872279167]]",ddd7a1afedf7fa8ece76187c4688927c90de80719f86a4f848b005eed0a8cf90,pass,
male,FJ1286,Left choroid,sensory,1444,2244,"[[0.018271800130605698, 1.5849511623382568, 0.05544700101017952], [0.04057389870285988, 1.607181191444397, 0.06238999962806702]]",bf6dee2b672b26aa4617c22ab6559a76150290bb8b29e8888f7ccaca7b13f18c,pass,
male,FJ1287,Left corona ciliaris,sensory,12636,10150,"[[0.021212900057435036, 1.5874412059783936, 0.05838700011372566], [0.038143500685691833, 1.6044812202453613, 0.06133899837732315]]",546edde26726bf05e8b824c0c34823a35d1b9e96f04ce196736b237143556595,pass,
male,FJ1288,Left ciliary ganglion,nervous,94,180,"[[0.022498099133372307, 1.602061152458191, 0.030810000374913216], [0.025719299912452698, 1.604621171951294, 0.03402800112962723]]",0f67f7e6c5a0530f8e5d03150240e505456f147119ca06a941dd507e061a81d1,pass,
male,FJ1289,Left cornea,sensory,1209,1576,"[[0.02275720052421093, 1.588841199874878, 0.0611799992620945], [0.03684230148792267, 1.6029112339019775, 0.06603299826383591]]",f38f4af5b5ae82584db6a3335487b97f5f5336d7f16b250852d09700c8c1752a,pass,
male,FJ1290,Left frontal nerve,nervous,160,316,"[[0.01919100061058998, 1.6065711975097656, 0.02031400054693222], [0.024577900767326355, 1.6184011697769165, 0.04194900020956993]]",1ecaffa7740e5420c9287bc72d6012f18ebb0f111d65e2feab972c684df16dd5,pass,
male,FJ1291,Left common tendinous ring,sensory,408,734,"[[0.011845700442790985, 1.6030112504959106, 0.019178999587893486], [0.01807899959385395, 1.6096612215042114, 0.02507999911904335]]",f3afbca85e44195e6abe9cb2a761af2be80b0fbfe887e74cc57152e900ad6c9e,pass,
male,FJ1292,Check ligament of left medial rectus,connective,1034,2024,"[[0.010177699849009514, 1.5922012329101562, 0.04860199987888336], [0.019280200824141502, 1.6006312370300293, 0.06007099896669388]]",4320f877ea1c3c5db939d720b413f21e693ca7f686a822a1573d4b2159a4105d,pass,
male,FJ1293,Inferior branch of left oculomotor nerve,nervous,855,932,"[[0.013159999623894691, 1.583921194076538, 0.014221999794244766], [0.03774150088429451, 1.6091212034225464, 0.05005300045013428]]",8eb21cfa640b7756715afe833ba10bffd143b6df75ab8557a229a42efe8fe0ee,pass,
male,FJ1294,Left inferior oblique,muscular,469,890,"[[0.012558099813759327, 1.5812711715698242, 0.04047900065779686], [0.04191780090332031, 1.5976111888885498, 0.06630200147628784]]",9c365b78402e82c47a6d1a06a903553e2aa323ef903f1cb03a324b7697bff595,pass,
male,FJ1295,Left inferior rectus,muscular,444,782,"[[0.012114999815821648, 1.5823311805725098, 0.01904500089585781], [0.034253500401973724, 1.605011224746704, 0.06000500172376633]]",9957e49062f8d6260016c436bbdf6790f700ac915edd8efe067cbf02f8e0da14,pass,
male,FJ1296,Left infratrochlear nerve,nervous,137,248,"[[0.0070213498547673225, 1.598811149597168, 0.06838399916887283], [0.010568800382316113, 1.6084412336349487, 0.07354100048542023]]",c4534601fb7f1f50533cdcb4aaf9c577956409263859fb9ab5e0dc3df5e2c8f7,pass,
male,FJ1297,Left iris,sensory,932,1754,"[[0.023347700014710426, 1.5894311666488647, 0.05962099879980087], [0.036191798746585846, 1.6022711992263794, 0.06270000338554382]]",960a27bed44de3628284de8080562f19c7f3b361dacdce22a3a07a827af33488,pass,
male,FJ1298,Left lacrimal canaliculus,sensory,347,590,"[[0.013277200050652027, 1.5913212299346924, 0.0633850023150444], [0.01908930018544197, 1.5954512357711792, 0.06435699760913849]]",c66d5d9eb58bb2122274abc8e6ddeda8fb460eb740ba3426e393986a60e60a31,pass,
male,FJ1299,Left lacrimal gland,sensory,741,1444,"[[0.03165939822793007, 1.5983312129974365, 0.0489949993789196], [0.046473998576402664, 1.6134312152862549, 0.06143999844789505]]",7e7cfe025ac6107e438ffd483c41bc80b1933fe6bb30186fbd8aabb8221ce12b,pass,
male,FJ1300,Left lacrimal nerve,nervous,259,464,"[[0.019484199583530426, 1.6050812005996704, 0.020515000447630882], [0.04279790073633194, 1.6128911972045898, 0.055969998240470886]]",cbb7822f6fb6d19ad7df1c1584cd04c1d26a59802632929b063c224718a7b2c3,pass,
male,FJ1301,Left lacrimal lake,sensory,126,248,"[[0.016658099368214607, 1.5920511484146118, 0.06318099796772003], [0.01916869916021824, 1.5948512554168701, 0.06508400291204453]]",28bfa45c8106814396619ac61c0879ca60ad85cb4c06403fc374505d14d276a7,pass,
male,FJ1302,Left nasolacrimal duct,sensory,217,424,"[[0.010770600289106369, 1.5658612251281738, 0.05195000022649765], [0.01575309969484806, 1.5827912092208862, 0.061482999473810196]]",579f274203a8f1e2fcc8900001ad10247d27838b432f5d1255694b350f45f29b,pass,
male,FJ1304,Left lateral rectus,muscular,407,728,"[[0.016357000917196274, 1.5913012027740479, 0.0191079992800951], [0.0427962988615036, 1.6088112592697144, 0.05870699882507324]]",dd623c70bd6d200a8a185b0682b569d9a76597f7e5410d89d7f3242d31c05206,pass,
male,FJ1305,Left lens,sensory,753,1502,"[[0.02448990009725094, 1.5907812118530273, 0.0568230003118515], [0.03479339927434921, 1.6012212038040161, 0.06159599870443344]]",744684f07ce309c47d77db8a299c71d849ab04d44d07fe63891bc391eb971548,pass,
male,FJ1306,Left levator palpebrae superioris,muscular,639,1096,"[[0.011840200051665306, 1.5990312099456787, 0.019571000710129738], [0.04190849885344505, 1.6150611639022827, 0.06537699699401855]]",e83d543a2219b784087da730723f081493a2492b77f9320b161657df88393fd0,pass,
male,FJ1308,Left medial rectus,muscular,319,566,"[[0.011240099556744099, 1.590521216392517, 0.020934000611305237], [0.02123750001192093, 1.6081411838531494, 0.061177998781204224]]",97f9dba5091b187ce2d3f6f8b8d635f16271df1bcb33feee04f1a18832b8ce22,pass,
male,FJ1309,Left lacrimal sac,sensory,188,372,"[[0.012432499788701534, 1.5816211700439453, 0.059376999735832214], [0.015764299780130386, 1.5967612266540527, 0.0643329992890358]]",002cf6a242a0a5b73821963d56c68980a731b5784ee4eb5688c2a67130500853,pass,
male,FJ1310,Left nasociliary nerve,nervous,171,236,"[[0.0016492899740114808, 1.5931512117385864, 0.010708999820053577], [0.019361700862646103, 1.6086212396621704, 0.0854329988360405]]",c74da817781556399d5ac283a5dc444617c0ea96bbc6d268480ba08fad30376b,pass,
male,FJ1311,Communicating branch of left nasociliary nerve with left ciliary ganglion,nervous,163,228,"[[0.01637909933924675, 1.6030311584472656, 0.02593100070953369], [0.02468539960682392, 1.6071912050247192, 0.0322050005197525]]",3c90c1b074a5e1fcdedfd0d60be1d8d0f03b29965384fd746ea0c24f675f0501,pass,
male,FJ1312,Left ophthalmic nerve,nervous,197,390,"[[0.016458500176668167, 1.599541187286377, -0.005510699935257435], [0.021060699597001076, 1.6080912351608276, 0.021817000582814217]]",9a58ee6794cb33e6b8ba1cafb343e1dcde2e745409d87c95228241d52a8617e5,pass,
male,FJ1313,Left optic nerve,nervous,280,446,"[[2.029979987128172e-05, 1.596391201019287, 0.0021540001034736633], [0.03006730042397976, 1.6203111410140991, 0.04253700003027916]]",e5e2df0dda71721c10d216f6ad8deecf7b8c06f66b2085d33cca3072908bc88c,pass,
male,FJ1315,Left posterior ethmoidal nerve,nervous,146,212,"[[0.008315449580550194, 1.6049811840057373, 0.032666001468896866], [0.01607630029320717, 1.6068311929702759, 0.035252999514341354]]",3c052524c18379edebc54fa51b3f8d87cd1fedfed3c30d6f8b4d832e0104beb7,pass,
male,FJ1316,Optic part of left retina,sensory,2583,5150,"[[0.018242599442601204, 1.5853111743927002, 0.0410740002989769], [0.04006560146808624, 1.6070811748504639, 0.05853600054979324]]",96904da363cc27c5c7e4d7250b4bb9c56579b993c7289a88fb1037806d35194c,pass,
male,FJ1317,Left sclera,sensory,4820,8690,"[[0.01598919928073883, 1.583071231842041, 0.03883200138807297], [0.04230500012636185, 1.609301209449768, 0.0634550005197525]]",925e4a4dd9d313a56d400da22f227f772becfd3137837af5a8f5667cea1a50eb,pass,
male,FJ1318,Left long ciliary nerve,nervous,177,248,"[[0.015603000298142433, 1.5994112491607666, 0.031752001494169235], [0.02753470093011856, 1.6057711839675903, 0.04752499982714653]]",7db160d8a74810ef8da6db9e2cbf5237a0130ef50c512e96853d6d13de68862d,pass,
male,FJ1319,Short ciliary nerve,nervous,411,510,"[[0.023125700652599335, 1.599701166152954, 0.03175799921154976], [0.03220859915018082, 1.60387122631073, 0.04706000164151192]]",6cb221cd233547bc9cd6d48b74ea03ecfc1cc0719926ad09f71277a79287397a,pass,
male,FJ1320,Suspensory ligament of left lens,sensory,4068,3854,"[[0.021477600559592247, 1.5877811908721924, 0.05853400006890297], [0.0377763994038105, 1.6041011810302734, 0.06106400117278099]]",fbdb6bc0d6daef3dbd9509ad49e232ed6abe773095e3074a35460fc93d440629,pass,
male,FJ1321,Superior branch of left oculomotor nerve,nervous,465,550,"[[0.015942800790071487, 1.6038111448287964, 0.020291000604629517], [0.028355499729514122, 1.6134512424468994, 0.04636299982666969]]",7ce89518f2add6c242993d7b47404f37fbf9ce63674fe20f7f108e66fd481cea,pass,
male,FJ1322,Left superior oblique,muscular,436,792,"[[0.011307000182569027, 1.6014212369918823, 0.02210799977183342], [0.039232298731803894, 1.612801194190979, 0.06550899893045425]]",412e6625650ef5983f02cff74a46ad7528ff2cb5791209a2ed66223ee86be78e,pass,
male,FJ1323,Left superior rectus,muscular,362,622,"[[0.012585800141096115, 1.6039111614227295, 0.021073000505566597], [0.035514701157808304, 1.610721230506897, 0.06157299876213074]]",63bf267a6be630603813518586241bf58f5755cfaf17134dfebea8927eaf25ef,pass,
male,FJ1324,Tarsal plate of left upper eyelid,sensory,268,526,"[[0.017386099323630333, 1.5947911739349365, 0.056669000536203384], [0.04293790087103844, 1.6073211431503296, 0.06623400002717972]]",aecd143d880a9ab9af23072e1c6d7a89a69325c771cac689ab44159ada9bef1f,pass,
male,FJ1325,Left supra-orbital nerve,nervous,341,646,"[[0.022602900862693787, 1.6170612573623657, 0.040598999708890915], [0.029652299359440804, 1.6386011838912964, 0.0758190006017685]]",4574047694243d4524c94d1c478461d2622cb26aa746dae8c79a16f0ba245023,pass,
male,FJ1326,Left supratrochlear nerve,nervous,384,698,"[[0.0013065600069239736, 1.6091711521148682, 0.04058599844574928], [0.024451300501823425, 1.629311203956604, 0.07793799787759781]]",969f655e6ebb05076d0f4de332170df8b9591d417d692f60e6806a69fd89e71a,pass,
male,FJ1328,Tarsal plate of left lower eyelid,sensory,230,450,"[[0.018118299543857574, 1.5851211547851562, 0.0561010017991066], [0.04199469834566116, 1.5934711694717407, 0.06510800123214722]]",f2e42f3b860daa96bad97da4f31df1292e99ee47e658c15771251fb35bd908d3,pass,
male,FJ1329,Trochlea of left superior oblique,connective,231,422,"[[0.011148899793624878, 1.6105512380599976, 0.06231699883937836], [0.01540989987552166, 1.6141711473464966, 0.06531199812889099]]",9b6a6f5b6ee6440a64610d544c7a0de8419566f67ce85b29601f749a11c67fd1,pass,
male,FJ1330,Left trochlear nerve,nervous,323,598,"[[0.010328199714422226, 1.6002311706542969, -0.02825300022959709], [0.019442299380898476, 1.6120412349700928, 0.05081399902701378]]",bcc7f37cd9a9d3cfb9ba270bcf07600d1f1561ec7c3f29dac5b4ef8e104c8612,pass,
male,FJ1331,Left vitreous body,sensory,1328,2602,"[[0.01899150013923645, 1.5860512256622314, 0.041809000074863434], [0.03934520110487938, 1.6063212156295776, 0.059494998306035995]]",c2f2a28b8d564ff7ff6217daf59495a9f5646284ab3ca76229e37131b7306f6f,pass,
male,FJ1332,Anterior chamber of right eyeball,sensory,416,828,"[[-0.037460099905729294, 1.5895211696624756, 0.06147199869155884], [-0.02472420036792755, 1.6022711992263794, 0.06518299877643585]]",229e1f5c4bed8efd5479c878527838e5aea80401a8a1da06518c2c2799fed728,pass,
male,FJ1333,Right anterior ethmoidal nerve,nervous,153,234,"[[-0.017040099948644638, 1.605221152305603, 0.0400799997150898], [-0.00930043961852789, 1.6067012548446655, 0.04443499818444252]]",71ae9e92eb4a5379d96205ed4349f277f101b730674f1d05408a6c13731cb1a5,pass,
male,FJ1334,Check ligament of right lateral rectus,connective,901,1726,"[[-0.04996659979224205, 1.5944712162017822, 0.04336800053715706], [-0.039750900119543076, 1.6035511493682861, 0.05555000156164169]]",cd7026e1a72ce6e26086bc51a579faea14968e07a32f309c3230449cd4c06a8c,pass,
male,FJ1335,Check ligament of right medial rectus,connective,1121,2114,"[[-0.020582400262355804, 1.592191219329834, 0.048594001680612564], [-0.011489699594676495, 1.6006412506103516, 0.060068000108003616]]",c60eb0b9581e84b7191aef24a4b3c8fc47668eefda0fbec0e6d1b2df0d0c264b,pass,
male,FJ1336,Right choroid,sensory,1519,2318,"[[-0.04188850149512291, 1.584961175918579, 0.05543600022792816], [-0.019565999507904053, 1.607241153717041, 0.0623910017311573]]",cda29355a37703de1197d8480ad1c8b518fafabb83a38d26d9c95f98d8e97d20,pass,
male,FJ1337,Right choroid,sensory,4102,6350,"[[-0.0424484983086586, 1.5842312574386597, 0.04000600054860115], [0.031061800196766853, 1.6081211566925049, 0.0594870001077652]]",08102a265d5b5f2f0a3d609656e5ece7379ae85fb6277221846f9733c93e47b6,pass,
male,FJ1338,Right corona ciliaris,sensory,13965,11788,"[[-0.03945549950003624, 1.5874412059783936, 0.058382999151945114], [-0.02251889929175377, 1.6044812202453613, 0.06131799891591072]]",22ca21e92e8cbb8033e2724d7714bf90e74560d7155b217c358fb678f4fe2f0c,pass,
male,FJ1339,Right ciliary ganglion,nervous,125,246,"[[-0.027039099484682083, 1.6020711660385132, 0.030798999592661858], [-0.023795200511813164, 1.6046411991119385, 0.03405800089240074]]",6e997b8978944423273a597a4edf2fb63e2a71a9fda592178963de7b1a5aa6b6,pass,
male,FJ1340,Right cornea,sensory,1042,1012,"[[-0.03813700005412102, 1.588841199874878, 0.06115499883890152], [0.030854299664497375, 1.6029112339019775, 0.06602100282907486]]",9d5ff1f20662f74fc1d708aaea16e4730891d1b130ee474238ad4800827c2d9d,pass,
male,FJ1341,Right frontal nerve,nervous,149,294,"[[-0.02588620036840439, 1.6065912246704102, 0.020322000607848167], [-0.020519500598311424, 1.6184011697769165, 0.04194800183176994]]",22250158d949e69dcb800ce8c8a9fd542abee4c5759e0607240afa3868184ade,pass,
male,FJ1342,Right common tendinous ring,sensory,420,736,"[[-0.0193937998265028, 1.6030012369155884, 0.019166000187397003], [-0.013132999651134014, 1.6096712350845337, 0.02507000043988228]]",48ebdd6928f343ffc5aa1fba93792ffee3e453ca5e3273c32037bd60c29776bf,pass,
male,FJ1343,Tendon of right levator palpebrae superioris,connective,1173,1674,"[[-0.0432559996843338, 1.5989712476730347, 0.050891999155282974], [-0.02002359926700592, 1.6143511533737183, 0.06538400053977966]]",631a154bcc037fd86308ec06ce3acb69817583ad2881b5062e9a15e373f4f370,pass,
male,FJ1344,Inferior branch of right oculomotor nerve,nervous,774,870,"[[-0.03902899846434593, 1.5839011669158936, 0.014210999943315983], [-0.014429599978029728, 1.6091312170028687, 0.05005599930882454]]",016b7b08e2373d600621d4bf101ed68826d16337c49606b1716727dfdb2decf7,pass,
male,FJ1345,Right inferior oblique,muscular,507,922,"[[-0.0432376004755497, 1.5812711715698242, 0.04049599915742874], [-0.013866899535059929, 1.5976111888885498, 0.06630700081586838]]",27fb3932509f6fab3ce15c5478bc300c4e99278749f19d1fd2937a47a23a8914,pass,
male,FJ1346,Right inferior rectus,muscular,438,778,"[[-0.035566799342632294, 1.5823311805725098, 0.019039999693632126], [-0.013424799777567387, 1.6050212383270264, 0.0599839985370636]]",6064422b61db1ea15749d1ddf53281388c11cfb7d0af3f36edf6c39efcbb3e86,pass,
male,FJ1347,Right infratrochlear nerve,nervous,165,248,"[[-0.011885300278663635, 1.5988311767578125, 0.0683789998292923], [-0.008312820456922054, 1.6084312200546265, 0.07355500012636185]]",f5087a671f92dcb614b09d07541b2f9749f315838fafb07abd264f41c0a3ce24,pass,
male,FJ1348,Right iris,sensory,984,1796,"[[-0.037498198449611664, 1.5894211530685425, 0.05962099879980087], [-0.02464910037815571, 1.6022711992263794, 0.06269700080156326]]",e438bc73f07da4316f8bfe5452fff32e947aecc90b679d2923f796702018be2e,pass,
male,FJ1349,Right lacrimal canaliculus,sensory,331,516,"[[-0.020400000736117363, 1.591341257095337, 0.06338600069284439], [-0.014581000432372093, 1.5954711437225342, 0.06435099989175797]]",4dc89f6619ba6b18f9886d7293723f101891043d8c487e8526f5acc65555afc5,pass,
male,FJ1350,Right lacrimal gland,sensory,762,1496,"[[-0.04780140146613121, 1.598311185836792, 0.0489949993789196], [-0.03298249840736389, 1.613491177558899, 0.06143900007009506]]",3ae64327b30fdab0196aa313fe0c6d677a05b88e9ab4b9fb38c5231e45afb967,pass,
male,FJ1351,Right lacrimal nerve,nervous,276,470,"[[-0.044112298637628555, 1.6050912141799927, 0.020538000389933586], [-0.020790299400687218, 1.6129212379455566, 0.05594300106167793]]",e6f56fe9b3a9c1037f92b769600c1d9dfb927ad29f6a8b30cd4e61a4e0ecdc3f,pass,
male,FJ1352,Right lacrimal lake,sensory,126,248,"[[-0.020466700196266174, 1.5920511484146118, 0.06317400187253952], [-0.017971400171518326, 1.5948611497879028, 0.06506899744272232]]",c6f8c3b7a5379a32f162d309ca8edcf7299efea8780abfdea98dd9c58f5b7955,pass,
male,FJ1353,Right nasolacrimal duct,sensory,221,432,"[[-0.017041699960827827, 1.565831184387207, 0.05194399878382683], [-0.012113600037992, 1.5827912092208862, 0.061500001698732376]]",70d2651b2968f38a3ebbe9a657319bed41751bc9a23b72b340ec5dbcebe9656d,pass,
male,FJ1355,Right lateral rectus,muscular,398,720,"[[-0.04409249871969223, 1.5913012027740479, 0.019096000120043755], [-0.01765809953212738, 1.6088311672210693, 0.05869299918413162]]",6356180effd60d8678a028974a0427883e57f482626cc0c875f026ac7410efa1,pass,
male,FJ1356,Right lens,sensory,763,1522,"[[-0.03609900176525116, 1.590771198272705, 0.05682700127363205], [-0.025795800611376762, 1.6012011766433716, 0.06159599870443344]]",eae0625d472658aab4ccd696e23ee5b6d32301ab05a40bba21c8938dad37f3ff,pass,
male,FJ1357,Right levator palpebrae superioris,muscular,759,1206,"[[-0.04322019964456558, 1.5989712476730347, 0.019557999446988106], [-0.013170200400054455, 1.6150811910629272, 0.06535200029611588]]",ace2a901dd38fde6fc489e86e0b585a6ec9ef9076a55b7e80185b629471c8262,pass,
male,FJ1359,Right medial rectus,muscular,335,560,"[[-0.022549200803041458, 1.5905112028121948, 0.02095399983227253], [-0.012569599784910679, 1.608161211013794, 0.061156000941991806]]",04d8b090100ef778e22a0a61288fdd18ef0f266ddc8e356aa072cdb7e440b2a9,pass,
male,FJ1360,Right lacrimal sac,sensory,193,382,"[[-0.01703849993646145, 1.5816011428833008, 0.059351999312639236], [-0.013739599846303463, 1.5967612266540527, 0.06438200175762177]]",743f5cb0fcf8000c16277c98ff90e0b18680bb74fbb4b4958dca584f748f5ef5,pass,
male,FJ1361,Right nasociliary nerve,nervous,189,238,"[[-0.02070770040154457, 1.593131184577942, 0.010749000124633312], [-0.002941760001704097, 1.6086312532424927, 0.08545400202274323]]",445e1010863e9eaa35a58e6fb70ce9e42b1bb12cd0732502115310b38a6db9a1,pass,
male,FJ1362,Communicating branch of right nasociliary nerve with right ciliary ganglion,nervous,179,236,"[[-0.026000700891017914, 1.603041172027588, 0.02587899938225746], [-0.0176915992051363, 1.6071912050247192, 0.032235998660326004]]",a3438a4444810a8cf4b8795a9a35d52160dccd18f9934adf5db6eedcd3deba4b,pass,
male,FJ1363,Right ophthalmic nerve,nervous,197,390,"[[-0.022364599630236626, 1.599541187286377, -0.005510000046342611], [-0.017758699133992195, 1.6080912351608276, 0.021810000762343407]]",629f0455433c54fc0084898f5d49bf49271b54ac12835a2f00fe769755828bbe,pass,
male,FJ1364,Right optic nerve,nervous,290,452,"[[-0.03134150058031082, 1.596421241760254, 0.0021470000501722097], [-0.001345679978840053, 1.6203511953353882, 0.0425029993057251]]",d8a643f875fd19fc836038ec94ad26101344184cac6c484d2ebad518269a67a1,pass,
male,FJ1366,Right posterior ethmoidal nerve,nervous,139,194,"[[-0.017372699454426765, 1.6049811840057373, 0.03265099972486496], [-0.009612279944121838, 1.6068311929702759, 0.035280000418424606]]",5a5343ca1b8cb6e630ce52e92bde371af3cdd9ede8aa5e34d38ea46a01f2a5e6,pass,
male,FJ1367,Optic part of right retina,sensory,2594,5146,"[[-0.04138040170073509, 1.5852911472320557, 0.041064999997615814], [-0.019534699618816376, 1.6070811748504639, 0.05851199850440025]]",d7b5a26834f10d751a4a19c85a31bb4b8cce89b115b003723f53b8b6cdb5a65e,pass,
male,FJ1368,Right sclera,sensory,4953,8690,"[[-0.0436163991689682, 1.583071231842041, 0.03882899880409241], [-0.017303800210356712, 1.609301209449768, 0.06346400082111359]]",0e66c989f006e24cbb8df21da46049dda573edd93a28148925891d0b0458ef76,pass,
male,FJ1369,Right long ciliary nerve,nervous,192,296,"[[-0.028853099793195724, 1.5994012355804443, 0.031766001135110855], [-0.016875499859452248, 1.6057811975479126, 0.04753100126981735]]",0e79711b263f031c1d5992698009cf7ad3b130cfbe25536d76314e59ead08273,pass,
male,FJ1370,Short ciliary nerve,nervous,424,540,"[[-0.0335065983235836, 1.599701166152954, 0.031755998730659485], [-0.024433700367808342, 1.6038912534713745, 0.04706000164151192]]",b8d2942fad3fd38f7f76fbdfbcc52b6719d7d269adaffcb834c8b4ed9ce4cd27,pass,
male,FJ1371,Suspensory ligament of right lens,sensory,3524,2484,"[[-0.0390813983976841, 1.5877912044525146, 0.05851199850440025], [-0.022795800119638443, 1.6040911674499512, 0.06108099967241287]]",1f9d2c5a044b8428f1e69f58212e4a1c572b4cecb72c82f3aa953dfa9b78e960,pass,
male,FJ1372,Superior branch of right oculomotor nerve,nervous,430,558,"[[-0.02967049926519394, 1.6037912368774414, 0.020284999161958694], [-0.017231399193406105, 1.6134612560272217, 0.04638500139117241]]",9a51997426b15a240f0e0d4e58f77da00d15b1d238b933f84ec660e0033aeb55,pass,
male,FJ1373,Right superior oblique,muscular,459,812,"[[-0.040564700961112976, 1.6014912128448486, 0.02207300066947937], [-0.012658599764108658, 1.612801194190979, 0.06550999730825424]]",49c198e9ecfdb587a63979a64d49eed69e8963da31b311737e44fed094e9f2c2,pass,
male,FJ1374,Right superior rectus,muscular,366,618,"[[-0.03682339936494827, 1.6039111614227295, 0.021056000143289566], [-0.013879300095140934, 1.610721230506897, 0.06156900152564049]]",b12acb866648b2184bd9c915deff1d18e46ce89e3cf8d02fd55f0e362286d144,pass,
male,FJ1375,Tarsal plate of right upper eyelid,sensory,270,526,"[[-0.044249601662158966, 1.5948011875152588, 0.05666600167751312], [-0.01867620088160038, 1.6073012351989746, 0.06622699648141861]]",910bd08660acd302b03ecebc61cf2a4bc8af56c602238600fbeacddc82c35eb1,pass,
male,FJ1376,Right supra-orbital nerve,nervous,341,640,"[[-0.031022800132632256, 1.6170512437820435, 0.04059499874711037], [-0.02395549975335598, 1.6386611461639404, 0.07580000162124634]]",1f24fc72f3f694b2614b3e13694816947845bc55dbc45a67219f4830f4a8e5aa,pass,
male,FJ1377,Right supratrochlear nerve,nervous,377,678,"[[-0.025793200358748436, 1.6091811656951904, 0.04058299958705902], [-0.002649179892614484, 1.629311203956604, 0.07796599715948105]]",07455fc4de580ad8d74d01ffc5ab810d94b7f18f3496d9f46efe09c0b5a6dbc8,pass,
male,FJ1379,Tarsal plate of right lower eyelid,sensory,218,426,"[[-0.04330090060830116, 1.585111141204834, 0.05609999969601631], [-0.019424300640821457, 1.5934911966323853, 0.06511300057172775]]",1c3cd036e12b1b2991f82fae631e5fcda8814d32fa32755a3993a2c11126d1ac,pass,
male,FJ1380,Trochlea of right superior oblique,connective,227,398,"[[-0.016712600365281105, 1.6105512380599976, 0.06234100088477135], [-0.01246429979801178, 1.6141711473464966, 0.06531699746847153]]",3c5b789ae24f93e14b9ed823ae20cdf25c6caacd9e2b7f56ec5b5521b4e2011f,pass,
male,FJ1381,Right trochlear nerve,nervous,319,606,"[[-0.020750900730490685, 1.6002211570739746, -0.028304999694228172], [-0.011645800434052944, 1.612051248550415, 0.05082999914884567]]",aa025058bd6ec20ab01dd070614da24e666967346c5c569c6bfd738bb7a13ae3,pass,
male,FJ1382,Right vitreous body,sensory,1321,2564,"[[-0.0406511016190052, 1.5860211849212646, 0.041815999895334244], [-0.02029450051486492, 1.6063112020492554, 0.05948299914598465]]",cee7381e0d8c8f89e193bba4bd7607ce34670218284e68c0b8ef08684647582d,pass,
male,FJ1383,First lumbrical of right foot,muscular,676,474,"[[-0.11309000104665756, 0.011045999825000763, 0.006134999915957451], [-0.07768680155277252, 0.03067700006067753, 0.0914359986782074]]",3cd444cdfc375f37b12058f1b91be2be9a42ed52a3e3e579ab48c1db986ef5d2,pass,
male,FJ1383M,First lumbrical of left foot,muscular,675,474,"[[0.07768680155277252, 0.011045900173485279, 0.006134999915957451], [0.11309000104665756, 0.03067700006067753, 0.0914359986782074]]",54072f024d1b510d6441fcab52f57ba0cf50c508cc1df4ccc13c9ae69e82e641,pass,
male,FJ1384,First plantar interosseous of right foot,muscular,392,410,"[[-0.13175000250339508, 0.01541490014642477, 0.03359900042414665], [-0.10479100048542023, 0.03896709904074669, 0.08314300328493118]]",e10d6e5d9872fb6e53ac89017a1a526d8f5ad86a2e85b862c77bc62aa0290a9d,pass,
male,FJ1384M,First plantar interosseous of left foot,muscular,403,416,"[[0.10479100048542023, 0.01541490014642477, 0.03359900042414665], [0.13175000250339508, 0.03896709904074669, 0.08314300328493118]]",49f8b72146c25f9846b9b25314940d4a8508597c32a6317f56a798f3479cc75a,pass,
male,FJ1385,Second lumbrical of right foot,muscular,208,194,"[[-0.12918899953365326, 0.010520200245082378, 0.021779999136924744], [-0.08852739632129669, 0.024685200303792953, 0.08440200239419937]]",94767deb2585805fe59f2be7d1853a80329f46ff063273f47d9f34d8cc77a3f5,pass,
male,FJ1385M,Second lumbrical of left foot,muscular,208,194,"[[0.08852739632129669, 0.010520200245082378, 0.021779999136924744], [0.12918899953365326, 0.024685200303792953, 0.08440200239419937]]",b1af6be7b4cfc687f6c3bf95990e169aca3f9f494952948ac634b0235dceee92,pass,
male,FJ1386,Second plantar interosseous of right foot,muscular,366,380,"[[-0.1384280025959015, 0.015802999958395958, 0.026559999212622643], [-0.11108499765396118, 0.036101799458265305, 0.07339199632406235]]",8abae861769873b7f54cc047d1bd0750b7bbed165623f0af5dc7d1e1c42ed5dc,pass,
male,FJ1386M,Second plantar interosseous of left foot,muscular,369,386,"[[0.11108499765396118, 0.015802999958395958, 0.026559999212622643], [0.1384280025959015, 0.036101799458265305, 0.07339199632406235]]",3639684ef7a4fa8f87c14d0558f23bf680226d0cd7e291e39cca47038c8c601f,pass,
male,FJ1387,Third lumbrical of right foot,muscular,457,304,"[[-0.137814000248909, 0.010068399831652641, 0.018868999555706978], [-0.09402260184288025, 0.02428629994392395, 0.07332699745893478]]",0bdf7c1943681683d3b8f2951e82c2973a9fc45bf951eeb6c2455348b52cd03a,pass,
male,FJ1387M,Third lumbrical of left foot,muscular,463,306,"[[0.09402260184288025, 0.010068399831652641, 0.018868999555706978], [0.137814000248909, 0.02428629994392395, 0.07332699745893478]]",4e5e81354201ba81992cc551af85a50a2c1aff2c21345ed0d6ef835af729c5be,pass,
male,FJ1388,Third plantar interosseous of right foot,muscular,776,584,"[[-0.15381699800491333, 0.013653899542987347, 0.015483000315725803], [-0.11354699730873108, 0.027793100103735924, 0.0594870001077652]]",9ed992e38e6e3a25bc4a4ef3d98d0a83dd16be4d2b2060a801f06edd8029d9ba,pass,
male,FJ1388M,Third plantar interosseous of left foot,muscular,777,586,"[[0.11354699730873108, 0.013653899542987347, 0.015483000315725803], [0.15381699800491333, 0.027793100103735924, 0.0594870001077652]]",648c4f86e93d70bb1c6184e453f4e32087419975e37bfe816e093b5dcea3d6f1,pass,
male,FJ1389,Fourth lumbrical of right foot,muscular,364,276,"[[-0.14576900005340576, 0.010296500287950039, 0.017541000619530678], [-0.09974899888038635, 0.024380000308156013, 0.05821499973535538]]",cf5254b8c0d5b23b1bbac1f0f82e6f8f2bd4288844dba915e47410b86fe8bd23,pass,
male,FJ1389M,Fourth lumbrical of left foot,muscular,365,276,"[[0.09974899888038635, 0.010296500287950039, 0.017541000619530678], [0.14576900005340576, 0.024380000308156013, 0.05821499973535538]]",06c34b5256897cb130ea96d51d251348e3cb9a1c99b7f72f38ccb66a0108d67d,pass,
male,FJ1390,Abductor digiti minimi of right foot,muscular,1123,796,"[[-0.1546040028333664, 0.008396799676120281, -0.05626700073480606], [-0.06144670024514198, 0.024354800581932068, 0.05280200019478798]]",f697afa92f8bd10dacf7d05f84e9b29d447cdd355937b3a33918fb20e4225d39,pass,
male,FJ1390M,Abductor digiti minimi of left foot,muscular,1117,790,"[[0.06144670024514198, 0.008396799676120281, -0.05626700073480606], [0.1546040028333664, 0.024354800581932068, 0.05280200019478798]]",e10310fd7a84597b443b443c3bc6596685d01973aa41571c12c647060b59b542,pass,
male,FJ1391,Flexor digiti minimi brevis of right foot,muscular,671,572,"[[-0.1557610034942627, 0.00705649983137846, -0.001805800013244152], [-0.10922499746084213, 0.024862099438905716, 0.059946998953819275]]",43f62f9a2f5945e2febb44d883027cfca9dc8d988c8045d499292c318d1f0586,pass,
male,FJ1391M,Flexor digiti minimi brevis of left foot,muscular,670,568,"[[0.10922499746084213, 0.00705649983137846, -0.001805800013244152], [0.1557610034942627, 0.024862099438905716, 0.059946998953819275]]",c698015183e4af43cb9f0f4c523a120942d994e5195d9c802653ca3feb8bb47a,pass,
male,FJ1392,Interosseous membrane of right leg,connective,1320,1240,"[[-0.10368499904870987, 0.09596560150384903, -0.03702029958367348], [-0.08502410352230072, 0.4145132005214691, -0.01311120018362999]]",5b1308b2bc064e280f4369e2ab6a7e9b5333f00dfdb384c98fc5f43d2cf12ff0,pass,
male,FJ1392M,Interosseous membrane of left leg,connective,1324,1240,"[[0.08502410352230072, 0.09596560150384903, -0.03702029958367348], [0.10368499904870987, 0.4145132005214691, -0.01311120018362999]]",7d19b43867cf277ac6f49bc19d4b9c711d97417b950d8f94a96f89aec77d28ba,pass,
male,FJ1393,Lateral head of right flexor hallucis brevis,muscular,1709,1180,"[[-0.10509499907493591, 0.007061799988150597, 0.018431000411510468], [-0.06848960369825363, 0.04435550048947334, 0.09523099660873413]]",f4c6ebceef51398222392463436f6055174c35c5450f4410d23f1fe192f2bb47,pass,
male,FJ1393M,Lateral head of left flexor hallucis brevis,muscular,1716,1182,"[[0.06848960369825363, 0.007061799988150597, 0.018431000411510468], [0.10509499907493591, 0.04435550048947334, 0.09523099660873413]]",c5df1733c845e773a37eee37d2a227d7e02e94ce32e96a3078b20403111040b9,pass,
male,FJ1394,Lateral head of right gastrocnemius,muscular,482,738,"[[-0.11699199676513672, 0.21091219782829285, -0.09419088810682297], [-0.06125690042972565, 0.501372218132019, -0.01934939995408058]]",22b22208769e76ff9766805cf01c3e9c2856b22228b2edc51cf25d5d94877cb4,pass,
male,FJ1394M,Lateral head of left gastrocnemius,muscular,487,748,"[[0.06125690042972565, 0.21091219782829285, -0.09419088810682297], [0.11699199676513672, 0.501372218132019, -0.01934939995408058]]",1a7fec9815d663e9c508fe9ed97d76451f3da390502813d7739374fe45cf5dfc,pass,
male,FJ1395,Long head of right biceps femoris,muscular,718,1124,"[[-0.1265989989042282, 0.40601620078086853, -0.08148570358753204], [-0.04901000112295151, 0.8428642153739929, -0.027812199667096138]]",d4b1beaa1b4a5e4bb3eb7249758634237ccc8a2c9b8329bca4ee55a58a52b06d,pass,
male,FJ1395M,Long head of left biceps femoris,muscular,726,1124,"[[0.04901000112295151, 0.40601620078086853, -0.08147729933261871], [0.1265989989042282, 0.8428642153739929, -0.027812199667096138]]",394b1487aa3487b22209cbc2be4d2857573497a99ff8d3488c8f9bb4823aef31,pass,
male,FJ1396,Medial head of right flexor hallucis brevis,muscular,990,700,"[[-0.09524130076169968, 0.009092500433325768, 0.01807600073516369], [-0.06814560294151306, 0.04680740088224411, 0.09500599652528763]]",45f45b82e84669c0eca6f7b20db826a1bbe3157597fde62f648bafc9d417b56c,pass,
male,FJ1396M,Medial head of left flexor hallucis brevis,muscular,990,700,"[[0.06814560294151306, 0.009092500433325768, 0.01807600073516369], [0.09524130076169968, 0.04680740088224411, 0.09500599652528763]]",46b55e7c9e694e278a101ebb4a78319e559f16177f742275359a0ec2b742f3bf,pass,
male,FJ1397,Medial head of right gastrocnemius,muscular,647,882,"[[-0.07419659942388535, 0.2009442001581192, -0.0862182006239891], [-0.021759700030088425, 0.5100752115249634, -0.007306599989533424]]",7a1b22b4393ad7c41b49e505b7fa07a88fbc8d0273eb7ebfb505e9e72b393203,pass,
male,FJ1397M,Medial head of left gastrocnemius,muscular,644,892,"[[0.021759700030088425, 0.2009442001581192, -0.0862182006239891], [0.07419659942388535, 0.5100752115249634, -0.007306599989533424]]",71e15a1a38d83036964dc9660e5d94d00c2788108896e73212646ebb9e16b79f,pass,
male,FJ1398,Oblique head of right adductor hallucis,muscular,971,762,"[[-0.1131339967250824, 0.012443399988114834, 0.007242000196129084], [-0.09530240297317505, 0.041359301656484604, 0.07363999634981155]]",d62f7ba9b085500740aa04b92d51fbb9f3a93b6053872480829f542199b8d44d,pass,
male,FJ1398M,Oblique head of left adductor hallucis,muscular,968,760,"[[0.09530240297317505, 0.012443399988114834, 0.007242000196129084], [0.1131339967250824, 0.041359301656484604, 0.07363999634981155]]",b15fb77ad66470368c4b04964d49a846a438aaa58dacb7f144b83bd85354b681,pass,
male,FJ1399,Opponens digiti minimi of right foot,muscular,248,182,"[[-0.13911500573158264, 0.013698000460863113, -0.0008664000197313726], [-0.10967200249433517, 0.024764899164438248, 0.03574400022625923]]",ed7edd71b4b68e84fffd068b0552a2d4ff8ce3ec6a931762daae436065ef421d,pass,
male,FJ1399M,Opponens digiti minimi of left foot,muscular,248,182,"[[0.10967200249433517, 0.013698000460863113, -0.0008664000197313726], [0.13911500573158264, 0.024764899164438248, 0.03574400022625923]]",d86647c708ca03dce4b13fe6e43677a59d656e160b16483c263d8c19fa509a1d,pass,
male,FJ1400,Right abductor hallucis,muscular,628,554,"[[-0.08903469890356064, 0.012427600100636482, -0.042804598808288574], [-0.053993500769138336, 0.03846079856157303, 0.09343300014734268]]",f2e0c2968078ef2c70a7c25f9d3e225ecc07d964bcf9daee2d5d728fa5e49b78,pass,
male,FJ1400M,Left abductor hallucis,muscular,624,552,"[[0.053993500769138336, 0.012427600100636482, -0.042804598808288574], [0.08903469890356064, 0.03846079856157303, 0.09343300014734268]]",7cdced8e702e33fbe0010784ca0942cf8ab5bd45583e8c3f2a596ea80f092169,pass,
male,FJ1401,Right adductor brevis,muscular,503,528,"[[-0.09846019744873047, 0.6798322200775146, -0.020291099324822426], [-0.023096200078725815, 0.8766471743583679, 0.026520000770688057]]",3cb57e16fe87c5df5b46394e116099187ccc922279d5e2043eddababbb06edc6,pass,
male,FJ1401M,Left adductor brevis,muscular,507,522,"[[0.023096200078725815, 0.6798322200775146, -0.020291099324822426], [0.09846019744873047, 0.8766471743583679, 0.026520000770688057]]",39b1badb609124af405dcaad46e0dee3d1d6872bd39d90621e205906bf896088,pass,
male,FJ1402,Right adductor longus,muscular,408,574,"[[-0.09410219639539719, 0.588397204875946, -0.01018659956753254], [-0.017040099948644638, 0.8777762055397034, 0.03697200119495392]]",e8b8d8f1d3a85a61d624414366d65b04ab4a5e07d649985546c3b8ee81a193cd,pass,
male,FJ1402M,Left adductor longus,muscular,410,574,"[[0.017040200531482697, 0.588397204875946, -0.01018659956753254], [0.09410219639539719, 0.8777762055397034, 0.03690899908542633]]",26f7222ddee68557c7bc89dcb7f3a1c8d8cc7536198baaa79454482e3506edf1,pass,
male,FJ1403,Right adductor magnus,muscular,1786,1648,"[[-0.11176200211048126, 0.45807620882987976, -0.045187100768089294], [-0.01369940023869276, 0.8554401993751526, 0.013020999729633331]]",49f774256932de11f69528f9a7f4396b14f8e8c3e27d337254693e6e101a5e09,pass,
male,FJ1403M,Left adductor magnus,muscular,1801,1658,"[[0.01369940023869276, 0.45807620882987976, -0.04518720135092735], [0.11220099776983261, 0.8554401993751526, 0.013020000420510769]]",d39b9756a5bbf1ff8a49fcdc27cd1e43fbaf31c039588361ec3b2aad351e9643,pass,
male,FJ1404,Right adductor minimus,muscular,825,794,"[[-0.10125599801540375, 0.7428442239761353, -0.029528699815273285], [-0.015842100605368614, 0.8641371726989746, 0.015569999814033508]]",e691da71814ca5c4ca219fa60510f021070e3142d366f8bde706ca9c8e44ee43,pass,
male,FJ1404M,Left adductor minimus,muscular,837,798,"[[0.015842000022530556, 0.7428442239761353, -0.029528699815273285], [0.10125599801540375, 0.8641371726989746, 0.015569999814033508]]",ca408e7bee1538c63552c2618363d23307480c7d6565b457724dd290c33e5bf0,pass,
male,FJ1405,Right calcaneal tendon,connective,1937,1442,"[[-0.09771320223808289, 0.02195660024881363, -0.07533790171146393], [-0.04082280024886131, 0.23593419790267944, -0.04471759870648384]]",996fbb0196d16eb6b938691d76382b9195495e48c8b9edfaf9596d9ac3b91095,pass,
male,FJ1405M,Left calcaneal tendon,connective,1915,1430,"[[0.04082280024886131, 0.02195660024881363, -0.07533439993858337], [0.09771320223808289, 0.23593419790267944, -0.04471759870648384]]",a492da82d85cda8d40624c5969d175d7c7298c7c83bf924018fd08a6ad399fbc,pass,
male,FJ1406,Right extensor digitorum longus,muscular,1859,1326,"[[-0.16606900095939636, 0.01104860007762909, -0.04168219864368439], [-0.08934830129146576, 0.43746718764305115, 0.12366200238466263]]",28e05b40193c48765d99f57a636129cc873dfb92db1ba4ca7f3c16cd5f1277c8,pass,
male,FJ1406M,Left extensor digitorum longus,muscular,1848,1326,"[[0.08934830129146576, 0.01104860007762909, -0.04168219864368439], [0.16606900095939636, 0.43746718764305115, 0.12366200238466263]]",954acc27f4b088ed6699871cdf9bd955f93698cb00ec240ccf1116bb9bcfcf11,pass,
male,FJ1407,Right extensor hallucis brevis,muscular,870,662,"[[-0.10434000194072723, 0.02475149929523468, -0.021865500137209892], [-0.09039430320262909, 0.0706767588853836, 0.0980369970202446]]",0262e66222db8791f16fc732359e2fae99512cc27d8b6add88ed4f3e84d533c1,pass,
male,FJ1407M,Left extensor hallucis brevis,muscular,873,664,"[[0.09039440006017685, 0.02475149929523468, -0.021865500137209892], [0.10434000194072723, 0.0706767588853836, 0.0980369970202446]]",0de3f92d5d54b4f786ac07d0264b7a4781f4b0cfd7af06d15c777c291430774b,pass,
male,FJ1408,Right extensor hallucis longus,muscular,618,526,"[[-0.10759799927473068, 0.02147050015628338, -0.034382399171590805], [-0.07994720339775085, 0.29394420981407166, 0.10947500169277191]]",51125a240234b9a04be6a6f3b269e807f7b5eb1c5c4d898097b82a3a41517dd4,pass,
male,FJ1408M,Left extensor hallucis longus,muscular,626,548,"[[0.07994720339775085, 0.02147050015628338, -0.034382399171590805], [0.10759799927473068, 0.29394420981407166, 0.10947500169277191]]",57d13ddf90ecd5e381052124d36788ca6bf4990cd7e3e379a475bc32dd5934d6,pass,
male,FJ1409,Right fibularis brevis,skeletal,802,632,"[[-0.11774499714374542, 0.022210799157619476, -0.057282399386167526], [-0.08244889974594116, 0.2669071853160858, -0.004774500150233507]]",b683ad2f207e1a8998a650590be1840f2841c9b04db96f1948e999f5ca696de6,pass,
male,FJ1409M,Left fibularis brevis,skeletal,790,624,"[[0.0824488028883934, 0.022210799157619476, -0.057282399386167526], [0.11774499714374542, 0.2669071853160858, -0.004774500150233507]]",f0cbd9f4c2f5f6f4d2b4d8dbe5a998b17e42f385d8295188b63e04af517dd9eb,pass,
male,FJ1410,Right fibularis longus,skeletal,1083,892,"[[-0.12602399289608002, 0.025306299328804016, -0.0590330995619297], [-0.08285050094127655, 0.42988118529319763, 0.03652900084853172]]",5e8886ef1f2c4467bbebf882782b7347b441084b39d40954912eb50a18191a0c,pass,
male,FJ1410M,Left fibularis longus,skeletal,1081,890,"[[0.08285050094127655, 0.025306299328804016, -0.0590330995619297], [0.12602399289608002, 0.42988118529319763, 0.03652900084853172]]",8c9669a8d636fde6544064f4b6cb673c768f1100199e3529edd0d42bcb95a01b,pass,
male,FJ1411,Right fibularis tertius,skeletal,1017,716,"[[-0.11998199671506882, 0.024139299988746643, -0.03704389929771423], [-0.08992119878530502, 0.15691669285297394, 0.0027729999274015427]]",6e2c349577c02e4a1b2afa54a69158381dcde0f5959e10ae2fa5cf28e27af781,pass,
male,FJ1411M,Left fibularis tertius,skeletal,1004,716,"[[0.08992119878530502, 0.024139299988746643, -0.03704389929771423], [0.11998199671506882, 0.15691669285297394, 0.0027729999274015427]]",e1802d2a968d416a5e8b3fda77f234b81153f15683ce230f8a28551bcaa5ace7,pass,
male,FJ1412,Right flexor accessorius,muscular,555,576,"[[-0.10916099697351456, 0.015667499974370003, -0.04973910003900528], [-0.060061801224946976, 0.031670499593019485, 0.01894400082528591]]",a86afa46c2d8734349b767bb0f5e7e65500f414350c4f8a4791628b8ad0bd595,pass,
male,FJ1412M,Left flexor accessorius,muscular,554,576,"[[0.060061801224946976, 0.015667499974370003, -0.04973910003900528], [0.10916099697351456, 0.031670499593019485, 0.01894400082528591]]",a0a1e78728e4221f40bdfc70b5f399529776fad60be9539a714bdec05603018f,pass,
male,FJ1413,Right flexor digitorum brevis,muscular,1662,1254,"[[-0.1643259972333908, 0.005311400163918734, -0.054374199360609055], [-0.058602601289749146, 0.024185700342059135, 0.11819399893283844]]",3cce25820e3d43033040d4de94663ec7aa5e6b0c4efe1bb327909768972c931d,pass,
male,FJ1413M,Left flexor digitorum brevis,muscular,1668,1272,"[[0.058602601289749146, 0.005311400163918734, -0.054374199360609055], [0.1643259972333908, 0.024185700342059135, 0.11819399893283844]]",e7174847f3c1d1cbde12d38a92f06c5b6178f7a3fe532b2042f21f8a91550007,pass,
male,FJ1414,Right flexor digitorum longus,muscular,1081,1006,"[[-0.1657709926366806, 0.006129399873316288, -0.04376859962940216], [-0.03961449861526489, 0.3692542016506195, 0.12645399570465088]]",ec35fb9130260755c45213550023adcce948f7e77467b740b6e6deeb01ea00a1,pass,
male,FJ1414M,Left flexor digitorum longus,muscular,1103,1024,"[[0.03961449861526489, 0.006129399873316288, -0.04379209876060486], [0.1657709926366806, 0.3692542016506195, 0.12645399570465088]]",fab65ba18185c593232b41ae36839157c364ad10ecae5d3b65ea010a0028fde1,pass,
male,FJ1415,Right flexor hallucis longus,muscular,605,660,"[[-0.11784599721431732, 0.006916800048202276, -0.05512160062789917], [-0.052198298275470734, 0.3297182023525238, 0.12261100113391876]]",66028518f3e03f00266c9af2a7c80fb5f8b4c7dbe47e14adeb581d18edea7209,pass,
male,FJ1415M,Left flexor hallucis longus,muscular,604,664,"[[0.052198298275470734, 0.006916800048202276, -0.05512160062789917], [0.11736699938774109, 0.3297182023525238, 0.12261100113391876]]",07bc58ae9cbd1a0a431847c9c32ebe2e5de333855e71e5b0d1c1a0d10e25919a,pass,
male,FJ1416,Right gemellus inferior,muscular,393,460,"[[-0.12586499750614166, 0.8590121865272522, -0.07611779868602753], [-0.05552909895777702, 0.880990207195282, -0.022174900397658348]]",864c7bb781e2704c54dc07a7d99c3b58eb652545844914f1e0f38e34a94cd1c6,pass,
male,FJ1416M,Left gemellus inferior,muscular,390,456,"[[0.05552909895777702, 0.8590121865272522, -0.07611779868602753], [0.12586499750614166, 0.880990207195282, -0.022174900397658348]]",13b9cfc6c9ad3da591a5cf5d0a3d4960d16a2cb616cefbf62689421f78cbd7f8,pass,
male,FJ1417,Right gemellus superior,muscular,409,306,"[[-0.12519100308418274, 0.8762931823730469, -0.06683029979467392], [-0.04533490166068077, 0.9032992124557495, -0.021958399564027786]]",70789cae25d59581f2b8e822588337e4820d20217404426e161293fdd8708924,pass,
male,FJ1417M,Left gemellus superior,muscular,411,306,"[[0.04533490166068077, 0.8762931823730469, -0.06683029979467392], [0.12519100308418274, 0.9032992124557495, -0.021958399564027786]]",906abf00a6d74ca76b705e9dafc7ae3a2f4a6833566d403ac32e5a713913bf35,pass,
male,FJ1418,Right gluteus maximus,muscular,1328,1236,"[[-0.1454010009765625, 0.7458562254905701, -0.11986629664897919], [0.001520909951068461, 1.010668158531189, -0.02198849990963936]]",13126576a8afd00f494fdc5284c3a876216465fc71073d7c2c7e9c7cc5a14775,pass,
male,FJ1418M,Left gluteus maximus,muscular,1336,1240,"[[-0.001520909951068461, 0.7458562254905701, -0.11986629664897919], [0.1454010009765625, 1.010668158531189, -0.02198849990963936]]",7a24b72fcf0262de86f692692279c5bf0c87d5d28f74725c5105ff15dec55570,pass,
male,FJ1419,Right gluteus medius,muscular,1129,1370,"[[-0.14973600208759308, 0.866854190826416, -0.08306580036878586], [-0.0596994012594223, 1.029014229774475, 0.001998000079765916]]",f74975133483c9aafb607122b1f481743e11a02e5152f449fae6602b19449549,pass,
male,FJ1419M,Left gluteus medius,muscular,1126,1378,"[[0.0596994012594223, 0.866854190826416, -0.08306580036878586], [0.1497350037097931, 1.029014229774475, 0.001998000079765916]]",4fea4993b6f7ca1180e91fa1aff3d93da845f700731a01d17cadea6dfc409790,pass,
male,FJ1420,Right gluteus minimus,muscular,1346,1432,"[[-0.14508399367332458, 0.8614321947097778, -0.0536280982196331], [-0.06770840287208557, 1.0013662576675415, 0.0022770001087337732]]",08ab31b361544b5a091d14afd9208d1cbf3640e6969380241157789f00b44c44,pass,
male,FJ1420M,Left gluteus minimus,muscular,1350,1436,"[[0.06770840287208557, 0.8614321947097778, -0.0536280982196331], [0.14508399367332458, 1.0013662576675415, 0.0022770001087337732]]",8c2d018a5254881f038525b78a40a105b6d9c9713f72c22b25e8da45d41d9b53,pass,
male,FJ1421,Right gracilis,muscular,657,696,"[[-0.070415198802948, 0.3613941967487335, -0.034649599343538284], [-0.01210390031337738, 0.8755372166633606, 0.03249099850654602]]",879fae3a7918befb34f3606e02c21da925a2f3e5558fe352c36fa3c6587cea1f,pass,
male,FJ1421M,Left gracilis,muscular,666,696,"[[0.01210390031337738, 0.3613941967487335, -0.034649599343538284], [0.070415198802948, 0.8755372166633606, 0.03249099850654602]]",3ee3cf8a6a5fb51966500db9c3115263e05d67e9d3b1c4a67cbd97a3aa5692d6,pass,
male,FJ1422,Right iliacus,muscular,1475,1322,"[[-0.12725399434566498, 0.8120952248573303, -0.05353029817342758], [-0.07274910062551498, 1.0361021757125854, 0.02944899909198284]]",37585962d48ab73bcdb5b160a08e8c20822a78fca60d5bcf406c4cb325afef6b,pass,
male,FJ1422M,Left iliacus,muscular,1478,1334,"[[0.07280570268630981, 0.8120952248573303, -0.05353029817342758], [0.12725399434566498, 1.0361021757125854, 0.02944899909198284]]",bad9e35346cb1f3cd03e2c53f017d0281d3e067fca41ebd6476ce8fa07140c0c,pass,
male,FJ1423,Right iliotibial tract,connective,2355,3776,"[[-0.16251899302005768, 0.3923982083797455, -0.06727980077266693], [-0.09180240333080292, 1.0232032537460327, 0.013319999910891056]]",8761bbf8eaed6ed8f474c94c41a5174f6dee5f3b4d8bdb0aca3a4ea114ee7871,pass,
male,FJ1423M,Left iliotibial tract,connective,2359,3776,"[[0.09180229902267456, 0.3923982083797455, -0.06732799857854843], [0.16251899302005768, 1.02323317527771, 0.013369999825954437]]",5afe83ddbb53459984b78acf6879093f02bf4758647341271050d2affc9f17c0,pass,
male,FJ1424,Right long plantar ligament,connective,1417,1260,"[[-0.11782799661159515, 0.017069300636649132, -0.05440859869122505], [-0.05938950181007385, 0.04161050170660019, 0.04254399985074997]]",dfa568f6ece76bc6695cc2f7579bca015e608cde399bb4d9bd0ba09b3b93c9f7,pass,
male,FJ1424M,Left long plantar ligament,connective,1419,1266,"[[0.05938950181007385, 0.017069300636649132, -0.05440869927406311], [0.11782799661159515, 0.04161050170660019, 0.04254399985074997]]",8d2625243fdaf745bfdd02c734a1651e76f95250903ed8b2a070055c5eeff80b,pass,
male,FJ1425,Right obturator externus,muscular,498,562,"[[-0.12838900089263916, 0.8454911708831787, -0.04453279823064804], [-0.0244292002171278, 0.8747252225875854, 0.00950700044631958]]",8e48b9613b9bc3b1a58021e40d3e6d14680676840a89898d730d68386b4b2f4b,pass,
male,FJ1425M,Left obturator externus,muscular,504,564,"[[0.0244292002171278, 0.8454911708831787, -0.04453279823064804], [0.12838900089263916, 0.8747252225875854, 0.00950700044631958]]",8a2ea9b00bc4c724ea94b27fdd161406f46089ff25531c7d03b0485d270d29b6,pass,
male,FJ1426,Right obturator internus,muscular,1084,1250,"[[-0.11904600262641907, 0.848484218120575, -0.0706569030880928], [-0.0215332992374897, 0.9056051969528198, 0.007096000015735626]]",883e62a47b78fe9392a26ffd8d10b432aef3eeac9c04f78573b8f9b344cc0c8a,pass,
male,FJ1426M,Left obturator internus,muscular,1091,1258,"[[0.0215332992374897, 0.848484218120575, -0.0706569030880928], [0.11904600262641907, 0.9055771827697754, 0.007096000015735626]]",b19462b248e834eca9aa86ab9f176a2e9b0cf5333cc4eebfd601daf95b252d58,pass,
male,FJ1427,Right pectineus,muscular,525,678,"[[-0.09850160032510757, 0.7532222270965576, -0.020781999453902245], [-0.022737599909305573, 0.8938041925430298, 0.03600199893116951]]",acdf74b05dfa19a2a04ced9c0848c706af46f01daedd630d7f8f8d619c207817,pass,
male,FJ1427M,Left pectineus,muscular,533,682,"[[0.022737599909305573, 0.7532222270965576, -0.020781999453902245], [0.09850160032510757, 0.8938041925430298, 0.03600199893116951]]",c5e631fdbcf4bc23709d3f769640ff97d9411bed8715c420fadf126ec4cb3bcb,pass,
male,FJ1428,Right piriformis,muscular,511,614,"[[-0.1370600014925003, 0.8841671943664551, -0.08791779726743698], [-0.02573220059275627, 0.9505141973495483, -0.02798140048980713]]",a9f8898659ad9326354f4170408fc51d82b26b3e6aeddfc9e086d1452cba00f6,pass,
male,FJ1428M,Left piriformis,muscular,507,610,"[[0.02573220059275627, 0.8841671943664551, -0.08791779726743698], [0.1370600014925003, 0.9505141973495483, -0.02798140048980713]]",ebdb5174c0ee3be972b819182b65c11585a7c718de9b14f82436761a4021db23,pass,
male,FJ1429,Right plantaris,muscular,376,552,"[[-0.10056799650192261, 0.024871399626135826, -0.06424669921398163], [-0.0390826016664505, 0.5339211821556091, -0.0012151000555604696]]",5422a61f2b0d1feb11cec59ba73c5139b9e07c4287a7cb2f6af76260d43e68ec,pass,
male,FJ1429M,Left plantaris,muscular,382,552,"[[0.03980809822678566, 0.024871399626135826, -0.06424660235643387], [0.10056799650192261, 0.5336952209472656, -0.0013882999774068594]]",6f7d2c1839bff5e34529873272a403f29e3c02feb8a5cc9d3a9bae2610b39aaa,pass,
male,FJ1430,Right popliteus,muscular,357,468,"[[-0.10948800295591354, 0.3400332033634186, -0.05241930112242699], [-0.05662750080227852, 0.48465919494628906, -0.006797300186008215]]",571a0219df0b43f656fdd53b8dd716007b81cf051df9adf37e23cace7d882d28,pass,
male,FJ1430M,Left popliteus,muscular,356,462,"[[0.05662750080227852, 0.3400332033634186, -0.05241930112242699], [0.10948800295591354, 0.48465919494628906, -0.006797300186008215]]",0373dcce4798ed26bdf6cb46c391b00e9bb80f156ebbfec653469c7d58bf5962,pass,
male,FJ1431,Right psoas major,muscular,1401,1408,"[[-0.11375799775123596, 0.8133261799812317, -0.04686509817838669], [-0.0074751898646354675, 1.1768511533737183, 0.019565999507904053]]",65d2095d9a04a718a910ee11fbee69c3b538213bb20207925ac671279989c428,pass,
male,FJ1431M,Left psoas major,muscular,1378,1402,"[[0.0074751898646354675, 0.8133261799812317, -0.04686509817838669], [0.11375699937343597, 1.1768511533737183, 0.019565999507904053]]",2fe9bb3444a277ac79f13e3f423378283a52085d3d826836492cfcbb6eeb65a7,pass,
male,FJ1432,Right quadratus femoris,muscular,743,780,"[[-0.12718699872493744, 0.8217651844024658, -0.057343900203704834], [-0.05657060071825981, 0.8679652214050293, -0.04213130101561546]]",8fadac7a49df074b05e273b934fe84f94fdf7e1c7d635a5c1a4d0c48bbd551a8,pass,
male,FJ1432M,Left quadratus femoris,muscular,743,782,"[[0.05657060071825981, 0.8217651844024658, -0.057343900203704834], [0.12718699872493744, 0.8679652214050293, -0.04213130101561546]]",821aeac501397e2dc04c8ad1ec70e163c82782e0c64d860a789c9c3c46d071e7,pass,
male,FJ1433,Right rectus femoris,muscular,910,1250,"[[-0.154449000954628, 0.39281919598579407, -0.01610019989311695], [-0.06300549954175949, 0.9492151737213135, 0.052466001361608505]]",d77e4956832e173f8144e93f7f18b8cd112ed20c3580b2e5ae3aa839bc9341ed,pass,
male,FJ1433M,Left rectus femoris,muscular,918,1250,"[[0.06300549954175949, 0.39281919598579407, -0.01610019989311695], [0.154449000954628, 0.9492151737213135, 0.052466001361608505]]",d8c6109413b16a18b319afc15208f93d2f9503ba2ccb5dd9b621bb68ae68fab4,pass,
male,FJ1434,Right sartorius,muscular,1020,756,"[[-0.13118599355220795, 0.3523032069206238, -0.016009299084544182], [-0.02066049911081791, 0.9799032211303711, 0.04092999920248985]]",e1de3896678e4296fec6ade46e897f8f6c70cd31e6d4e4cc8e94ffd799d8d19b,pass,
male,FJ1434M,Left sartorius,muscular,1017,756,"[[0.02066049911081791, 0.3523032069206238, -0.016009299084544182], [0.13118599355220795, 0.9799032211303711, 0.04092999920248985]]",15b2efad714537591a0764fc76bee3e77303ec4c664e7f983c484a8cdf95a809,pass,
male,FJ1435,Right semimembranosus,muscular,664,1014,"[[-0.07099919766187668, 0.39413321018218994, -0.06267029792070389], [-0.013394800014793873, 0.8325302004814148, 0.003495000069960952]]",12b1b13c8bf9135f4851213dde0e48d0e3358874ff5fd125739cb83f1b017585,pass,
male,FJ1435M,Left semimembranosus,muscular,659,1014,"[[0.013394899666309357, 0.39413321018218994, -0.06267040222883224], [0.07099910080432892, 0.8325302004814148, 0.003495000069960952]]",d3c82b68597f80b26e9edae29111009d7ee892a94a48e4c57d502e932b73bcad,pass,
male,FJ1436,Right semitendinosus,muscular,638,596,"[[-0.06829369813203812, 0.36123621463775635, -0.07521969825029373], [-0.027227699756622314, 0.8418142199516296, -0.0014135000528767705]]",6bad24f331fbae54e38b0c7b1ee4c98c0d6a379acbef3ff3e115ad3ab1d2d24f,pass,
male,FJ1436M,Left semitendinosus,muscular,624,596,"[[0.027227699756622314, 0.36123621463775635, -0.07521969825029373], [0.06829369813203812, 0.8418142199516296, -0.0014135000528767705]]",aaeae8e07e36cb5c5a436f5893699e6538ecd29e87ac71b68cf5e1421bb433de,pass,
male,FJ1437,Right soleus,muscular,792,1004,"[[-0.11578500270843506, 0.1106484979391098, -0.06757079809904099], [-0.03571249917149544, 0.43662720918655396, -0.008881100453436375]]",d128758ce1e4f6d4fcb701360ff5428c4d92eb0e44a2377602410ad9b1762293,pass,
male,FJ1437M,Left soleus,muscular,778,976,"[[0.03571249917149544, 0.11064860224723816, -0.06744460016489029], [0.11578500270843506, 0.43662720918655396, -0.008881100453436375]]",8b6987999f48137ce7ed2ea50fe86f6b342d839b76ca2a50a835e45a9efa8fb7,pass,
male,FJ1438,Right tensor fasciae latae,muscular,678,626,"[[-0.16003300249576569, 0.8379572033882141, -0.00610730005428195], [-0.12820200622081757, 0.9968252182006836, 0.03330500051379204]]",7a8ae16f86f3f850352868f66736614a8248d678af3a576f8b947b6f0c8551aa,pass,
male,FJ1438M,Left tensor fasciae latae,muscular,679,626,"[[0.12820200622081757, 0.8379572033882141, -0.00610730005428195], [0.16003300249576569, 0.9968252182006836, 0.03330500051379204]]",5805c4ebc4a529ec696a6af9c0f1321e88ff99d8230546d8ede9e0dd1d9f6bb0,pass,
male,FJ1439,Right tibialis anterior,skeletal,1116,766,"[[-0.116737000644207, 0.040597498416900635, -0.027175400406122208], [-0.06696700304746628, 0.4333801865577698, 0.04960000142455101]]",87f242375bfa63021049d69803615ca5bdb0ea221f5348d8a7cca0390bad2d94,pass,
male,FJ1439M,Left tibialis anterior,skeletal,1113,756,"[[0.06696700304746628, 0.040597498416900635, -0.027175400406122208], [0.1166979968547821, 0.4333801865577698, 0.04960000142455101]]",5f0e2be281d6dea551bf087af83fd9a1e63f70e1b8a25c02db7f488ce067378f,pass,
male,FJ1440,Right tibialis posterior,skeletal,2920,1944,"[[-0.10492599755525589, 0.03553209826350212, -0.04029040038585663], [-0.043157100677490234, 0.4138562083244324, 0.03286699950695038]]",b0e89ed42905b13b440c623c7dcaed176de648df046025a2d947c0fe109a9e46,pass,
male,FJ1440M,Left tibialis posterior,skeletal,2917,1934,"[[0.043157100677490234, 0.03553200140595436, -0.04029040038585663], [0.10492599755525589, 0.4138562083244324, 0.03286699950695038]]",fafcf1d63765f1daf856550389862fdc99e07c00a2e2621d9ae3d18a8fc9c489,pass,
male,FJ1441,Right vastus intermedius,muscular,840,936,"[[-0.13289399445056915, 0.4205962121486664, -0.023739200085401535], [-0.07620710134506226, 0.8478552103042603, 0.03513899818062782]]",4ea7c243536f1f4fe20eb4d73d09e4b41546c5a7506a4a6926e5283465599949,pass,
male,FJ1441M,Left vastus intermedius,muscular,839,936,"[[0.07620710134506226, 0.4205962121486664, -0.023739200085401535], [0.13289399445056915, 0.8478552103042603, 0.03513899818062782]]",14c223059a3f51aed244df4d461962ffc87ccd9f1bdec0913436bdce8161fbf3,pass,
male,FJ1442,Right vastus lateralis,muscular,1091,1470,"[[-0.15963199734687805, 0.39604321122169495, -0.04249680042266846], [-0.08405649662017822, 0.8660761713981628, 0.0370509997010231]]",a36d0fc9fdb87e313a69e5d30af81d436127ec95dc50a07e8446f3b7625b875c,pass,
male,FJ1442M,Left vastus lateralis,muscular,1080,1470,"[[0.08405649662017822, 0.39604321122169495, -0.04249680042266846], [0.15963299572467804, 0.8660761713981628, 0.0370509997010231]]",187d6e926fb310ab817e52d06f6f4ef265482fe9f9cd1f53550724160885c565,pass,
male,FJ1443,Right vastus medialis,muscular,784,1000,"[[-0.1056009978055954, 0.4186592102050781, -0.010867999866604805], [-0.034939199686050415, 0.8162901997566223, 0.046900998800992966]]",b48273393f2c6a17feb905462f39f792ba25a9e8e91b27af55f2668166dfc8ae,pass,
male,FJ1443M,Left vastus medialis,muscular,776,1000,"[[0.034939300268888474, 0.4186592102050781, -0.010867999866604805], [0.1056009978055954, 0.8162901997566223, 0.046900998800992966]]",2040f942e530b4ce5ebdb168b02faa7c3c518aa81f19f6853d558b21413a7096,pass,
male,FJ1444,Short head of right biceps femoris,muscular,456,492,"[[-0.11740899831056595, 0.40630120038986206, -0.049118198454380035], [-0.08067119866609573, 0.7247312068939209, -0.012746400199830532]]",c607aee6a4ad8a9253c1ce36c2620a88e2adfe18f7b17e35f00b09f2e60c07cc,pass,
male,FJ1444M,Short head of left biceps femoris,muscular,450,480,"[[0.08067119866609573, 0.40630120038986206, -0.049118198454380035], [0.11740899831056595, 0.7247312068939209, -0.012746400199830532]]",ac43918969ea6d8b1adeb46803210ae191722f34b7fb50e7255f3fd9c763a035,pass,
male,FJ1445,Transverse head of right adductor hallucis,muscular,950,654,"[[-0.14013299345970154, 0.012534400448203087, 0.04792900010943413], [-0.0983256995677948, 0.019749600440263748, 0.07895199954509735]]",6b37f98d8efedb9bb5e4daa0eff4bbec8c81d1eaa0dc08d32113c6b4e197bf1a,pass,
male,FJ1445M,Transverse head of left adductor hallucis,muscular,951,656,"[[0.0983256995677948, 0.012534400448203087, 0.04792900010943413], [0.14013299345970154, 0.019749600440263748, 0.07895199954509735]]",063c850e5c0bc83d53d4fd463c234fa16352aa5d62a43da8ee97ba2fb012e3ea,pass,
male,FJ1446,Abdominal part of right pectoralis major,muscular,563,726,"[[-0.18089599907398224, 1.1828912496566772, -0.01824359968304634], [-0.04800000041723251, 1.3560512065887451, 0.11343800276517868]]",f735c390ddf9a7f014b45b24c8a5130cafc44204d3d9118f9857e1e33c19644c,pass,
male,FJ1446M,Abdominal part of left pectoralis major,muscular,564,722,"[[0.04800000041723251, 1.1828912496566772, -0.01824359968304634], [0.18089599907398224, 1.3560512065887451, 0.11343800276517868]]",d00b0ee58e7c92f376880684a889239915dccd8d3b9960d6e12fcb12c525382f,pass,
male,FJ1447,Clavicular part of right pectoralis major,muscular,917,998,"[[-0.19426199793815613, 1.3126212358474731, -0.017999999225139618], [-0.026413900777697563, 1.4140112400054932, 0.045058999210596085]]",6c9f3b7e05f7eb8281d3fd7ec5292b513b8888874f3fbb9f2c129464c8d35052,pass,
male,FJ1447M,Clavicular part of left pectoralis major,muscular,922,998,"[[0.026413900777697563, 1.3126212358474731, -0.017999999225139618], [0.19426199793815613, 1.4140112400054932, 0.045058999210596085]]",884a54536ceef9c0351864670d8baf77735548668d823ac7c96fbdc665c65013,pass,
male,FJ1448,Linea alba,connective,285,436,"[[-0.009112030267715454, 0.8665621876716614, 0.01253500021994114], [0.008187009952962399, 1.2559411525726318, 0.11212100088596344]]",f77b2fe31ff452dea2f8ba1da6b4571876ad35b2effe2fd0cee3da50154baa3c,pass,
male,FJ1449M,Left coccygeus,muscular,1232,1392,"[[0.0024764901027083397, 0.866189181804657, -0.09120005369186401], [0.0487137995660305, 0.9067351818084717, -0.06196150183677673]]",ec9e6902d307ba98d2a296b8fc3deac7fa961078ce2b2aaf836c0a7093372076,pass,
male,FJ1450,superficial perineal muscle,muscular,240,350,"[[-0.014787400141358376, 0.8317211866378784, -0.08305609971284866], [-0.003281950019299984, 0.8529722094535828, -0.061275698244571686]]",c0ede1dc81dc50a32356c08e1a7d1be7e5f553458005a42e10cf8474b5f511d5,pass,
male,FJ1450M,External anal sphincter,muscular,240,350,"[[0.003281950019299984, 0.8317211866378784, -0.08305609971284866], [0.014787400141358376, 0.8529722094535828, -0.061275601387023926]]",09197fb0dad339d426a047619e0d0dc9c629867ab26b1ea12c3dfad0c59104a0,pass,
male,FJ1451,external intercostal muscle,muscular,36746,26416,"[[-0.13616600632667542, 1.0896211862564087, -0.09670624136924744], [-0.02329530008137226, 1.4434411525726318, 0.09164100140333176]]",390dada72fcc8f7c9dc0645ec6e3b76fc0b262e2a541160d9efa6e167f330e15,pass,
male,FJ1451M,External intercostal muscle,muscular,36851,26534,"[[0.02329530008137226, 1.0896211862564087, -0.09670624136924744], [0.13616600632667542, 1.443481206893921, 0.09164100140333176]]",c5086a5154d71f9e1c8d6c1006b861ced519332161e99390e54bb3d61bf4ebe5,pass,
male,FJ1452,Right external oblique,muscular,17145,24600,"[[-0.14082300662994385, 0.8718202114105225, -0.06297919899225235], [-0.0034785799216479063, 1.2896912097930908, 0.11876600235700607]]",3dd552d2d47d6016c76384718cec9fec6bf8fb1ad9f65bacc0bc0f7970cf2252,pass,
male,FJ1452M,Left external oblique,muscular,17116,24600,"[[0.0034785799216479063, 0.8718202114105225, -0.06284250319004059], [0.14082300662994385, 1.2896912097930908, 0.11876600235700607]]",57ac4b022d8dbb150511f949880a17416c205e1d18480313c066bd83df697058,pass,
male,FJ1453M,Left iliococcygeus,muscular,2244,2116,"[[0.0006570219993591309, 0.8541612029075623, -0.084933802485466], [0.04918840155005455, 0.8998332023620605, -0.011599100194871426]]",723339699c10227e58963e669cbf8f2fed9370484110859e18e04e74d25bcd7b,pass,
male,FJ1454,innermost intercostal muscle,muscular,27286,21278,"[[-0.13462500274181366, 1.097271203994751, -0.09369722008705139], [-0.050776299089193344, 1.3931012153625488, 0.09337300062179565]]",bf221d5885c98d160e5b9eb97d71e50ef256a97f1647d8b605987abe0a4301bd,pass,
male,FJ1454M,Innermost intercostal muscle,muscular,27252,21206,"[[0.050776299089193344, 1.097271203994751, -0.09353099018335342], [0.13462500274181366, 1.3930912017822266, 0.09337300062179565]]",d97da27925adee7c401d219664b08062113d10f71af30ebe96111e0294919822,pass,
male,FJ1455,internal intercostal muscle,muscular,25147,19942,"[[-0.1329140067100525, 1.0965511798858643, -0.09534531086683273], [-0.016307000070810318, 1.3921312093734741, 0.10920000076293945]]",0fd23e9b25e43900695d3b9ac12110a1dd63c5aac709622ae1cfb6b77da1a00a,pass,
male,FJ1455M,Internal intercostal muscle,muscular,25053,19898,"[[0.016307100653648376, 1.0965511798858643, -0.09534531086683273], [0.1329140067100525, 1.3921312093734741, 0.10920000076293945]]",10f422e488c36804691b9c617b1dfd7798b8bdbba0ff05f52f79ced9ebd24533,pass,
male,FJ1456,Right pectoralis minor,muscular,2726,2612,"[[-0.13012799620628357, 1.2597712278366089, -0.019595999270677567], [-0.06973589956760406, 1.4047812223434448, 0.07304699718952179]]",5892b31025f2d9988302afda83bcc66c948478d35145c8705ccac8d42631e25a,pass,
male,FJ1456M,Left pectoralis minor,muscular,2729,2590,"[[0.06973589956760406, 1.2597712278366089, -0.019595999270677567], [0.13012799620628357, 1.4047812223434448, 0.07304699718952179]]",4dfed00801662ad9103001147667823fad0fc6420215721a343676c649736b18,pass,
male,FJ1457M,Left pubococcygeus,muscular,1753,1866,"[[0.0031825099140405655, 0.845342218875885, -0.0895180031657219], [0.03540650010108948, 0.8927342295646667, 0.0005300000193528831]]",222714a443a04e07d4696a7997f44b29ba624c512524a432cf33f4c5c925f587,pass,
male,FJ1458M,Left puborectalis,muscular,2765,2058,"[[0.003214610042050481, 0.8412132263183594, -0.07869429886341095], [0.03262580186128616, 0.8699272274971008, 0.0028029999230057]]",cde5d4f98fcb5f026e1bfa9defc5e618f83ebc0219e34c8f1035d4fdb5cf0fb4,pass,
male,FJ1459,Right serratus anterior,muscular,7818,10826,"[[-0.1443919986486435, 1.15627121925354, -0.10525468736886978], [-0.05772969871759415, 1.426491141319275, 0.0575920008122921]]",680beee276817ff9e1b37d2a03e9d3d82c6267010c3ff098bab62d8f7ac6560a,pass,
male,FJ1459M,Left serratus anterior,muscular,7810,10826,"[[0.057729799300432205, 1.15627121925354, -0.10525468736886978], [0.1443919986486435, 1.426491141319275, 0.0575920008122921]]",109c635fdb51966a487bc41628668e8bc803795cccc83ee7ed2bb11f17596a1a,pass,
male,FJ1460,Right subclavius,muscular,670,824,"[[-0.10466700047254562, 1.389571189880371, -0.025885500013828278], [-0.03428800031542778, 1.4209011793136597, 0.034873999655246735]]",cf5176c271f24379736ca53605e08a8fcf9b384b6306caf231085fffc6511316,pass,
male,FJ1460M,Left subclavius,muscular,673,818,"[[0.03428800031542778, 1.389511227607727, -0.025885500013828278], [0.10466700047254562, 1.4209011793136597, 0.034873999655246735]]",7be23ef7c1d62d3ac87c441b51b6d4538fb40ae9020f2fd52addc1add321afdf,pass,
male,FJ1461,Right transversus thoracis,muscular,3482,2458,"[[-0.08957420289516449, 1.2215611934661865, 0.055642999708652496], [-0.0024724500253796577, 1.3665212392807007, 0.10952100157737732]]",f5c29db682acd5e8c6215adb2c1ad3339b56b8f8b17b1842413a9b3b05760733,pass,
male,FJ1461M,Left transversus thoracis,muscular,3482,2448,"[[0.0024724500253796577, 1.2215611934661865, 0.055642999708652496], [0.08957420289516449, 1.3665212392807007, 0.10952100157737732]]",a193917de4ac35345376f83690ffb7b0c4dd381291864a679b09ff814c44ccd6,pass,
male,FJ1462,Set of right levatores costarum breves,muscular,2937,1872,"[[-0.07061979919672012, 1.141301155090332, -0.0931214690208435], [-0.020816700533032417, 1.4579012393951416, -0.0275557991117239]]",ac9947dffa3930756f24c86345da5f3bc9eed48dbf09c3196ff81e1b1b7b3032,pass,
male,FJ1462M,Set of left levatores costarum breves,muscular,2922,1882,"[[0.020816700533032417, 1.141301155090332, -0.0931214690208435], [0.07061979919672012, 1.4579012393951416, -0.0275557991117239]]",02b336ba0b5a196558a863d0aaa859ea1cf9e5065c9270b3006428d292023a1f,pass,
male,FJ1463,Set of right levatores costarum longi,muscular,2656,2686,"[[-0.07452110201120377, 1.139321208000183, -0.09554231911897659], [-0.028635699301958084, 1.4584112167358398, -0.0275030005723238]]",028b90b9394bd167a7f51db1ea6a9bceb8b2c8b7385c5542f5cbd3fc3bddc147,pass,
male,FJ1463M,Set of left levatores costarum longi,muscular,2619,2686,"[[0.028635699301958084, 1.139321208000183, -0.09554231911897659], [0.07452110201120377, 1.4584112167358398, -0.0275030005723238]]",a834e67fdc39551065d8edaf76693194c986e4b59646cd3d39add468d6083fee,pass,
male,FJ1464,Sternocostal part of right pectoralis major,muscular,3278,3480,"[[-0.18784800171852112, 1.2187211513519287, -0.01899999938905239], [-0.004815570078790188, 1.3919111490249634, 0.11935299634933472]]",0feaa73da48e5a5094a2b0574c8cf524d56e373a09a21fa30540ad95f11c536c,pass,
male,FJ1464M,Sternocostal part of left pectoralis major,muscular,3271,3490,"[[0.004815570078790188, 1.2187211513519287, -0.01899999938905239], [0.18784800171852112, 1.3919111490249634, 0.11935299634933472]]",b76435a78b77b2991f8a523792bbb2e97805b6e7a53405592fb588377f834e31,pass,
male,FJ1465,tendinous arch of levator ani,connective,256,368,"[[-0.04907179996371269, 0.8647891879081726, -0.06370619684457779], [-0.023763500154018402, 0.898445188999176, 0.002460000105202198]]",118339345e781555435b31f467016c2bc3b79fa0a001bc4909a961e2ad64f8cc,pass,
male,FJ1465M,Tendinous arch of levator ani,connective,254,362,"[[0.023763500154018402, 0.8647891879081726, -0.06370619684457779], [0.04907179996371269, 0.898445188999176, 0.0023950000759214163]]",654c8816b8480c891f483e1e8bc10e7f03e935755cb2d3db7cab62a14f936c25,pass,
male,FJ1466,Abductor digiti minimi of right hand,muscular,542,380,"[[-0.2381809949874878, 0.8077471852302551, 0.03062400035560131], [-0.22081699967384338, 0.8727931976318359, 0.04890599846839905]]",7e4dd4f5ee5764eaa2b98b137f63583bb63a8f1a7463ed772249ea4b06896a4b,pass,
male,FJ1466M,Abductor digiti minimi of left hand,muscular,536,380,"[[0.22081699967384338, 0.8077471852302551, 0.03062400035560131], [0.2381809949874878, 0.8727931976318359, 0.04890599846839905]]",ed4779805c43f13d70e526ff2a403ee312dffd9481dacdc290905b255bf79a40,pass,
male,FJ1467,Acromial part of right deltoid,muscular,545,686,"[[-0.22722800076007843, 1.283251166343689, -0.05916289985179901], [-0.14667099714279175, 1.4273312091827393, 0.003338000038638711]]",154d394e79cd405804fdb58648601ab75aa30d7490ce8f75c7cbc0e2a6c4954d,pass,
male,FJ1467M,Acromial part of left deltoid,muscular,544,686,"[[0.14667099714279175, 1.2832012176513672, -0.05916289985179901], [0.22722800076007843, 1.4273312091827393, 0.0033370000310242176]]",c7313c5c5d10a967fb3d5f6beae1ff11a407ffabcac2edcb0aad1d58f2d54712,pass,
male,FJ1468,Clavicular part of right deltoid,muscular,2121,1486,"[[-0.20361900329589844, 1.28196120262146, -0.024874800816178322], [-0.0885550007224083, 1.4335012435913086, 0.021330999210476875]]",f5b3d247c62fe68557f894b5ddfe3f4ffd03f09d55ea19f9f1c9533c7b1aa575,pass,
male,FJ1468M,Clavicular part of left deltoid,muscular,2143,1500,"[[0.0885550007224083, 1.28196120262146, -0.024874800816178322], [0.20361900329589844, 1.4335012435913086, 0.021330999210476875]]",6de041af43781916fed666ed72be665845544c2fa1248ec0886f3df9450be493,pass,
male,FJ1469,Left flexor pollicis brevis,muscular,547,490,"[[-0.30103999376296997, 0.8446661829948425, 0.025252999737858772], [-0.25624099373817444, 0.8721631765365601, 0.05312100052833557]]",6a5c08cf4ad3b18703342fba3e446cc5457ba6c492d801ec9c90a97cefc3c5f3,pass,side_vs_body_midline: review regional laterality; cardiac/hepatic labels can legitimately cross midline
male,FJ1469M,Right flexor pollicis brevis,muscular,551,492,"[[0.25624099373817444, 0.8446661829948425, 0.025252999737858772], [0.30103999376296997, 0.8721641898155212, 0.05312100052833557]]",5235095e4a428120261caa2027e3b9e447aa79a677ea53f277c23df2369cb6da,pass,side_vs_body_midline: review regional laterality; cardiac/hepatic labels can legitimately cross midline
male,FJ1470,Flexor digiti minimi brevis of right hand,muscular,232,216,"[[-0.24400800466537476, 0.8099002242088318, 0.03071100078523159], [-0.22606299817562103, 0.8700501918792725, 0.048016998916864395]]",e435cb2f09fb88ff95edfe667cf5e95017f1b3f20c6593f9da4682b9758c5dfd,pass,
male,FJ1470M,Flexor digiti minimi brevis of left hand,muscular,233,216,"[[0.22606299817562103, 0.8099002242088318, 0.03071100078523159], [0.24400800466537476, 0.8700501918792725, 0.048016998916864395]]",581215a55e4b347e9cee32e760b0a7f330e5ad096510565dbb0a0191873f3cf4,pass,
male,FJ1471,Flexor retinaculum of right wrist,connective,1303,1414,"[[-0.27091899514198303, 0.8575901985168457, 0.026864999905228615], [-0.23403100669384003, 0.8845422267913818, 0.04080599918961525]]",0675d508351739ac0a04adad8f8869f52ff938b25a5e35f76023397fcdc638e8,pass,
male,FJ1471M,Flexor retinaculum of left wrist,connective,1299,1412,"[[0.23403100669384003, 0.8575901985168457, 0.026864999905228615], [0.27091899514198303, 0.8845422267913818, 0.04080599918961525]]",4e846a6f0d218e38277a00ccb5bc9e64932c43bff8e609707a5bd3e8c4680bab,pass,
male,FJ1472,Right extensor carpi ulnaris,muscular,2167,1136,"[[-0.23743000626564026, 0.8492771983146667, -0.05031520128250122], [-0.21947599947452545, 1.1369812488555908, 0.026798000559210777]]",e703f9697afb46ed907e148ab54dd7d7e0e953b86e340cbf0e598141d5b5355c,pass,
male,FJ1472M,Left extensor carpi ulnaris,muscular,2185,1152,"[[0.21947599947452545, 0.8492771983146667, -0.05031520128250122], [0.23743000626564026, 1.1369812488555908, 0.026799000799655914]]",6399566973c31b601c3eefc7e357f2c38d92480a72d646aa11f1835994339cd9,pass,
male,FJ1473,Humeral head of right flexor carpi ulnaris,muscular,694,680,"[[-0.24645200371742249, 0.8596652150154114, -0.03861520066857338], [-0.17804600298404694, 1.1264512538909912, 0.036573998630046844]]",4a2530af972fab4250b46ed04c02d9f6f7763d5a90688e3759900850ebb91076,pass,
male,FJ1473M,Humeral head of left flexor carpi ulnaris,muscular,666,674,"[[0.17782899737358093, 0.8596652150154114, -0.03861510008573532], [0.24645200371742249, 1.1264512538909912, 0.036573998630046844]]",fe1263ec67e20f7ee096a1a22301891ed9acd627876adcd3eb56dc5378949ead,pass,
male,FJ1474,Humeral head of right pronator teres,muscular,984,856,"[[-0.25731799006462097, 0.994763195514679, -0.03231130167841911], [-0.18741799890995026, 1.1434911489486694, 0.0025530001148581505]]",36fcf1ae9dcf787b43ede5f28f22d1cff62422d58e406a8c00dedbe2c7a9acb8,pass,
male,FJ1474M,Humeral head of left pronator teres,muscular,1002,860,"[[0.18741799890995026, 0.994763195514679, -0.03231130167841911], [0.25731799006462097, 1.1434911489486694, 0.0025530001148581505]]",aca177078f59d561703f6bbbea2b7a1c9459389d303276b56e9bb21afb4b56ac,pass,
male,FJ1475,Right flexor digitorum superficialis,muscular,1998,1912,"[[-0.3058280050754547, 0.7539252042770386, -0.03242100030183792], [-0.17812499403953552, 1.1311912536621094, 0.0677340030670166]]",70ae726b90c726aac273f80d2148492dbec928ab8ab73c83e45c2fa9494055e0,pass,
male,FJ1475M,Left flexor digitorum superficialis,muscular,1993,1912,"[[0.17812499403953552, 0.7539252042770386, -0.03242100030183792], [0.3058280050754547, 1.1311912536621094, 0.0677340030670166]]",fd97ed0e972195d88ec80e0daacf8a913c12bf2e0392fc54be8f40c5a74f677a,pass,
male,FJ1476,Interosseous membrane of right forearm,connective,952,692,"[[-0.2506760060787201, 0.8995832204818726, -0.029882900416851044], [-0.22894500195980072, 1.0559011697769165, 0.01823600009083748]]",30117447e7ab742d82df7ba429f2a49f6291add9134135f7f49c9d035052bd4c,pass,
male,FJ1476M,Interosseous membrane of left forearm,connective,952,696,"[[0.22894500195980072, 0.8995832204818726, -0.029882900416851044], [0.2506760060787201, 1.0559011697769165, 0.01823600009083748]]",f2cff752c8434221e80e107467a8a4120f028da86f33e794a904a1b6d0cf5c56,pass,
male,FJ1477,Lateral head of right triceps brachii,muscular,656,838,"[[-0.22800500690937042, 1.1142412424087524, -0.07972630113363266], [-0.17445600032806396, 1.3700711727142334, -0.031203199177980423]]",8361a202153b542cf5c0933b918c1a1578bd659c5a05ca5c6c220416e924c1b3,pass,
male,FJ1477M,Lateral head of left triceps brachii,muscular,661,830,"[[0.17445600032806396, 1.1141811609268188, -0.07972630113363266], [0.22800500690937042, 1.3700711727142334, -0.031203199177980423]]",551db5cd8331e24b33cfeefc36133c84dc91001be5361ee8e0ac5749b351364b,pass,
male,FJ1478,Long head of right biceps brachii,muscular,466,492,"[[-0.22978700697422028, 1.0721832513809204, -0.03219110146164894], [-0.13526800274848938, 1.4175312519073486, 0.009291999973356724]]",4a962677c97f73fdc9d2e24e5bd8a76aa917c7d1c3a7ef68775a2ff7018646e0,pass,
male,FJ1478M,Long head of left biceps brachii,muscular,457,492,"[[0.13526800274848938, 1.0721832513809204, -0.03219110146164894], [0.22978700697422028, 1.4175312519073486, 0.00929300021380186]]",e88b793070c1365d771547e74a3d29d6f73096fe28190a82873837dd343decd0,pass,
male,FJ1479,Long head of right triceps brachii,muscular,504,560,"[[-0.21646200120449066, 1.1133512258529663, -0.08124049752950668], [-0.1346909999847412, 1.3788611888885498, -0.03589789941906929]]",48c577abe8f678b7d2e281455ef82472b1bf10b879c16611fc4d7f79ffe55fe1,pass,
male,FJ1479M,Long head of left triceps brachii,muscular,504,562,"[[0.1346909999847412, 1.1133512258529663, -0.08124040067195892], [0.21646200120449066, 1.3788611888885498, -0.03589789941906929]]",0ea95e94a626afd27d0bd033c71fc7bc0a8e77545787ec3477c235fbc1b7282d,pass,
male,FJ1480,Medial head of right triceps brachii,muscular,325,372,"[[-0.22696299850940704, 1.1075111627578735, -0.05368280038237572], [-0.16737300157546997, 1.3341511487960815, -0.028120100498199463]]",e7232e26d1840928c4c25ec021ec4742342a85aa80a77366c4f24b3685720c3e,pass,
male,FJ1480M,Medial head of left triceps brachii,muscular,325,374,"[[0.16737399995326996, 1.1075011491775513, -0.05368280038237572], [0.22696299850940704, 1.3341511487960815, -0.028120100498199463]]",f46c7402a2c3da8afee71775c884346a698da0c0dce3432172f7fe503b6f698a,pass,
male,FJ1481,Oblique head of right adductor pollicis,muscular,629,534,"[[-0.2993359863758087, 0.8378602266311646, 0.023161999881267548], [-0.25653401017189026, 0.8678951859474182, 0.04707000032067299]]",ef6273444a2a6a7f29fe8eb9bd62e138a668736d1b71f7dee473175bbe8207c4,pass,
male,FJ1481M,Oblique head of left adductor pollicis,muscular,620,528,"[[0.25653401017189026, 0.8378602266311646, 0.023161999881267548], [0.2993359863758087, 0.8678951859474182, 0.04707000032067299]]",89267ac1fb584364bef290dc67266a1c097cc1d7e9f92050ae564896171d85f3,pass,
male,FJ1482,Opponens digiti minimi of right hand,muscular,534,382,"[[-0.2454189956188202, 0.8217412233352661, 0.02763500064611435], [-0.2274640053510666, 0.8685532212257385, 0.042573001235723495]]",51d4be7e497f505307df17bd8da46d8c20439389f56783faf8949d92ce7b3693,pass,
male,FJ1482M,Opponens digiti minimi of left hand,muscular,532,382,"[[0.2274640053510666, 0.8217412233352661, 0.02763500064611435], [0.2454189956188202, 0.8685532212257385, 0.042573001235723495]]",da3d56d40c4f0c2efa19ab89fe80cf435f349c52f13334c437907fa821c26992,pass,
male,FJ1483,Right abductor pollicis brevis,muscular,610,576,"[[-0.30253899097442627, 0.8480222225189209, 0.023022999987006187], [-0.26335200667381287, 0.8861982226371765, 0.05274299904704094]]",487916c5a71384cd5455465b1e8ba1096b018d5456805aba51d82f99261d8227,pass,
male,FJ1483M,Left abductor pollicis brevis,muscular,607,578,"[[0.26335200667381287, 0.8480222225189209, 0.023022999987006187], [0.30253899097442627, 0.8861982226371765, 0.05274299904704094]]",2a45d46c9ec285e8c952f9f3a0cb54bba473392e3631d56d926c563359f58f8a,pass,
male,FJ1484,Right abductor pollicis longus,muscular,655,592,"[[-0.2894290089607239, 0.8668602108955383, -0.029861999675631523], [-0.22754499316215515, 1.0488861799240112, 0.031776998192071915]]",4e33a32cb273d2f1a7ae042030aaf1e45487119d07a7132bac95964555a438fa,pass,
male,FJ1484M,Left abductor pollicis longus,muscular,657,600,"[[0.22754499316215515, 0.8668602108955383, -0.029861999675631523], [0.2894290089607239, 1.0488861799240112, 0.031776998192071915]]",fb7837af3cd68e3f60d7b6f5d36f3f5f2a5cdeb33a46ec31ccd1d30f136f832f,pass,
male,FJ1485,Right anconeus,muscular,700,654,"[[-0.22930799424648285, 1.0376441478729248, -0.058177899569272995], [-0.20633600652217865, 1.1390012502670288, -0.0329819992184639]]",4d028a4edcbe06dc501d863ed350f966a5f083df526bb6662e80c7a9f7973c67,pass,
male,FJ1485M,Left anconeus,muscular,693,640,"[[0.20633600652217865, 1.0376441478729248, -0.058177899569272995], [0.22930799424648285, 1.1390012502670288, -0.0329819992184639]]",91a29de038a6157b52f2ec8585116d071d977bd5150298b5e4b9ea48eaad356a,pass,
male,FJ1486,Right brachialis,muscular,630,712,"[[-0.23490899801254272, 1.0734721422195435, -0.03943030163645744], [-0.17638500034809113, 1.2983112335205078, -0.013604000210762024]]",4bd4b19d7da3b47c916bdc93fe59c6aeecc0abeea7a074cf47fce09045c4361f,pass,
male,FJ1486M,Left brachialis,muscular,621,702,"[[0.17638500034809113, 1.0734721422195435, -0.03943030163645744], [0.23490899801254272, 1.2983112335205078, -0.013604099862277508]]",d3a69540909a9d7e7c24612c6eccec3fb9be02bc616154a84a81f04bbb3043d9,pass,
male,FJ1487,Right brachioradialis,muscular,1012,1072,"[[-0.28058600425720215, 0.887823224067688, -0.04417559877038002], [-0.20815899968147278, 1.2257212400436401, 0.022878000512719154]]",6ce5c6d7e80e4a5d19490802b8151b5f5d71c82092c156f0d498383ca89412a9,pass,
male,FJ1487M,Left brachioradialis,muscular,991,1070,"[[0.20815899968147278, 0.887823224067688, -0.04417559877038002], [0.28058600425720215, 1.2257212400436401, 0.022878000512719154]]",780f0986c621b0414a8dd7c76bbb5ffb053e8e377c82d77881122ff423ecd96d,pass,
male,FJ1488,Right coracobrachialis,muscular,329,280,"[[-0.1894260048866272, 1.2482411861419678, -0.033053599298000336], [-0.13015100359916687, 1.405981183052063, 0.006175000220537186]]",d59c3c61c46ace60185110acc1da62e63327f536b0224e7f7885fbe5b75eae0e,pass,
male,FJ1488M,Left coracobrachialis,muscular,321,276,"[[0.13015100359916687, 1.2482411861419678, -0.033053599298000336], [0.1894260048866272, 1.405981183052063, 0.006175000220537186]]",7fc4f766299b9c29d6156ade515a101de3acc03eebde2dfe2da922ef9760c0a9,pass,
male,FJ1489,Right extensor carpi radialis brevis,muscular,585,522,"[[-0.2725389897823334, 0.85421222448349, -0.04968930035829544], [-0.2283640056848526, 1.1568212509155273, 0.01572199910879135]]",4fd96a4153b53b654abb1d1e8d387c2f89e8d339deb6ef16cc48d29a1adf5d29,pass,
male,FJ1489M,Left extensor carpi radialis brevis,muscular,560,508,"[[0.2283640056848526, 0.85421222448349, -0.04968930035829544], [0.2725389897823334, 1.1568212509155273, 0.01572199910879135]]",dc41843eaafc655ad7ca1d664c99babf5e53a967567301c949742b4d5a380314,pass,
male,FJ1490,Right extensor carpi radialis longus,muscular,528,544,"[[-0.2778629958629608, 0.857255220413208, -0.04678630083799362], [-0.2200859934091568, 1.1797212362289429, 0.020979000255465508]]",2e7fa48ada5254539bfb76e5b7ee018ec0155220ed4cd19534fd18c1f5a5fa59,pass,
male,FJ1490M,Left extensor carpi radialis longus,muscular,537,544,"[[0.22006799280643463, 0.857255220413208, -0.04678630083799362], [0.2778629958629608, 1.1797212362289429, 0.020979000255465508]]",ae2f82c928929387243b938977d204aa4eec73daa0b50ec7e08a5b3c8e71576c,pass,
male,FJ1491,Right extensor digiti minimi,muscular,304,314,"[[-0.24322199821472168, 0.8027791976928711, -0.04607509821653366], [-0.22698800265789032, 1.127731204032898, 0.04325399920344353]]",9f0455be2a73151eb2bfa5af63c66eac9138571be10ebff87a027e85d09b0a2c,pass,
male,FJ1491M,Left extensor digiti minimi,muscular,310,314,"[[0.22698800265789032, 0.8027791976928711, -0.04607509821653366], [0.24322199821472168, 1.127731204032898, 0.04314599931240082]]",e2daee0cb6ab4b120885ef2c24627f9085c84df7e6852150b01f16781cf5d081,pass,
male,FJ1492,Right extensor digitorum,muscular,1313,1054,"[[-0.3050540089607239, 0.7560921907424927, -0.05436880141496658], [-0.22252799570560455, 1.1380711793899536, 0.06252899765968323]]",a7a2d5ea97d4c19189ef775b600f97ff5e0de151505b24bce6036219ac20231a,pass,
male,FJ1492M,Left extensor digitorum,muscular,1305,1062,"[[0.22252799570560455, 0.7560921907424927, -0.05436880141496658], [0.3050540089607239, 1.1380711793899536, 0.06252899765968323]]",3b7d56be856bec090e6f2250ac9a8a5627cd2a27e96b126aea3fa9a0aa7c9068,pass,
male,FJ1493,Right extensor indicis,muscular,426,340,"[[-0.3076469898223877, 0.7468191981315613, -0.0047137001529335976], [-0.22950200736522675, 0.9463682174682617, 0.07359500229358673]]",7144e0327020dadb1e1b0ce6c6de52df99054f0aa51cc45d524be93da1f778d2,pass,
male,FJ1493M,Left extensor indicis,muscular,431,342,"[[0.22950200736522675, 0.7468191981315613, -0.0047137001529335976], [0.3076469898223877, 0.9463682174682617, 0.07359500229358673]]",ada91c3b5894715ec6f5e13a60eb82bbd28ddf46846989939085da3916716dc0,pass,
male,FJ1494,Right extensor pollicis brevis,muscular,497,438,"[[-0.31140199303627014, 0.8365492224693298, -0.009035799652338028], [-0.23492300510406494, 0.9721062183380127, 0.04765300080180168]]",dc613f79812f8d75b092702973edfea02844be2555f2ab9a51360125bd81a70e,pass,
male,FJ1494M,Left extensor pollicis brevis,muscular,491,434,"[[0.23492300510406494, 0.8365492224693298, -0.009035799652338028], [0.31140199303627014, 0.9721062183380127, 0.04765300080180168]]",c562b37fa87d4169da8a3fab4e48181c6f5781869b29c5aaf2ed20df939c0dbf,pass,
male,FJ1495,Right extensor pollicis longus,muscular,613,488,"[[-0.3193790018558502, 0.8111482262611389, -0.024309899657964706], [-0.2246280014514923, 1.0132001638412476, 0.06337500363588333]]",f16cee43a6c4a8ef7e8cf407d4b29b05b6ddfd1073ce5e70f0f14d7f51f77053,pass,
male,FJ1495M,Left extensor pollicis longus,muscular,623,490,"[[0.2246280014514923, 0.8111482262611389, -0.024309899657964706], [0.3193790018558502, 1.0132001638412476, 0.06337500363588333]]",365507a6819ee5a9ad48d2eebc8912f4e86a75212b2497849916f4854b900833,pass,
male,FJ1496,Right flexor carpi radialis,muscular,299,310,"[[-0.2721109986305237, 0.8588082194328308, -0.028997499495744705], [-0.18435999751091003, 1.1352812051773071, 0.03640599921345711]]",03ea78b508c93ed96787a1f6870dac62eb036da5398970a7fac78867c18f96a0,pass,
male,FJ1496M,Left flexor carpi radialis,muscular,300,312,"[[0.18435999751091003, 0.8588082194328308, -0.028997499495744705], [0.2721109986305237, 1.1352812051773071, 0.036407001316547394]]",b0ffb93d8ed1e9b8eb9e631c0afb846796de3ecd39a1d0168fbcb0c5c0102e81,pass,
male,FJ1497,Right flexor digitorum profundus,muscular,1520,1304,"[[-0.3069320023059845, 0.7436861991882324, -0.031272199004888535], [-0.20405399799346924, 1.0969711542129517, 0.08687800168991089]]",ba04fd6b1109e00072696abde240fbff007678bb68e3b669b192deddfb5b6122,pass,
male,FJ1497M,Left flexor digitorum profundus,muscular,1521,1296,"[[0.20400400459766388, 0.7436861991882324, -0.031272199004888535], [0.3069320023059845, 1.0969711542129517, 0.08687800168991089]]",d68ac426c1a3548ea0e0c1691fbc4b7c0113a539abbecd0166fd86cc374ec224,pass,
male,FJ1498,Right flexor pollicis longus,muscular,1311,824,"[[-0.3140510022640228, 0.8133271932601929, -0.012368200346827507], [-0.23849500715732574, 1.044020175933838, 0.06588300317525864]]",aee4f146b465eb19e81ec03adfe8831246b468b2c727ff6aabd48da88bd0d846,pass,
male,FJ1498M,Left flexor pollicis longus,muscular,1322,834,"[[0.23849500715732574, 0.8133271932601929, -0.012368200346827507], [0.3140510022640228, 1.044020175933838, 0.06588300317525864]]",c89b38b5809e5f0c2e50f29bf0f74c11540a4795a34b277cf2e6ed750f6de514,pass,
male,FJ1499,Right flexor digitorum superficialis,muscular,329,368,"[[-0.2539139986038208, 0.8914412260055542, -0.018722400069236755], [-0.2258249968290329, 1.0704991817474365, 0.03324500098824501]]",6a86797e6ec38e23daaba90ab324ea980a4cbdf7de6f5e05ed55199f4111f759,pass,
male,FJ1499M,Left flexor digitorum superficialis,muscular,328,366,"[[0.2258249968290329, 0.8914412260055542, -0.018722400069236755], [0.2539139986038208, 1.0704991817474365, 0.03324500098824501]]",a36ee7966ce19335535de34b50089d6808bd275a74b7cf772905d48ae16732bd,pass,
male,FJ1500,Right infraspinatus muscle,muscular,528,536,"[[-0.18905000388622284, 1.284641146659851, -0.10366612672805786], [-0.060258399695158005, 1.409081220626831, -0.022912999615073204]]",778266267866107475a86a915c36cfccbf50f1f050ef5a793426cc931652d733,pass,
male,FJ1500M,Left infraspinatus muscle,muscular,510,530,"[[0.060258399695158005, 1.284641146659851, -0.10366612672805786], [0.18905000388622284, 1.4090912342071533, -0.022912999615073204]]",e874d13969fe50f5a0ce0f1053b768d1e2cd66809c300ed0a3645b0b5c2b8ac6,pass,
male,FJ1501,Right opponens pollicis,muscular,769,680,"[[-0.3058600127696991, 0.8519412279129028, 0.030378999188542366], [-0.25809699296951294, 0.8841142058372498, 0.048969000577926636]]",e9667ecb5b7c91a3b2689f35b84036e25bbbb6fa1a9f3a0074c27600a7f6008a,pass,
male,FJ1501M,Left opponens pollicis,muscular,769,680,"[[0.25809699296951294, 0.8519412279129028, 0.030378999188542366], [0.3058600127696991, 0.8841142058372498, 0.048969000577926636]]",0b8d509d1102a9e706745fdcda9bfb24a7fb2dac903ed231937950ebf5cd4450,pass,
male,FJ1502,Right palmaris longus,muscular,2090,1500,"[[-0.29061999917030334, 0.8111181855201721, -0.028281299397349358], [-0.17961299419403076, 1.1319111585617065, 0.049692001193761826]]",eeedc37a320c8a65c2f6ee5aebe6a3e033175bb1402935cc42801b3b4be3ed93,pass,
male,FJ1502M,Left palmaris longus,muscular,2094,1506,"[[0.17961299419403076, 0.8111181855201721, -0.028281299397349358], [0.29061999917030334, 1.1319111585617065, 0.049692001193761826]]",999a9dd68545fc423f4512392e5b7297ea4bae73d526e7be7325fd48c751e538,pass,
male,FJ1503,Right pronator quadratus,muscular,1724,1284,"[[-0.2717680037021637, 0.8985661864280701, 0.002552000107243657], [-0.22630999982357025, 0.9485672116279602, 0.026180999353528023]]",3380ee617939f013f3f452026eaaf2e2a436cc6a1d96843166657c1796ae2f7a,pass,
male,FJ1503M,Left pronator quadratus,muscular,1737,1292,"[[0.22630999982357025, 0.8985661864280701, 0.0025510000996291637], [0.2717680037021637, 0.9485672116279602, 0.026180999353528023]]",9c9098f68690b758690221481ae9a3ffe7ed7bee2d45fe17862b4b9bff1672a5,pass,
male,FJ1504,Right subscapularis,skeletal,2368,1524,"[[-0.16611699759960175, 1.2732712030410767, -0.09724216908216476], [-0.06318219751119614, 1.4029111862182617, -4.529999932856299e-05]]",514f2c0ce141cb5f6aeb0c594ea98e752cb970bf103cd82de02798b0552c1d24,pass,
male,FJ1504M,Left subscapularis,skeletal,2342,1512,"[[0.06318219751119614, 1.2732712030410767, -0.09724216908216476], [0.16611699759960175, 1.4029111862182617, -4.5000000682193786e-05]]",80bb5ce9599f83fcccf26cd762f11b7fdefdb6e3267962f21b1ad3c49e4915ce,pass,
male,FJ1505,Right supinator,muscular,1229,1266,"[[-0.2540940046310425, 1.0106451511383057, -0.043739400804042816], [-0.2223609983921051, 1.134491205215454, -0.009451200254261494]]",cf896e844a594700b11e9cb27409db8136d36de2a8b6bd30a74fda49d9762f25,pass,
male,FJ1505M,Left supinator,muscular,1253,1282,"[[0.2223609983921051, 1.0106451511383057, -0.043739400804042816], [0.2540949881076813, 1.134491205215454, -0.009451200254261494]]",9d6d55db7d07f55908eb4193ad2de5fbf9d1514da514f9072e463b04bf254cb1,pass,
male,FJ1506,Right supraspinatus,muscular,622,564,"[[-0.18844300508499146, 1.3854511976242065, -0.08703870326280594], [-0.06387600302696228, 1.42047119140625, -0.00809870008379221]]",ca970d8f23dbf00850574fe841effc76eb0f992e78a173284165d276e1a699d3,pass,
male,FJ1506M,Left supraspinatus,muscular,627,564,"[[0.06387600302696228, 1.3854511976242065, -0.08703870326280594], [0.18844300508499146, 1.4204812049865723, -0.00809870008379221]]",25e0e9ea041c9eaef5ae8e9d434cf35e9a0c96102835e128d327f34b86621ed8,pass,
male,FJ1507,Right teres major,muscular,775,700,"[[-0.1722089946269989, 1.26776123046875, -0.10155565291643143], [-0.08632399886846542, 1.3634612560272217, -0.020443100482225418]]",4b49da5cfb586ac51acf24cfc388a0aeb0e3c54b2d9d45e5f89764967635c7de,pass,
male,FJ1507M,Left teres major,muscular,783,702,"[[0.08632399886846542, 1.26776123046875, -0.10155565291643143], [0.1722089946269989, 1.3634612560272217, -0.020443100482225418]]",8882a314338af39e445a06bbffca10a02eb2b423a5ddd4d6706ec88cea051577,pass,
male,FJ1508,Right teres minor,muscular,316,372,"[[-0.19055399298667908, 1.2986712455749512, -0.08759380131959915], [-0.10540899634361267, 1.395031213760376, -0.019689399749040604]]",67fef62a7f2fc6d530deff153822318e95a280c9afde02b5956613e9381ec68f,pass,
male,FJ1508M,Left teres minor,muscular,307,364,"[[0.10540899634361267, 1.2986712455749512, -0.08759380131959915], [0.19055500626564026, 1.395031213760376, -0.019689399749040604]]",81eb8ab48804415b664d0e2eb5f197d147f50bc82372e6d69281b39a9ea729e1,pass,
male,FJ1509,Set of dorsal interossei of right hand,muscular,2817,1792,"[[-0.2969509959220886, 0.7947921752929688, 0.019123999401926994], [-0.23525099456310272, 0.8636661767959595, 0.04486199840903282]]",0eb6291deb96b60191c6025e190d9de40b79b5be4e01157f75e1d6a9b7a3ba42,pass,
male,FJ1509M,Set of dorsal interossei of left hand,muscular,2807,1788,"[[0.23525099456310272, 0.7947921752929688, 0.019123999401926994], [0.2969509959220886, 0.8636661767959595, 0.04486199840903282]]",226676756406de017166996e8a5b6c285689d05f6a658e440edec05f95cc45a5,pass,
male,FJ1510,Set of lumbricals of right hand,muscular,2144,1640,"[[-0.30003800988197327, 0.7629932165145874, 0.026914000511169434], [-0.2241699993610382, 0.8530191779136658, 0.058278001844882965]]",01f5b29d49bf09af53d91743ae23ad72d7648f6c1f1a5ef7201911cb52bd8d59,pass,
male,FJ1510M,Set of lumbricals of left hand,muscular,2140,1640,"[[0.2241699993610382, 0.7629932165145874, 0.026914000511169434], [0.30003800988197327, 0.8530191779136658, 0.058278001844882965]]",23338abebd5d3ac549c9267d44b54c33df3d8fff51529709f013226fbbaa42bd,pass,
male,FJ1511,Set of palmar interossei of right hand,muscular,976,738,"[[-0.2814689874649048, 0.7941582202911377, 0.02432199940085411], [-0.2342749983072281, 0.8451871871948242, 0.046473000198602676]]",c5dfa48662a8382384a3c2f5cb1acf8608fa9aa2d4e659d69d876d79fe801ce3,pass,
male,FJ1511M,Set of palmar interossei of left hand,muscular,982,740,"[[0.2342749983072281, 0.7941582202911377, 0.02432199940085411], [0.2814689874649048, 0.8451871871948242, 0.046473000198602676]]",95456e656caa65d26f3b94843130d16759bb566ab4645f8189598556850f7c9e,pass,
male,FJ1512,Short head of right biceps brachii,muscular,1035,804,"[[-0.2123900055885315, 1.1433311700820923, -0.02388479933142662], [-0.13598600029945374, 1.4057412147521973, 0.009100999683141708]]",22d7aa66da5c44ca981cb7c1bfe66a830b8f67389be7e29935290699c9d5b171,pass,
male,FJ1512M,Short head of left biceps brachii,muscular,1032,816,"[[0.13598600029945374, 1.1433311700820923, -0.02388479933142662], [0.2123900055885315, 1.4057412147521973, 0.009101999923586845]]",7995ae89dbdf657bf1627643207bf2630eb38337ae10485820321e4318d61690,pass,
male,FJ1513,Spinal part of right deltoid,muscular,1063,1028,"[[-0.2190849930047989, 1.2658611536026, -0.09727487713098526], [-0.08312900364398956, 1.417951226234436, -0.020747000351548195]]",0094daea858aed7d0245f9ce33a057aab057f2e27fce7ada8fee12dd80f532d8,pass,
male,FJ1513M,Spinal part of left deltoid,muscular,1078,1046,"[[0.08312900364398956, 1.2658611536026, -0.09727487713098526], [0.21908600628376007, 1.417951226234436, -0.020747000351548195]]",c0229188f9c9fc507ed9c0d76fbf0c10585df30ecfc670209edd7f7e8addc769,pass,
male,FJ1514,Superficial head of right flexor pollicis brevis,muscular,786,540,"[[-0.30196699500083923, 0.8450542092323303, 0.03663700073957443], [-0.2598409950733185, 0.8748592138290405, 0.05420200154185295]]",8df6fb06969d0571eaa4c74c22f1d6770cf49e77fab6695fbaf77ee0e0f849e9,pass,
male,FJ1514M,Superficial head of left flexor pollicis brevis,muscular,786,540,"[[0.2598409950733185, 0.8450542092323303, 0.03663700073957443], [0.30196699500083923, 0.8748582005500793, 0.05420200154185295]]",db17fdc848c8d2ab912d7d841cc876281acfb4dd05383165edfaccb78013e50e,pass,
male,FJ1515,Transverse head of right adductor pollicis,muscular,535,582,"[[-0.2997649908065796, 0.8167452216148376, 0.02420799992978573], [-0.25863900780677795, 0.8548172116279602, 0.04672100022435188]]",7afd2513175a6d25e01ea54bdad12342b70b8d826c010d90134eddc4f5c9101d,pass,
male,FJ1515M,Transverse head of left adductor pollicis,muscular,537,582,"[[0.25863900780677795, 0.8167452216148376, 0.02420799992978573], [0.2997649908065796, 0.8548172116279602, 0.04672100022435188]]",d1e5a688359172e64c0011a7419c236ada10378177fbb3490a821e45467c48c5,pass,
male,FJ1516,Ulnar head of right pronator teres,muscular,486,542,"[[-0.2563140094280243, 1.0061031579971313, -0.025940900668501854], [-0.20426499843597412, 1.1015411615371704, -0.001617699977941811]]",47196df6d3cb87e659c08c4f2313f1b9696f158cf82ce359fb5fc7df4abbaaab,pass,
male,FJ1516M,Ulnar head of left pronator teres,muscular,489,548,"[[0.20426499843597412, 1.0061031579971313, -0.025940900668501854], [0.2563140094280243, 1.1015411615371704, -0.001617699977941811]]",7ce924156667b85d448f4f1b7a69995f0e548038a76a680eca2219f1d3ab949a,pass,
male,FJ1517,Right extensor carpi ulnaris,muscular,662,504,"[[-0.23714500665664673, 0.8548212051391602, -0.0340317003428936], [-0.22030599415302277, 1.037634253501892, 0.024102000519633293]]",b4268553fb56289b510dd6ef5d315a4981bb3f12bb2624abaff11b73893fb201,pass,
male,FJ1517M,Left extensor carpi ulnaris,muscular,666,508,"[[0.22030599415302277, 0.8548212051391602, -0.0340317003428936], [0.23714500665664673, 1.037634253501892, 0.024102000519633293]]",2d5a9b0a07511d8cdea600d244a5ed5a5e3be422cf7c523b3b378157d873fe9f,pass,
male,FJ1518,Ulnar head of right flexor carpi ulnaris,muscular,1262,868,"[[-0.2295140027999878, 0.9085872173309326, -0.052601899951696396], [-0.1894329935312271, 1.1214711666107178, 0.01620200090110302]]",22b1e03ac125fa21c16d796473a342c4cba6d1a23101b5061591f3aeddc18b6e,pass,
male,FJ1518M,Ulnar head of left flexor carpi ulnaris,muscular,1269,868,"[[0.1894329935312271, 0.9085872173309326, -0.052601899951696396], [0.2295140027999878, 1.1214711666107178, 0.01620200090110302]]",c12f7f4d70cc412503de5ac81ad2c022a78f7f15932328ff493f8b7cf61f3b16,pass,
male,FJ1520,Ascending part of right trapezius,muscular,2787,2654,"[[-0.14858600497245789, 1.132121205329895, -0.12454669922590256], [0.0032224298920482397, 1.4210811853408813, -0.05303629860281944]]",9ef4bcd80913b3541a3e45139ddb61c3f8790c6dae0d256a7fe7d67244e19b16,pass,
male,FJ1520M,Ascending part of left trapezius,muscular,2752,2640,"[[-0.0032224298920482397, 1.132121205329895, -0.1245466023683548], [0.14858600497245789, 1.4210811853408813, -0.05303629860281944]]",bd54f6f48725af42640099ee2877601d8a545b248d6b29d338c34dc12872daf4,pass,
male,FJ1521,Descending part of right trapezius,muscular,2394,2618,"[[-0.130840003490448, 1.418701171875, -0.09238652139902115], [0.00348842004314065, 1.5843511819839478, 0.0006600000197067857]]",5390b664b14ba418fc7ff5ed39cef291c7e9490150f12bc9049cb61787575dbb,pass,
male,FJ1521M,Descending part of left trapezius,muscular,2380,2622,"[[-0.00348842004314065, 1.418701171875, -0.09238652139902115], [0.130840003490448, 1.5843511819839478, 0.0006600000197067857]]",eed3d1cebd69d4f3171117d7748bb5d017fd1c5d01fb3c6abc870c700206f860,pass,
male,FJ1522,Right lumbar rotator,muscular,3271,2174,"[[-0.03889689967036247, 1.0138351917266846, -0.06759899854660034], [0.0007452759891748428, 1.178651213645935, -0.027151599526405334]]",64e334b515bd4b877de3a920af71654a17d259d160ace3ead74f79e5f457cada,pass,
male,FJ1522M,Left lumbar rotator,muscular,3271,2174,"[[-0.0007452759891748428, 1.0138351917266846, -0.06759890168905258], [0.03889689967036247, 1.1786612272262573, -0.027151599526405334]]",a9ca56ad024df6792d7981fdffe367755af51c4f9fa267a350cb139440d3dae1,pass,
male,FJ1524,Right cervical rotator,muscular,3487,2252,"[[-0.028517799451947212, 1.437361240386963, -0.05692629888653755], [0.0003893169923685491, 1.5486512184143066, -0.03292519971728325]]",53d995bcd2508dfe74e64216cb8d10e1818867888c0c731db25ecb4d123fb9ff,pass,
male,FJ1524M,Left cervical rotator,muscular,3460,2246,"[[-0.0003893169923685491, 1.437361240386963, -0.05692629888653755], [0.028517799451947212, 1.5486512184143066, -0.03292519971728325]]",f84571bc8df186f228161840b44f82722ce59a86c49ff85298bd77c9585f44f5,pass,
male,FJ1525,thoracic rotator,muscular,5805,3978,"[[-0.030067099258303642, 1.157401204109192, -0.08761580288410187], [0.001484230044297874, 1.4568612575531006, -0.04056679829955101]]",8c938c8b9c68382e928df4c084b67d39a07c9ff5f656f392f97030b6a74e8ffa,pass,
male,FJ1525M,Thoracic rotator,muscular,5814,3966,"[[-0.001484230044297874, 1.157401204109192, -0.08761580288410187], [0.030067099258303642, 1.4568612575531006, -0.04056679829955101]]",872b75a61a19e026b20b8a737ed3d4e818c111519a331416096233faee952d8e,pass,
male,FJ1526,Right iliocostalis cervicis,muscular,988,902,"[[-0.07350599765777588, 1.3178812265396118, -0.0939546525478363], [-0.022359700873494148, 1.497771143913269, -0.019147299230098724]]",1b1cf88e8c5b3c3681519e38cb4d04e61600c52d070ebd279c807f4f6214e809,pass,
male,FJ1526M,Left iliocostalis cervicis,muscular,988,898,"[[0.022359700873494148, 1.3178812265396118, -0.0939546525478363], [0.07350599765777588, 1.497771143913269, -0.019147299230098724]]",d3ddb8bcf1543ecdfb8052544864131ac96cc90db11aacbbc3a7ae3f15d286cb,pass,
male,FJ1527,Right iliocostalis lumborum,muscular,3264,3490,"[[-0.10228300094604492, 0.9081721901893616, -0.10909322649240494], [-0.005232050083577633, 1.3170112371444702, -0.0644323006272316]]",c930aedbca0e9351b23e36b430f106a4d0b80ce3620241b5c771b606a3d215c4,pass,
male,FJ1527M,Left iliocostalis lumborum,muscular,3278,3490,"[[0.005232050083577633, 0.9081721901893616, -0.10909321904182434], [0.10230900347232819, 1.3170112371444702, -0.0644323006272316]]",e7ab9d8b006cb63d335fd8c97086a8d6a54ad23683d5e39fcb9b1b6ec50fe343,pass,
male,FJ1528,Right iliocostalis thoracis,muscular,1684,1844,"[[-0.09201599657535553, 1.1347311735153198, -0.10069636255502701], [-0.0418521985411644, 1.4391212463378906, -0.024636700749397278]]",eddb4551b57c888ad15d71132bbf1fa5f480ac889f5d0661cac33ad1a0326bb3,pass,
male,FJ1528M,Left iliocostalis thoracis,muscular,1703,1844,"[[0.0418521985411644, 1.1347311735153198, -0.10069636255502701], [0.09201599657535553, 1.4391212463378906, -0.024636700749397278]]",7e9eb8861099fcd4af2748032f898cae93c6355b8c9ee577c1515f68a478c182,pass,
male,FJ1532,Right levator scapulae,skeletal,1262,1314,"[[-0.08101010322570801, 1.387451171875, -0.08791270107030869], [-0.021074799820780754, 1.5466711521148682, -0.017606500536203384]]",3877e229a66809aff9dca593db44e576d1cc243e80baf69402065543bce382aa,pass,
male,FJ1532M,Left levator scapulae,skeletal,1285,1316,"[[0.021074799820780754, 1.387451171875, -0.08791270107030869], [0.08101010322570801, 1.5466711521148682, -0.017606500536203384]]",daf0a09e953add673213c8055a09fdc8569a0f9e6296cc3918eb8cb28e36b4e4,pass,
male,FJ1533,Right longissimus capitis,muscular,860,780,"[[-0.0604982003569603, 1.4127511978149414, -0.06484869867563248], [-0.024083400145173073, 1.578011155128479, -0.02107059955596924]]",712fc8d125383072927313a06ee2abab57f2e14985f176f6fbb6b13fc31155e2,pass,
male,FJ1533M,Left longissimus capitis,muscular,867,792,"[[0.024083400145173073, 1.4127511978149414, -0.06484869867563248], [0.0604982003569603, 1.578011155128479, -0.021070700138807297]]",ba9c179936e9178b39da5bd0d968f6b5901dfb63451dbdb7f29e4d39b12f1000,pass,
male,FJ1534,Right longissimus cervicis,muscular,1065,916,"[[-0.0397895984351635, 1.3300012350082397, -0.0869000032544136], [-0.019883999601006508, 1.5257312059402466, -0.020275700837373734]]",e3f24c348d2584bc86c33d3a19041fbfd5396384315f7c08969f240b34b98d09,pass,
male,FJ1534M,Left longissimus cervicis,muscular,1056,912,"[[0.019883999601006508, 1.3300012350082397, -0.0869000032544136], [0.0397895984351635, 1.5257312059402466, -0.020275700837373734]]",8be8f91956324d1066a4cc4919577d43fabc972bfc254577d23eb4c8360bf366,pass,
male,FJ1535,Right longissimus thoracis,muscular,5774,4136,"[[-0.06874159723520279, 0.9271501898765564, -0.10345523804426193], [0.000663053011521697, 1.4485212564468384, -0.02934359945356846]]",07778634e05ca68946c49696eac505b4f6bf4db4ca14ac3ea1670291ab3c30d2,pass,
male,FJ1535M,Left longissimus thoracis,muscular,5816,4176,"[[-0.000663053011521697, 0.9271501898765564, -0.10345523804426193], [0.06874159723520279, 1.4485212564468384, -0.02934359945356846]]",d186e9eaf7fdb45b2f641a08f660fbcd04ae7fabdc32ef6ff2e9f25d97ca032f,pass,
male,FJ1536,Right rhomboid major,muscular,1824,1860,"[[-0.08950360119342804, 1.2663211822509766, -0.10609220713376999], [0.0007761020096950233, 1.4397711753845215, -0.07790189981460571]]",0b26acc1ee7483e4a7e14b98d9e334d0bafdb8eac638af78c673a86120c49594,pass,
male,FJ1536M,Left rhomboid major,muscular,1806,1852,"[[-0.0007761020096950233, 1.2663211822509766, -0.10609220713376999], [0.08950360119342804, 1.4397711753845215, -0.07790189981460571]]",c17f3eae8ec120409bf18a3b5ad6857a229912114edec973702ca6351cea03a2,pass,
male,FJ1537,Right rhomboid minor,muscular,645,746,"[[-0.06170539930462837, 1.358911156654358, -0.09517212957143784], [0.000916049990337342, 1.4656212329864502, -0.06392359733581543]]",669c44079340f854ab6f7ee6824d1c423fff6fc6be7856b1c39099202427eff5,pass,
male,FJ1537M,Left rhomboid minor,muscular,644,742,"[[-0.000916049990337342, 1.358911156654358, -0.09517212957143784], [0.06170539930462837, 1.4656212329864502, -0.06392359733581543]]",ca8358396e137aa5dc68341207553b6364138b92e3fcefec524f62a7043d8a52,pass,
male,FJ1538,Right semispinalis capitis,muscular,2307,1336,"[[-0.04350470006465912, 1.4533312320709229, -0.08539319783449173], [-0.0034000000450760126, 1.5727812051773071, -0.031226899474859238]]",3835c5352778a61e9cdb70a8f8b1ecbccf04bb7bcbed2715162f597e1258912a,pass,
male,FJ1538M,Left semispinalis capitis,muscular,2315,1340,"[[0.0034000000450760126, 1.4533312320709229, -0.08539319783449173], [0.04350470006465912, 1.5727812051773071, -0.031226899474859238]]",e2b2baeffa481e9d35d5d9a4a295c714b7137151f40c77fb31d3762e112ce374,pass,
male,FJ1539,Right semispinalis cervicis,muscular,1712,1402,"[[-0.029657499864697456, 1.3594112396240234, -0.08138690143823624], [0.0009223920060321689, 1.5080112218856812, -0.03544199839234352]]",9653c50b9dbf888169acc2198d233e7c1674902863eafab0359b2077f4f6f90e,pass,
male,FJ1539M,Left semispinalis cervicis,muscular,1701,1390,"[[-0.0009223920060321689, 1.3594112396240234, -0.08138690143823624], [0.029657499864697456, 1.5080112218856812, -0.03544199839234352]]",de32b83aa3b75e20683858662eb0195e5a7cdcff194a9ca6cad56d92ffa0a872,pass,
male,FJ1540,Right semispinalis thoracis,muscular,2272,1690,"[[-0.03290979936718941, 1.1601811647415161, -0.09776455163955688], [0.001001319964416325, 1.4363012313842773, -0.05579390004277229]]",fde2795b66ce799cd3d2f452b3541f4cde7a5df0f4bdf6a50d572b3469164276,pass,
male,FJ1540M,Left semispinalis thoracis,muscular,2301,1718,"[[-0.001001319964416325, 1.1601811647415161, -0.09779133647680283], [0.03290979936718941, 1.4363012313842773, -0.05579390004277229]]",aef798f22d11b2efdb029a0ec52d118fe09e7e4298ae28aa3e6b796b29805e0f,pass,
male,FJ1541,Right serratus posterior inferior,muscular,3285,3832,"[[-0.1062380000948906, 1.047626256942749, -0.0987190306186676], [0.002451069885864854, 1.2101311683654785, -0.05768429860472679]]",786e36663bd6b449f746de5743613f741632eecc799017c48d647ae31261452f,pass,
male,FJ1541M,Left serratus posterior inferior,muscular,3263,3830,"[[-0.002451069885864854, 1.047626256942749, -0.098719023168087], [0.1062380000948906, 1.2101311683654785, -0.05768429860472679]]",5a92071c31e2072ad82670bc94726e81220746b4ee32480afbd89bd3ee86c45c,pass,
male,FJ1542,Right serratus posterior superior,muscular,2778,3042,"[[-0.10314100235700607, 1.3324811458587646, -0.09092660248279572], [0.0006504139746539295, 1.4635812044143677, -0.026311000809073448]]",aae64be86fed276396cc0f75f532b42c071fbddbffc5b9e21507d1437fb484c1,pass,
male,FJ1542M,Left serratus posterior superior,muscular,2765,3066,"[[-0.0006504139746539295, 1.3324811458587646, -0.09092660248279572], [0.10314100235700607, 1.4635812044143677, -0.026311000809073448]]",027674352d3c8f977e504e01a44171b84a36756160e033a95039fc248374ad23,pass,
male,FJ1543,spinalis,muscular,787,672,"[[-0.007961399853229523, 1.4073212146759033, -0.08774629980325699], [-7.730670040473342e-05, 1.51353120803833, -0.05654750019311905]]",f392624ef9c6acf2613547559cd3beed997b51aaec5d34094ab4f2acab42b825,pass,
male,FJ1543M,Spinalis,muscular,792,680,"[[7.730670040473342e-05, 1.4073212146759033, -0.08774629980325699], [0.007961399853229523, 1.51353120803833, -0.05654750019311905]]",6abc2f944a5364d3b51244e24b102c0e3ac92a00aefca6070282123bb8614efa,pass,
male,FJ1544,Right spinalis thoracis,muscular,2063,1632,"[[-0.01180769968777895, 1.0523501634597778, -0.10253558307886124], [0.0023039199877530336, 1.4124811887741089, -0.056101199239492416]]",cb29487b34e299d1e9798b382c589d6407f515ad6f8df8e0572e4b5f44a392ef,pass,
male,FJ1544M,Left spinalis thoracis,muscular,2048,1632,"[[-0.0023039199877530336, 1.0523501634597778, -0.10253558307886124], [0.01180769968777895, 1.4124811887741089, -0.056101199239492416]]",b6c046978980dc99ed3a36a19a89bf36a883489b7db7039f5ca5f6637a8aae7c,pass,
male,FJ1545,Right splenius capitis,muscular,1448,1716,"[[-0.06083890050649643, 1.3634612560272217, -0.10206776857376099], [0.002587829949334264, 1.577161192893982, -0.0280774999409914]]",f3d4a4ad374a7efe0982bfb9b586ae6856c60abb879d54919633b300e7512a6b,pass,
male,FJ1545M,Left splenius capitis,muscular,1432,1716,"[[-0.002587829949334264, 1.3634612560272217, -0.10206778347492218], [0.06083890050649643, 1.577161192893982, -0.027988800778985023]]",8bbc71e8d1830faa8755128049dda03f8e7085ead9a4abf55c98431ebf0ce25c,pass,
male,FJ1546,Right splenius cervicis,muscular,1635,1376,"[[-0.041120998561382294, 1.2953011989593506, -0.10460905730724335], [0.001586379949003458, 1.5495011806488037, -0.022830400615930557]]",c2a1812070906c1840b7ad8132a17a306627159fbcf0a86a4adf4750fd16b462,pass,
male,FJ1546M,Left splenius cervicis,muscular,1624,1376,"[[-0.001586379949003458, 1.2953011989593506, -0.10460905730724335], [0.04117390140891075, 1.5495011806488037, -0.022830400615930557]]",af1f55021f0cf2a26b9f2df5d6fa53a22a172fa2c8a565ef20a76f65e03c2686,pass,
male,FJ1547,lateral lumbar intertransversarius,muscular,1089,762,"[[-0.04688519984483719, 1.0201421976089478, -0.05894169956445694], [-0.018726099282503128, 1.1617012023925781, -0.02911509945988655]]",6914aa0d4c1841157b30a5ca13232d45a6e5cdf8986dd35fd9a1210df787578b,pass,
male,FJ1547M,Lateral lumbar intertransversarius,muscular,1092,762,"[[0.018726099282503128, 1.0201421976089478, -0.05894169956445694], [0.04688519984483719, 1.1617012023925781, -0.02911509945988655]]",323fbc2f17a45be41aaf3f69eb618533202972632a099ffc163270a68054fe5e,pass,
male,FJ1548,medial lumbar intertransversarius,muscular,773,736,"[[-0.046399299055337906, 1.016849160194397, -0.042900800704956055], [-0.020975200459361076, 1.1292412281036377, -0.027118999511003494]]",4e5ee060d5aee0f93ec0ceabed1fc7ade7f92bdef3a342b5c392abc258b02bf1,pass,
male,FJ1548M,Medial lumbar intertransversarius,muscular,770,734,"[[0.020975200459361076, 1.016849160194397, -0.042900800704956055], [0.046399299055337906, 1.1292412281036377, -0.027118999511003494]]",40b94971d04bf1d086c566ed0944eb189047e81127566bf7b2bcb84e17b580a2,pass,
male,FJ1549,set of anterior cervical intertransversarii,muscular,718,620,"[[-0.037601299583911896, 1.4533412456512451, -0.026986900717020035], [-0.015500999987125397, 1.549321174621582, -0.013938000425696373]]",793c7b1389d2d9a241665362949074d2f8502e95b6f0185e568648fb78fb1a3a,pass,
male,FJ1549M,Set of anterior cervical intertransversarii,muscular,717,626,"[[0.015500999987125397, 1.4533412456512451, -0.026986900717020035], [0.037601299583911896, 1.549321174621582, -0.013937899842858315]]",1eb005c139b87283f1743e2422f4a210f445e6783620879e8c01024029fb34e8,pass,
male,FJ1550,set of interspinales lumborum,muscular,594,464,"[[-0.004581649787724018, 1.0130552053451538, -0.06716939806938171], [0.00113927002530545, 1.1044511795043945, -0.057414498180150986]]",3957ef82d8111430c543a4078a6d36bb04a298ddfc4c47a30afb0389ddc035e9,pass,
male,FJ1550M,Set of interspinales lumborum,muscular,589,464,"[[-0.00113927002530545, 1.0130552053451538, -0.06716939806938171], [0.004581649787724018, 1.1044511795043945, -0.057414498180150986]]",eac81f7ab0842c58449fef253e121a285a3f23f2a510a7255745f69a04ce2513,pass,
male,FJ1551,Right interspinalis thoracis,muscular,374,312,"[[-0.006395500153303146, 1.3846712112426758, -0.09432000666856766], [0.0003853210073430091, 1.4282112121582031, -0.07694300264120102]]",915da2dd0fd7c089a54c6d02615e7c9671a9e47ab841cbab15b107375c706cc3,pass,
male,FJ1551M,Left interspinalis thoracis,muscular,372,312,"[[-0.0003853210073430091, 1.3846712112426758, -0.09432000666856766], [0.006395500153303146, 1.4282112121582031, -0.07694300264120102]]",a698ac8c2824015364859f6ea3e307d52ceae94ffacdcdbab3333ffd518d67f8,pass,
male,FJ1552,set of interspinales cervicis,muscular,748,626,"[[-0.0071168201975524426, 1.4511711597442627, -0.07169389724731445], [0.0006865480099804699, 1.5450011491775513, -0.05221489816904068]]",7ff2a65a20ff846fd39e3d46f8fd3aa8257eb74160c3911e8bece2ae986a5944,pass,
male,FJ1552M,Set of interspinales cervicis,muscular,772,640,"[[-0.0006865480099804699, 1.4511611461639404, -0.0717129036784172], [0.0071168201975524426, 1.5450011491775513, -0.05221489816904068]]",affae851ff6231d2ed24a97bff50126c186dc1ee3fb12f80c7594a69a8f2832c,pass,
male,FJ1553,set of posterior cervical intertransversarii,muscular,773,654,"[[-0.03972870111465454, 1.4597711563110352, -0.03173480182886124], [-0.021405600011348724, 1.546391248703003, -0.020341500639915466]]",4cba41dd368cc09d0b177eeed3d163c25cdc0241f7285f950bd8d2c8c8a24bc3,pass,
male,FJ1553M,Set of posterior cervical intertransversarii,muscular,777,664,"[[0.021405600011348724, 1.4597711563110352, -0.03173480182886124], [0.03972870111465454, 1.546391248703003, -0.020341500639915466]]",7c9ab11c3af5f46d9d318a76f03ca13bce4699cba26c6ae5e83c4d1901e596f9,pass,
male,FJ1554,Transverse part of right trapezius,muscular,1989,1960,"[[-0.16324199736118317, 1.3817311525344849, -0.11047309637069702], [0.003872710047289729, 1.4600712060928345, -0.0303460992872715]]",d356e1a38260dba6c5319c4ead8bc972d68c25ac19f66405291a7f20bc7451fb,pass,
male,FJ1554M,Transverse part of left trapezius,muscular,1981,1962,"[[-0.003872710047289729, 1.3817411661148071, -0.11047309637069702], [0.16324199736118317, 1.4600712060928345, -0.0303460992872715]]",d830809d2e488fc7be9bf7eb90b6e170ad037a85ec6ef5d707db2a5f698edb7c,pass,
male,FJ1555,Left digastric,muscular,294,436,"[[0.002533690072596073, 1.5073511600494385, 0.02387700043618679], [0.012363100424408913, 1.5120211839675903, 0.0584539994597435]]",d14b8715fec5df5e5f446194e656c0a66b7de548d357192e863bb036e310e6c9,pass,
male,FJ1556,Right digastric,muscular,334,464,"[[-0.015276099555194378, 1.5079412460327148, 0.02399200014770031], [-0.003832039888948202, 1.5140712261199951, 0.058504000306129456]]",40b3f33daa7502be53f255e40fd341fff6d8388f5da9f1395bb52d2f0c2c3a45,pass,
male,FJ1557,Inferior oblique part of left longus colli,muscular,335,498,"[[0.0022043900098651648, 1.3898911476135254, -0.03078320063650608], [0.023623699322342873, 1.4694812297821045, -0.00986579991877079]]",d0ce33e716c05f3a0a6a89c26bdd4124fde9ae5ab0540502fe21b16ba72963b0,pass,
male,FJ1558,Left platysma,muscular,2097,3500,"[[-0.0003766370064113289, 1.39755117893219, -0.05018860101699829], [0.1456799954175949, 1.5461912155151367, 0.07351300120353699]]",054f6fb1aaa56a1005d9215219c2ba44d59e081ac36550bee7f587d22c3d8a4e,pass,
male,FJ1559,Left geniohyoid,muscular,277,470,"[[-0.0005399539950303733, 1.5011712312698364, 0.020963000133633614], [0.007020569872111082, 1.5149911642074585, 0.060224998742341995]]",8d7574e4287fec9238583dba067f8d9fd12de0555c0d78a6721073fdca88fb69,pass,
male,FJ1560,Left digastric,muscular,361,380,"[[0.008035670034587383, 1.5067112445831299, 0.02030099928379059], [0.01425699982792139, 1.5146912336349487, 0.026820000261068344]]",762a92659346cb3b54f6a255afba2e968b7c47636664c865b943af893c7728db,pass,
male,FJ1561,Left longus capitis,muscular,629,856,"[[0.0010378200095146894, 1.4638111591339111, -0.022670799866318703], [0.025480899959802628, 1.5747512578964233, -0.004951400216668844]]",6d20849150565ae67c94d26e23299c5337d71402f55ee98464423b40cd63f885,pass,
male,FJ1562,Left mylohyoid,muscular,896,1278,"[[-0.0006488889921456575, 1.5097311735153198, 0.0221950002014637], [0.025460900738835335, 1.5339912176132202, 0.058807000517845154]]",5357a99a01b6f33827bbb3ab1f995bbcb6aacbb7bc0da58cd9bd360d96d61950,pass,
male,FJ1563,Left obliquus capitis inferior,muscular,506,684,"[[0.000606783025432378, 1.5140211582183838, -0.062380898743867874], [0.04257040098309517, 1.5469712018966675, -0.02680090069770813]]",5dd715ecd5051c4b362e44136b33b8128e7e02618f1ed22ce188b6ad6a179f54,pass,
male,FJ1564,Left obliquus capitis superior,muscular,1160,948,"[[0.029069799929857254, 1.5451111793518066, -0.07951319962739944], [0.04279100149869919, 1.5697011947631836, -0.0291897002607584]]",b6d2b91ec2b259fa48d71987a6cd6bcf1957739275ccb266cfe9f7d4056c72aa,pass,
male,FJ1565,Left omohyoid,muscular,893,1178,"[[0.011320900171995163, 1.3960511684417725, -0.07354830205440521], [0.10451000183820724, 1.5053411722183228, 0.022259000688791275]]",8d32838b5a788debe51a9a7593aefe1175ffb91c3fc344b864ed38d640dab29a,pass,
male,FJ1566,Left rectus capitis anterior,muscular,550,644,"[[0.002030010102316737, 1.5497711896896362, -0.022600699216127396], [0.027686500921845436, 1.5713812112808228, -0.0123046999797225]]",e88d506b026b313e479aefeadc1fee0a91e0485f922cab8074532d33688582b7,pass,
male,FJ1567,Left rectus capitis posterior major,muscular,682,926,"[[0.00018306300626136363, 1.5187112092971802, -0.07542689889669418], [0.036396101117134094, 1.5666712522506714, -0.04956290125846863]]",24772a986618a13fcf2531c80436122485259aae75bc92fc798d37fc19d4d05e,pass,
male,FJ1568,Left rectus capitis posterior minor,muscular,607,710,"[[-3.412699879845604e-05, 1.5434812307357788, -0.08268850296735764], [0.02418689988553524, 1.5703212022781372, -0.05690860003232956]]",d9d77fa9310171dec490c195810cfb198c29cead351aa475f24faa694b4d90e9,pass,
male,FJ1569,Left rectus capitis lateralis,muscular,544,622,"[[0.02597769908607006, 1.5446511507034302, -0.0383354015648365], [0.04003319889307022, 1.5677212476730347, -0.022468099370598793]]",8615cf1c26ea01df188b877c19b1c36f56c221e920a61f2866eb5cd43dacd341,pass,
male,FJ1570,Left scalenus anterior,muscular,663,784,"[[0.021012499928474426, 1.412391185760498, -0.02111390046775341], [0.05489899963140488, 1.4990712404251099, -0.0031703999266028404]]",07aa1b86de20501c27695317091683aa7228a584fc483cb80c26cd1a21c9f7bc,pass,
male,FJ1571,Left scalenus medius,muscular,1288,1266,"[[0.020902099087834358, 1.4213311672210693, -0.028635699301958084], [0.054277900606393814, 1.5267212390899658, -0.013992199674248695]]",4b27d978452597eea91cc71260a4d9ce4253d9d7cbea7d1520374443f1e53a3c,pass,
male,FJ1572,Left scalenus posterior,muscular,985,1170,"[[0.023622099310159683, 1.4194811582565308, -0.043924398720264435], [0.07275430113077164, 1.4810712337493896, -0.01856759935617447]]",f306fb57d389dcb3220c31bacec41f475df39db2ac11fb1b5f824507ea78f3eb,pass,
male,FJ1573,Left sternocleidomastoid,muscular,1825,2248,"[[0.0005796630284748971, 1.3801112174987793, -0.06253620237112045], [0.061665501445531845, 1.5811312198638916, 0.05680600181221962]]",46f2086d1b636bbcf60258bc03b22c28dda660d7a67fc1540dde1de56c9ee35c,pass,
male,FJ1574,Left sternohyoid,muscular,581,804,"[[0.00248157000169158, 1.3915811777114868, 0.007890000008046627], [0.024992700666189194, 1.5071512460708618, 0.03763199970126152]]",c8889ec712a02ac9791ab521291622b8eeabc19421fba2118632962b9294b4ec,pass,
male,FJ1575,Left sternothyroid,muscular,473,574,"[[0.0026238199789077044, 1.3799412250518799, -0.0033553000539541245], [0.021634599193930626, 1.4936212301254272, 0.041133999824523926]]",48ae86fd397a48886439c3b6030f53311d514ca52d07f5c7f5a87bc65aca03ef,pass,
male,FJ1576,Left stylohyoid,muscular,513,596,"[[0.00903237983584404, 1.5077011585235596, -0.015051200054585934], [0.039335500448942184, 1.5681312084197998, 0.02426999993622303]]",3b413d9ce2f0adc3a36aace025c52c287304e72e9d757e577023ed3d8c2c8cea,pass,
male,FJ1577,Left thyrohyoid,muscular,639,904,"[[0.006477029994130135, 1.4760812520980835, -0.0031661000102758408], [0.018758699297904968, 1.5069211721420288, 0.02310599945485592]]",dbb6c7a0872b0ba240147de12649a656ffc677796458d093e843ecc468a106f9,pass,
male,FJ1578,Left digastric,muscular,584,762,"[[0.010873000137507915, 1.5101412534713745, -0.03378799930214882], [0.05620159953832626, 1.5731512308120728, 0.02548299916088581]]",b55d027ccf7c6c77da27b2ef70f134622f7282dafcc00ba55492cbdbe2fbbb75,pass,
male,FJ1579,Right digastric,muscular,725,886,"[[-0.057610899209976196, 1.5114011764526367, -0.03381659835577011], [-0.012247500009834766, 1.5732011795043945, 0.027210000902414322]]",34e51c9314984728dfab59949a9ca25ff10a67ecbaec15dbb9f4d03b0bfe7e7b,pass,
male,FJ1580,Right geniohyoid,muscular,255,452,"[[-0.00834210030734539, 1.5011612176895142, 0.02107900008559227], [-0.000738787988666445, 1.515011191368103, 0.060238998383283615]]",f2a41ae2e60198dac4a767fcec6d6a1dd3c5168c4b71826b4a43686c955e282e,pass,
male,FJ1581,Right intermediate tendon,connective,390,448,"[[-0.015597299672663212, 1.5067311525344849, 0.020222999155521393], [-0.009327990002930164, 1.514661192893982, 0.026791999116539955]]",9187b9dd6527a46cf4150150715d206573ce6eb5885a33cd04dfa9aef95bf75d,pass,
male,FJ1582,Right longus capitis,muscular,777,938,"[[-0.026782000437378883, 1.4637912511825562, -0.022804399952292442], [-0.0025007000658661127, 1.5748012065887451, -0.005050600040704012]]",58145c09a120e1ba70ec0d1c68945f1245d4dad1b375c2cd855c9b9e982a135a,pass,
male,FJ1583,Right mylohyoid,muscular,923,1334,"[[-0.026749100536108017, 1.5098211765289307, 0.0221950002014637], [-0.0006329090101644397, 1.5339912176132202, 0.058761999011039734]]",51b723ab7a56e8583ea40ca8bfee2ea610638ea2eb4e2fa90959b1385c5e1a73,pass,
male,FJ1584,Right obliquus capitis inferior,muscular,513,710,"[[-0.04046589881181717, 1.514471173286438, -0.06301090121269226], [-0.0016132399905472994, 1.5483611822128296, -0.025843599811196327]]",42149b37503585f44b63020890678c122966bed986d513925b4cf37749e12a70,pass,
male,FJ1585,Right obliquus capitis superior,muscular,1272,958,"[[-0.04302309826016426, 1.5467811822891235, -0.07951819896697998], [-0.029124200344085693, 1.5697212219238281, -0.028712699189782143]]",b89200422e3c4305c4aa42763319af63c8c21c5c7133d3001bcc4733b294c04a,pass,
male,FJ1586,Right omohyoid,muscular,1035,1270,"[[-0.10586400330066681, 1.3959811925888062, -0.0736078992486], [-0.012741399928927422, 1.5053411722183228, 0.02221599966287613]]",6748188b0339453aaccb8daba3379d85cc6a90ce57dbff65c4e4b7d4d2224c72,pass,
male,FJ1587,Right platysma,muscular,2504,3914,"[[-0.1470949947834015, 1.39755117893219, -0.05015980079770088], [0.0026498499792069197, 1.5462511777877808, 0.0735350027680397]]",d583accd79bcc889a7a9ec6f81698b5b28e713fafe614540e6ff8bfe0e8c9bce,pass,
male,FJ1588,Right rectus capitis anterior,muscular,557,506,"[[-0.028919799253344536, 1.5505411624908447, -0.021926099434494972], [0.020023299381136894, 1.5714912414550781, -0.012318899855017662]]",206114add54e2a2dccb9fb16ace29fd0aad791a55fdd8fca552e5c153dc266f3,pass,
male,FJ1589,Right rectus capitis posterior major,muscular,757,1002,"[[-0.03649879992008209, 1.519051194190979, -0.07542689889669418], [0.0005126959877088666, 1.5666911602020264, -0.04951440170407295]]",c6a4846702cc6376e70541054c862e58467bbdf56179ce32263ab54470a206fd,pass,
male,FJ1590,Right rectus capitis posterior minor,muscular,682,770,"[[-0.024278299883008003, 1.5434211492538452, -0.08268649876117706], [-0.0004010290140286088, 1.570311188697815, -0.055439598858356476]]",e93a77d75223f382edd288b0944dd722d8f9043749fd354021be8dfda3f0720c,pass,
male,FJ1591,Right rectus capitis lateralis,muscular,481,552,"[[-0.04124949872493744, 1.5462212562561035, -0.03830479830503464], [-0.028193999081850052, 1.5677711963653564, -0.022065799683332443]]",b9319fae4bc8edeb85c471f698f159e66572246d3d55f3edc6c7e231666124ae,pass,
male,FJ1592,Right scalenus anterior,muscular,665,792,"[[-0.05631909891963005, 1.4124412536621094, -0.021195799112319946], [-0.022326499223709106, 1.499101161956787, -0.0031942001078277826]]",b57140aa542cade2eee298b0196a2775b02508d8e7097aad8bf8152feeb231ff,pass,
male,FJ1593,Right scalenus medius,muscular,1376,1332,"[[-0.055591098964214325, 1.4212912321090698, -0.028658999130129814], [-0.02214770019054413, 1.5267212390899658, -0.01402289979159832]]",2c543b451a2ed50dda35a12e8afb9af8b846ff465d5f77562ce5dec556f03ced,pass,
male,FJ1594,Right scalenus posterior,muscular,1056,1204,"[[-0.07407210022211075, 1.4194512367248535, -0.043922699987888336], [-0.02489279955625534, 1.4810512065887451, -0.018580399453639984]]",4868a357b3d600b7e5eb3612a580251f068cf8d450ce2fd68c2e191e6eb7077a,pass,
male,FJ1595,Right sternocleidomastoid,muscular,2166,2274,"[[-0.06304000318050385, 1.3800811767578125, -0.06274610012769699], [0.061404999345541, 1.581301212310791, 0.05690699815750122]]",0882f38467bce3b77fe0b1b590fb0dbe8c6a434f817322a1093366588343cc48,pass,
male,FJ1596,Right sternohyoid,muscular,702,918,"[[-0.026221200823783875, 1.3915611505508423, 0.007833000272512436], [-0.0037619099020957947, 1.5071412324905396, 0.037780001759529114]]",8d12e91888b7431bea47608da796131785eb5ace157655cba059afa367e64770,pass,
male,FJ1597,Right sternothyroid,muscular,497,620,"[[-0.02295299991965294, 1.379911184310913, -0.0034348000772297382], [-0.003894269932061434, 1.4938411712646484, 0.04124300181865692]]",1caed4e4550f9438bb7eebf6941f951516427cdf48289bebbee808711fe0496c,pass,
male,FJ1598,Right stylohyoid,muscular,454,576,"[[-0.04070809856057167, 1.5077811479568481, -0.015059299767017365], [-0.010294499807059765, 1.5678411722183228, 0.02428000047802925]]",65a13b11dab2cc1dcdd160171c39d000d3f0a85fe1b9676ea6ac188fe6018bc1,pass,
male,FJ1599,Right thyrohyoid,muscular,746,886,"[[-0.02016250044107437, 1.476061224937439, -0.0031679999083280563], [0.017524199560284615, 1.506931185722351, 0.023118000477552414]]",246e0e34326acd6f7dd79359b0ac7402c4dba14e785a91ce5c2b1ce2c07731c3,pass,
male,FJ1600,Superior oblique part of left longus colli,muscular,733,950,"[[-0.0005415229825302958, 1.48297119140625, -0.02604679949581623], [0.024698099121451378, 1.5500712394714355, -0.00921459961682558]]",21f9a1633dc62d7ba417eb93b262bbcf8ff1cedda948a414d7764dade7ff131f,pass,
male,FJ1601,Vertical intermediate part of left longus colli,muscular,582,660,"[[-0.0003310409956611693, 1.4117112159729004, -0.024607699364423752], [0.014836899936199188, 1.5493911504745483, -0.008042399771511555]]",d1b0e3ecf2a7c42cb50b5b90d7cd4b30d62527a82c0e59b79c61b1a5cebed7d4,pass,
male,FJ1654,Right anterior cerebral artery,arterial,213,400,"[[-0.015399999916553497, 1.6129812002182007, 0.009003999643027782], [-0.0010987300192937255, 1.6270911693572998, 0.021206999197602272]]",73ef6a4e9337036f99aeda9413f6a21d0356cdc63388363515b81445570402d7,pass,
male,FJ1654M,Left anterior cerebral artery,arterial,213,400,"[[0.0010987300192937255, 1.6129812002182007, 0.00900499988347292], [0.015399999916553497, 1.6270911693572998, 0.021206999197602272]]",4e842bcd76d232764c7bc5e3a2a0eddcdb9bcfb279299200f8405c7491acc89a,pass,
male,FJ1655,Anterior communicating artery,arterial,63,80,"[[-0.0041555301286280155, 1.615111231803894, 0.01153200026601553], [0.0027063998859375715, 1.6164811849594116, 0.013341999612748623]]",c61535e23e2e860aafb7b7153ddf989e960e6070c94b276dbc99ceb0a698abef,pass,
male,FJ1656,anterior inferior cerebellar artery,arterial,440,610,"[[-0.03568819910287857, 1.580221176147461, -0.03886239975690842], [0.0006464369944296777, 1.5899912118911743, -0.010736200027167797]]",e048c448e6d226bc372f7256d3acfc4263da15efe5216a62b0a5437a34e188cf,pass,
male,FJ1656M,Anterior inferior cerebellar artery,arterial,431,604,"[[-0.0006464369944296777, 1.580221176147461, -0.03886239975690842], [0.03568819910287857, 1.5899511575698853, -0.010736100375652313]]",591c3b2d0b8192841e21e1ec94b3a1f973dadac07534d54ab1b6e1c346a02ba9,pass,
male,FJ1657,Right anterior spinal artery,arterial,213,294,"[[-0.014499000273644924, 1.543641209602356, -0.03497380018234253], [0.00042392901377752423, 1.5712711811065674, -0.026628300547599792]]",9f84e44735ee4b3847a2708b40ac7f217a158e2a7c804d8fd7061b43c508d6c7,pass,
male,FJ1657M,Left anterior spinal artery,arterial,213,294,"[[-0.00042392901377752423, 1.543641209602356, -0.03497380018234253], [0.014499000273644924, 1.5712711811065674, -0.026628300547599792]]",bb0909907df90073b7f9382ae14001a3d45c9413254a309b8bbf62b2e74b59fc,pass,
male,FJ1658,Right anterior choroidal artery,arterial,258,288,"[[-0.034033600240945816, 1.6114212274551392, -0.038311999291181564], [-0.011133899912238121, 1.625271201133728, 0.008363000117242336]]",118064a7c1616ece70667bee1d4695d2f95bfd6eec133cbaf10c8ce6402c08d6,pass,
male,FJ1658M,Left anterior choroidal artery,arterial,264,296,"[[0.011133899912238121, 1.6114212274551392, -0.038311999291181564], [0.034033600240945816, 1.625271201133728, 0.008363000117242336]]",6054cf43730dd9f98dcf8e93d30be1ebb406c00deedf37bda08e78b2963fb839,pass,
male,FJ1659,Right anterior temporal artery,arterial,963,990,"[[-0.06829489767551422, 1.5961512327194214, -0.025759799405932426], [-0.04751479998230934, 1.6405712366104126, 0.015782000496983528]]",eb1a6dd12bfdf3ab02f19f9c3183274ee47fe559a8cf7606bbbe2f5c4ee41fee,pass,
male,FJ1659M,Left anterior temporal artery,arterial,966,1000,"[[0.04751479998230934, 1.5961512327194214, -0.025759799405932426], [0.06829489767551422, 1.6405812501907349, 0.015782000496983528]]",243982a04bd0e0b7b935032a6f3ec4cdf74c15db17856ee4df7aaddb07f567cd,pass,
male,FJ1660,Insular part of right middle cerebral artery,arterial,419,834,"[[-0.04334089905023575, 1.6211111545562744, 0.005896999966353178], [-0.0374596007168293, 1.6351412534713745, 0.012186000123620033]]",c6a4570020e54ddad0e7605282a25b900e89edb0d82b4d07eba79609133d040e,pass,
male,FJ1660M,Insular part of left middle cerebral artery,arterial,412,820,"[[0.03745950013399124, 1.6211111545562744, 0.005896000191569328], [0.04334089905023575, 1.6351611614227295, 0.012186000123620033]]",ae7d61179ac42b383aed1cd3b63a286b6d6de97741daee0e0010eaa09b86caad,pass,
male,FJ1661,Anterior temporal branch of right lateral occipital artery,arterial,577,846,"[[-0.057228099554777145, 1.596871256828308, -0.05038969963788986], [-0.01683560013771057, 1.6110211610794067, -0.0013137999922037125]]",92b01aeaca3cce2e984e843586467cb0acced00c56d33696420043ec34a360e4,pass,
male,FJ1661M,Anterior temporal branch of left lateral occipital artery,arterial,585,852,"[[0.01683560013771057, 1.596871256828308, -0.05038969963788986], [0.057228099554777145, 1.610971212387085, -0.0012975999852642417]]",a464b7c55d6964164f1ffd8d6025d63168c9d438a1a9f9fd8ae1ce27a04dcb4f,pass,
male,FJ1662,Anterolateral central branch of right middle cerebral artery,arterial,1245,968,"[[-0.029902400448918343, 1.6142011880874634, -0.023399999365210533], [-0.012385900132358074, 1.650071144104004, 0.018435999751091003]]",8b88a0af87a60973a9f1464d3732cfbeab9c24dbb49c65060971155a22467914,pass,
male,FJ1662M,Anterolateral central branch of left middle cerebral artery,arterial,1243,972,"[[0.012385900132358074, 1.6142011880874634, -0.023399999365210533], [0.029902400448918343, 1.650071144104004, 0.018435999751091003]]",4e740807d2f63286847b859a55daf8d89445bdfb31e0a2bb775af363791b2e9c,pass,
male,FJ1663,Anterolateral central branch of right middle cerebral artery,arterial,361,304,"[[-0.026200000196695328, 1.614131212234497, -0.01605289988219738], [-0.008286439813673496, 1.6320412158966064, 0.008825999684631824]]",c2bfc27df593ee3beae473f12239ecb5c9b3acde3ed15de3cd4d2ce464134de0,pass,
male,FJ1663M,Anterolateral central branch of left middle cerebral artery,arterial,361,302,"[[0.008286439813673496, 1.614131212234497, -0.01605289988219738], [0.026200000196695328, 1.6320412158966064, 0.008825999684631824]]",d9bcc7fffdf71569cd922f5410b06aa1c73c282f3f0e7cd45152b5480fc1a84d,pass,
male,FJ1664,artery of central sulcus,arterial,440,854,"[[-0.06810490041971207, 1.6275311708450317, -0.03134530037641525], [-0.043688900768756866, 1.684041142463684, 0.0023109999019652605]]",99f772f8b98a75c5b6e8e8ec704ad872af7cb5fd1709620cac9b2d020b8d5a18,pass,
male,FJ1664M,Artery of central sulcus,arterial,440,854,"[[0.04366130009293556, 1.6275511980056763, -0.03135630115866661], [0.06810340285301208, 1.684041142463684, 0.0023109999019652605]]",1a799214adac0e8c732f8eabb8253c1489304c8b6afbcd9dba2a3cd9de7eeac7,pass,
male,FJ1665,artery of central sulcus,arterial,407,772,"[[-0.06921839714050293, 1.6412612199783325, -0.05438390001654625], [-0.03826940059661865, 1.6940312385559082, -0.01313090045005083]]",fffc00415a122d77ad6571c5d94d990d385a0b29b58653eb99e4616c5bd4636f,pass,
male,FJ1665M,Artery of central sulcus,arterial,405,772,"[[0.03824149817228317, 1.6412111520767212, -0.05438390001654625], [0.06920880079269409, 1.6939111948013306, -0.013109100051224232]]",a57f62107e40568fbe45affe158d09cc6fe105709a7a258cc191292a2d95e884,pass,
male,FJ1666,Artery of right postcentral sulcus,arterial,326,644,"[[-0.07234320044517517, 1.6438912153244019, -0.05666929855942726], [-0.05070919916033745, 1.681231141090393, -0.025895899161696434]]",2e05913ea32f4e203943d2301a09915b131c4211049c27b07256d5b329bee110,pass,
male,FJ1666M,Artery of left postcentral sulcus,arterial,322,636,"[[0.05070919916033745, 1.6438812017440796, -0.056706298142671585], [0.07234320044517517, 1.6812212467193604, -0.025892000645399094]]",921d7ed856197ad246a2115f436d54d0ead5aff2ebe22a60a18004b512bd4a91,pass,
male,FJ1667,Right anterior parietal artery,arterial,241,472,"[[-0.07112549990415573, 1.6499311923980713, -0.06544549763202667], [-0.03659899905323982, 1.6842612028121948, -0.0385981984436512]]",a6ab86b0b7c05124edc83d942bf2f0de54d621b5f8718e1a77c83299313935aa,pass,
male,FJ1667M,Left anterior parietal artery,arterial,239,468,"[[0.03659899905323982, 1.6499712467193604, -0.06543739885091782], [0.07108210027217865, 1.6842511892318726, -0.03862610086798668]]",2f0a53b4ae2df0255719650a75389346989e196bf2e85d2c88f9a3bae552ea25,pass,
male,FJ1668,Artery of right precentral sulcus,arterial,388,766,"[[-0.06187979876995087, 1.633891224861145, -0.02726450003683567], [-0.032367900013923645, 1.6991411447525024, 0.011886999942362309]]",3040eba300a99c26a3acb1dd478ae6a15522edb88de065773e608972e85bbff2,pass,
male,FJ1668M,Artery of left precentral sulcus,arterial,390,766,"[[0.0323714017868042, 1.633891224861145, -0.02728080004453659], [0.061879899352788925, 1.6991411447525024, 0.011819000355899334]]",6522c78790740a7baf8b16e7a6b3005be92bb96fc84780c05a3c68f38433a065,pass,
male,FJ1669,Artery of right precentral sulcus,arterial,330,652,"[[-0.05823490023612976, 1.6389912366867065, 0.006556000094860792], [-0.04681960120797157, 1.6623011827468872, 0.018546000123023987]]",b39e0f5bc3e02e0b0d4476ef4711c36b700ea15a2c1bb83bc281fa67a984ccdb,pass,
male,FJ1669M,Artery of left precentral sulcus,arterial,337,666,"[[0.046819500625133514, 1.6389912366867065, 0.006554999854415655], [0.05823490023612976, 1.6623011827468872, 0.018546000123023987]]",1d62512bbc87b9f262f9a9203e677531c0123e00a005629e4b219c6d0d6595eb,pass,
male,FJ1670,Artery of right precentral sulcus,arterial,222,430,"[[-0.0618881992995739, 1.6552011966705322, -0.0012767999432981014], [-0.04770589992403984, 1.682021141052246, 0.0035570000763982534]]",7d24c09edf6b7288ead1cddc21e43ab650ab6345e85a2fd3496782d053b72e27,pass,
male,FJ1670M,Artery of left precentral sulcus,arterial,223,432,"[[0.047691598534584045, 1.6551512479782104, -0.0012767999432981014], [0.0618881992995739, 1.682021141052246, 0.0035570000763982534]]",0d1c8b33b5af172d09eefa0b19562b3999c06c74b06521bdb288cedcb51b8ca9,pass,
male,FJ1671,Precuneal branch of right pericallosal artery,arterial,357,338,"[[-0.007592909969389439, 1.663681149482727, -0.044727299362421036], [-7.400639879051596e-05, 1.67155122756958, 0.00954199954867363]]",f0bfc53998d143b47d1189e2518863da6bbfcb5abb05a455fec9c5a2982675c0,pass,
male,FJ1671M,Precuneal branch of left pericallosal artery,arterial,358,334,"[[7.400430331472307e-05, 1.663661241531372, -0.044727299362421036], [0.007592909969389439, 1.6715712547302246, 0.00950700044631958]]",2598764404f413b37e8872b0cbfebe5275fe236ec33afd32fb569e9c97e8dfa5,pass,
male,FJ1672,Basilar artery,arterial,139,260,"[[-0.0021127399522811174, 1.5816612243652344, -0.01565610058605671], [0.0012689200229942799, 1.6099611520767212, -0.0022674999199807644]]",b6f590dc56a946dbdc139f239483ed2092e63eca546d18f69c74441e59f2c604,pass,
male,FJ1673,Branch of right middle cerebral artery to right angular gyrus,arterial,436,778,"[[-0.0642142966389656, 1.6512712240219116, -0.0856224000453949], [-0.040435999631881714, 1.6685411930084229, -0.06076179817318916]]",0ffd068a56efb0ef4e6fe880dd19c4451b353aa094f4ada7d6d192300fb12f0a,pass,
male,FJ1673M,Branch of left middle cerebral artery to left angular gyrus,arterial,419,752,"[[0.040435999631881714, 1.6512712240219116, -0.0855908989906311], [0.06421419978141785, 1.6685411930084229, -0.06076179817318916]]",fec33373f45c209d27790c23e399dca812c2cd778567ccaf11e05685ba9a7c32,pass,
male,FJ1674,Branch of right anterior choroidal artery to posterior limb of right internal capsule,arterial,350,282,"[[-0.03148610144853592, 1.616651177406311, -0.02586900070309639], [-0.019412800669670105, 1.6486011743545532, -0.009349600411951542]]",d4299fc11a9b7baa2a361f956c0c82cd57def42c6f4a64a43925eac6b111674e,pass,
male,FJ1674M,Branch of left anterior choroidal artery to posterior limb of left internal capsule,arterial,348,282,"[[0.019412800669670105, 1.616651177406311, -0.02586900070309639], [0.03148610144853592, 1.6486011743545532, -0.009349600411951542]]",1d68355476c40a2f7b970cd09c890279b37fea8e451e8a9a124bdf606faeb005,pass,
male,FJ1675,Right thalamogeniculate artery,arterial,813,678,"[[-0.02258089929819107, 1.610971212387085, -0.039883099496364594], [-0.0033601499162614346, 1.635971188545227, -0.0017801000503823161]]",2d23c121aec96cfb7c10c64d3f4f8989892cf66f67c384994173377a7726355c,pass,
male,FJ1675M,Left thalamogeniculate artery,arterial,807,672,"[[0.0033601499162614346, 1.610971212387085, -0.039882998913526535], [0.02258089929819107, 1.635971188545227, -0.0017801000503823161]]",20f7884215cdf03085daf7293efad642308fa266a06a75c9d0a65b2363368a44,pass,
male,FJ1676,Right callosomarginal artery,arterial,306,522,"[[-0.005590859800577164, 1.6246612071990967, 0.01879199966788292], [-0.00010322999878553674, 1.6673312187194824, 0.04392300173640251]]",f42bb52d573e9a6cca43c7984f577c810bb182e9291f059e562dbdf5bfb3c538,pass,
male,FJ1676M,Left callosomarginal artery,arterial,308,520,"[[0.00010322999878553674, 1.6246612071990967, 0.01879199966788292], [0.005590859800577164, 1.6673312187194824, 0.043921999633312225]]",9810395674757ea3c2203b264d5e0a965b8c8e02d6c96274a1a3f75636cbf10f,pass,
male,FJ1677,Right splenial artery,arterial,142,262,"[[-0.011515099555253983, 1.616461157798767, -0.04169030115008354], [-0.006019140128046274, 1.6231812238693237, -0.0371238999068737]]",61a2b3e183d20024fe94c9462ee4864c16b8594b04949e3e7ef15059daa27947,pass,
male,FJ1677M,Left splenial artery,arterial,144,262,"[[0.006019140128046274, 1.616461157798767, -0.04169030115008354], [0.011515099555253983, 1.6231812238693237, -0.037123799324035645]]",e8f09d5fa82e78c10ee09859be4b4c44251673365f49a7e0485cfd4bc8e159fe,pass,
male,FJ1678,Right splenial artery,arterial,295,570,"[[-0.006978869903832674, 1.6222312450408936, -0.058304399251937866], [-0.0011794399470090866, 1.6508111953735352, -0.04076259955763817]]",a5af84e606e5299b26a2f83b5ee5cbc6bd2d1473af845da89f7e66f74c617fa1,pass,
male,FJ1678M,Left splenial artery,arterial,306,590,"[[0.0011308100074529648, 1.6222312450408936, -0.058304399251937866], [0.006978869903832674, 1.6508212089538574, -0.04072289913892746]]",9e796412d4fb898294d5b2c7fe03d7aae9b3e8b5212e9d99de40561a9d3a1131,pass,
male,FJ1679,Hypothalamic branch of right posterior communicating artery,arterial,193,156,"[[-0.011355100199580193, 1.608891248703003, 0.00406099995598197], [-0.001382809947244823, 1.6178512573242188, 0.007199999876320362]]",57df16dcb3fb013e0897bb840c32790f5f0b01c1c92275259e405ec148a78286,pass,
male,FJ1679M,Hypothalamic branch of left posterior communicating artery,arterial,195,156,"[[0.001382809947244823, 1.608891248703003, 0.00406099995598197], [0.011354999616742134, 1.6178512573242188, 0.007199999876320362]]",be9cbcabd75dbdb123b34caca7efaeec3c8fdebd1dedb54c17bb2718565800c2,pass,
male,FJ1680,Middle temporal branch of right lateral occipital artery,arterial,332,516,"[[-0.028163999319076538, 1.6005011796951294, -0.08192720264196396], [-0.009785669855773449, 1.6172411441802979, -0.038895800709724426]]",93eaf8cf9966694086b9cb925a3e7be55a6fff269e9884246e3150c64cf3a891,pass,
male,FJ1680M,Middle temporal branch of left lateral occipital artery,arterial,343,528,"[[0.009785669855773449, 1.6005011796951294, -0.08192720264196396], [0.028163999319076538, 1.6172611713409424, -0.038895901292562485]]",9abc9a8c8def77d268490bb0a441dde9bcb0ce2979659408c47f67a071b9b17e,pass,
male,FJ1681,Intermediomedial branch of right callosomarginal artery,arterial,337,562,"[[-0.015123399905860424, 1.6657211780548096, 0.03410499915480614], [-0.0006825629970990121, 1.6895612478256226, 0.04588000103831291]]",a1310c1f92386d0fa6a613481eaa0ee2c39e1b00bb4615a5d3f0953e16294a36,pass,
male,FJ1681M,Intermediomedial branch of left callosomarginal artery,arterial,326,552,"[[0.0006825629970990121, 1.6657211780548096, 0.03409799933433533], [0.015123399905860424, 1.6895612478256226, 0.04588000103831291]]",a45e6521caf997aa14ca836b76bc12c381da56ba64c535b920c77fc55ff079fd,pass,
male,FJ1682,Right internal carotid artery,arterial,220,418,"[[-0.03746519982814789, 1.5126512050628662, -0.005960300099104643], [-0.00998624972999096, 1.6158112287521362, 0.014556000009179115]]",6fb83cf90257d2d67ddc74c123066af1fab7f967995ebb8a7b60a4ad6999ddf2,pass,
male,FJ1682M,Left internal carotid artery,arterial,223,422,"[[0.00998624972999096, 1.5126512050628662, -0.005960199981927872], [0.03746519982814789, 1.6158112287521362, 0.014554999768733978]]",ef6e167693ec46986a071378243d6746e83047aaf3e7d9860d00e4a588b273ef,pass,
male,FJ1683,Lateral branch of right superior cerebellar artery,arterial,593,544,"[[-0.04679130017757416, 1.587861180305481, -0.07945100218057632], [-0.015592900104820728, 1.6068612337112427, -0.02385910041630268]]",dab3549a3b9686d37c961086b090b80531f6636f34e95bfb3eb9a988777e6afb,pass,
male,FJ1683M,Lateral branch of left superior cerebellar artery,arterial,604,550,"[[0.015592900104820728, 1.587861180305481, -0.07945100218057632], [0.04679130017757416, 1.6068612337112427, -0.02385910041630268]]",31af5060a61a7d04d5d30a852e132183c860bf8c8405aa9dc45e110c8fd7350e,pass,
male,FJ1684,Lateral branch of right pontine artery,arterial,481,498,"[[-0.02395699918270111, 1.587301254272461, -0.02659830078482628], [-0.00044151200563646853, 1.5948811769485474, -0.006003200076520443]]",1ff87fc1dd33a460c471597ee2224ceeab5a1b8a84c07d24d05299b9ee0b9ae9,pass,
male,FJ1684M,Lateral branch of left pontine artery,arterial,489,500,"[[0.00044151200563646853, 1.587301254272461, -0.02659830078482628], [0.02395699918270111, 1.5948811769485474, -0.006003300193697214]]",6a1855d3b2730745f5e9a12faa0edfb24c6f3d52f734af024401967b74b67562,pass,
male,FJ1685,Right lateral frontobasal artery,arterial,411,786,"[[-0.04758850112557411, 1.624351143836975, 0.013035999611020088], [-0.02749430015683174, 1.648191213607788, 0.06105700135231018]]",fc6fd7afa6e15b6347ffe3db3ce2455c665c40174f2adba1e02043399d9d82ea,pass,
male,FJ1685M,Left lateral frontobasal artery,arterial,412,786,"[[0.02749430015683174, 1.624351143836975, 0.013035999611020088], [0.04761030152440071, 1.6482411623001099, 0.061051998287439346]]",641aafd9d84503983e4ba3db7adaab35c779c1e931b428a80f08edbaeaa54937,pass,
male,FJ1686,Right lateral frontobasal artery,arterial,157,302,"[[-0.051805198192596436, 1.6311712265014648, 0.018763000145554543], [-0.049587298184633255, 1.6437312364578247, 0.04659600183367729]]",47ffc312b493782aec059a855bd58700fc3df0d68a34dbf199e1f89d050f9fec,pass,
male,FJ1686M,Left lateral frontobasal artery,arterial,157,302,"[[0.049587298184633255, 1.6311712265014648, 0.01874700002372265], [0.051805198192596436, 1.6437511444091797, 0.046588998287916183]]",e780163e7e89bdfa8aba6493ff01932d1de46f1ff34f090d5653d659f25cab0a,pass,
male,FJ1687,Right lateral occipital artery,arterial,300,484,"[[-0.011951800435781479, 1.6146812438964844, -0.10968971997499466], [-0.0005730889970436692, 1.6240612268447876, -0.03600800037384033]]",a2b072c9ef96b04dbfbf9614d93eef92c88a6e4ef16338d89380532e45491ff0,pass,
male,FJ1687M,Left lateral occipital artery,arterial,297,484,"[[0.0005730889970436692, 1.6146812438964844, -0.10968971997499466], [0.012024099938571453, 1.6241512298583984, -0.03600800037384033]]",f964113db4eca54970ea99f910e7697e1e365e30ac3a341a09f55c081a8a87f5,pass,
male,FJ1688,Medial branch of right superior cerebellar artery,arterial,295,290,"[[-0.02131829969584942, 1.6030311584472656, -0.07019829750061035], [-0.00979290995746851, 1.6151411533355713, -0.023802699521183968]]",0568942f2bc3c404fa50ab81090a996dd684f4cf2f4cad6526cd833a18723203,pass,
male,FJ1688M,Medial branch of left superior cerebellar artery,arterial,298,292,"[[0.00979290995746851, 1.6030311584472656, -0.07019829750061035], [0.021318400278687477, 1.6151411533355713, -0.023802699521183968]]",5895dc444f0821cd777662f85a6671fad1aa9c4b7b49eaa0dd4b69b273bead54,pass,
male,FJ1689,Medial branch of right pontine artery,arterial,280,292,"[[-0.01003200002014637, 1.5950912237167358, -0.009477999992668629], [-0.0002999760035891086, 1.599481225013733, -0.003597100032493472]]",8d5b2cb36b08c0f5a9e87609fc4a760fe7717ce30e0d3086d703cdcec21d9406,pass,
male,FJ1689M,Medial branch of left pontine artery,arterial,280,292,"[[0.0002999760035891086, 1.5950912237167358, -0.009477999992668629], [0.01003200002014637, 1.599481225013733, -0.0035971999168395996]]",800182c5be469bb28e01b36f77c9d8f1b93242b511c8389996a43f51d7319d2d,pass,
male,FJ1690,Right medial frontobasal artery,arterial,425,486,"[[-0.01600000075995922, 1.6131612062454224, 0.009057999588549137], [-0.0009136089938692749, 1.63512122631073, 0.06924399733543396]]",cc46c3786e58c599cae59d3b40f9374ae6ac1cedad75e582d7d2a622ecb0e1de,pass,
male,FJ1690M,Left medial frontobasal artery,arterial,427,484,"[[0.0009136080043390393, 1.6131612062454224, 0.009057999588549137], [0.01600000075995922, 1.63512122631073, 0.06924399733543396]]",e8d818aa5994f67dacff967fe96e1e85d8a24a4f248748648bd72b4cf49f2661,pass,
male,FJ1691,Right medial occipital artery,arterial,593,662,"[[-0.018334299325942993, 1.616151213645935, -0.1017524003982544], [-0.0006503749755211174, 1.6631611585617065, -0.0369344986975193]]",c067f4b0046717de6f166e85c268748fd9ad8c23ae61c1bf7b6a8511dd10d4c5,pass,
male,FJ1691M,Left medial occipital artery,arterial,576,660,"[[0.0005751019925810397, 1.616151213645935, -0.10175616294145584], [0.018334299325942993, 1.6631611585617065, -0.03692309930920601]]",012745bace23042d401dd7bd2b771744fff44b121c94a7b1882e4f176091ff57,pass,
male,FJ1692,Sphenoid part of right middle cerebral artery,arterial,345,686,"[[-0.04430700093507767, 1.6126211881637573, 0.0029730000533163548], [-0.013171100057661533, 1.6277412176132202, 0.015267999842762947]]",4e8a472967737c784708fbc9ddb13e1209ea7d42797438f1c69ff1bc4d3e06d1,pass,
male,FJ1692M,Sphenoid part of left middle cerebral artery,arterial,343,682,"[[0.013171100057661533, 1.6126211881637573, 0.0029730000533163548], [0.044307101517915726, 1.6277612447738647, 0.015267999842762947]]",c7a06f7cb020f3044c4406f910055a8673a25d0ee4de4e012868f00907958fd2,pass,
male,FJ1693,Middle temporal branch of right middle cerebral artery,arterial,583,608,"[[-0.0709317997097969, 1.5988612174987793, -0.060073401778936386], [-0.044843800365924835, 1.6444412469863892, -0.008251899853348732]]",f89f67aaad637dff46c679a55a356219c29499cdeb0f662ef582e810a75f5fdf,pass,
male,FJ1693M,Middle temporal branch of left middle cerebral artery,arterial,585,618,"[[0.044843800365924835, 1.5988612174987793, -0.060073401778936386], [0.0709317997097969, 1.6444412469863892, -0.008251899853348732]]",110cb625d710d3d7611b11713905e5fe7bfc677c4c2ac14c705d6a2e1c809f48,pass,
male,FJ1694,Insular part of right middle cerebral artery,arterial,536,1064,"[[-0.05336780101060867, 1.6252012252807617, -0.029667800292372704], [-0.036566201597452164, 1.648441195487976, 0.005535999778658152]]",19555d2736640432068dba94c5784629036851622ea92412f88967ca0beb1e76,pass,
male,FJ1694M,Insular part of left middle cerebral artery,arterial,547,1084,"[[0.03660380095243454, 1.6252012252807617, -0.029639799147844315], [0.05336780101060867, 1.6485211849212646, 0.005516999866813421]]",edc61c863f690f2f61800c6b7baa56709a0024d3869564f169425cf7a172e090,pass,
male,FJ1695,Right ophthalmic artery,arterial,267,530,"[[-0.01367309968918562, 1.6070111989974976, 0.01095299981534481], [-0.010420099832117558, 1.6224812269210815, 0.06538400053977966]]",d58128c622f2e5044cd5c4408107732e430366ef759f29c6ba19b1e2205fe1c1,pass,
male,FJ1695M,Left ophthalmic artery,arterial,267,530,"[[0.010420000180602074, 1.6070111989974976, 0.010982999578118324], [0.013641299679875374, 1.6224912405014038, 0.06538400053977966]]",daeccb6facf31de69638e3928d3c676bb471485e4431d0ee8ae42e49f7ac6621,pass,
male,FJ1696,Paracentral branch of right callosomarginal artery,arterial,288,476,"[[-0.024324899539351463, 1.6548311710357666, -0.01998949982225895], [0.000787883996963501, 1.7056212425231934, 0.01969500072300434]]",99eb1855dd11e85a239fe3feb38b5b87a9d96da1ac5b2c06eb26921d762c2f6b,pass,
male,FJ1696M,Paracentral branch of left callosomarginal artery,arterial,293,484,"[[-0.0007330860244110227, 1.654811143875122, -0.01994900032877922], [0.024324899539351463, 1.7056611776351929, 0.01969500072300434]]",2038e1bfcac3f0a1a9aea403e91ceba555d3c926fa8abc4bc35e3abe994771f1,pass,
male,FJ1697,Paracentral branch of right callosomarginal artery,arterial,329,354,"[[-0.031248899176716805, 1.7026011943817139, -0.02656319923698902], [-0.004185069818049669, 1.7090412378311157, -0.015368199907243252]]",fa4ced75e9884d05e8f797f644e0ad59189dad05527d7e3a804726c1656bf2cb,pass,
male,FJ1697M,Paracentral branch of left callosomarginal artery,arterial,343,368,"[[0.004208909813314676, 1.7026011943817139, -0.02656319923698902], [0.031248899176716805, 1.7090412378311157, -0.01534849964082241]]",ec6a40e742f0574ef58b4464dd05e25e4d3936032a092cff019f7662b903103e,pass,
male,FJ1698,Paracentral branch of right callosomarginal artery,arterial,288,336,"[[-0.0078929103910923, 1.6779812574386597, -0.03563560172915459], [0.0007212429773062468, 1.7080012559890747, -0.0030720001086592674]]",3fd02134960ac7129c3cb595c76bc712dceb92a9dcca5cc3d2a61c7bfea15943,pass,
male,FJ1698M,Paracentral branch of left callosomarginal artery,arterial,298,346,"[[-0.0007212429773062468, 1.6779812574386597, -0.03563560172915459], [0.0078929103910923, 1.7080012559890747, -0.003072099993005395]]",2b875023551fb5e406780f1f28e2bfbd15fe0083904d7a9ab64073034a875908,pass,
male,FJ1699,Right pericallosal artery,arterial,675,576,"[[-0.006192910019308329, 1.6251411437988281, -0.043111901730298996], [-0.0005882200202904642, 1.666871190071106, 0.030966000631451607]]",21439264612ae596aeb324324069b604b4b20088ab57cf00b92d76ace2cd7ec4,pass,
male,FJ1699M,Left pericallosal artery,arterial,671,578,"[[0.0005882200202904642, 1.6251411437988281, -0.043111901730298996], [0.006192910019308329, 1.666871190071106, 0.03096500039100647]]",0aa20d2885c8f299e246817aa077e0c753d0b49b6fa150d5c8981fbf05396fdb,pass,
male,FJ1700,Right posterior inferior cerebellar artery,arterial,270,322,"[[-0.022612599655985832, 1.5658812522888184, -0.0635685995221138], [-0.011196199804544449, 1.5694812536239624, -0.04665889963507652]]",de0c4c3beab69d60890d1c386be8756ab275aaf59973f5b4412295ffe39cc32a,pass,
male,FJ1700M,Left posterior inferior cerebellar artery,arterial,273,324,"[[0.011196199804544449, 1.5658812522888184, -0.0635685995221138], [0.022612499073147774, 1.5694812536239624, -0.04665889963507652]]",cc746dbdd9b47647d5c8556dbe97a6c58e8438dfc2d105595a0448a60032c53c,pass,
male,FJ1701,Right posterior inferior cerebellar artery,arterial,406,282,"[[-0.02989800088107586, 1.5721912384033203, -0.08228749781847], [-0.010173399932682514, 1.5839111804962158, -0.06768280267715454]]",68a8de52082691ef49d6d204a23dfd36b2777e05c41ef62ae880e460be873198,pass,
male,FJ1701M,Left posterior inferior cerebellar artery,arterial,406,282,"[[0.010173399932682514, 1.5721912384033203, -0.08228749781847], [0.02989800088107586, 1.5839111804962158, -0.06768280267715454]]",9061bd0b912f7901b4e3ba35c99c30eb8be604545ace5b5a14a3b6c8eb3869ba,pass,
male,FJ1702,Right posterior inferior cerebellar artery,arterial,344,226,"[[-0.02487579919397831, 1.5755412578582764, -0.08752340078353882], [-0.0063859401270747185, 1.5887311697006226, -0.06252100318670273]]",638e81949faf95aaad34bfc0425a9fa17465d2f23dde7b52bb49468b30f72344,pass,
male,FJ1702M,Left posterior inferior cerebellar artery,arterial,344,226,"[[0.0063859401270747185, 1.5755112171173096, -0.08752340078353882], [0.02487579919397831, 1.5887311697006226, -0.06252100318670273]]",07bbace127f80204b186e498df5af45ac5ce84f669be0b078caafc5e72823f77,pass,
male,FJ1703,Right posterior inferior cerebellar artery,arterial,338,212,"[[-0.013797399587929249, 1.5755611658096313, -0.08810029923915863], [-0.007571700029075146, 1.5954111814498901, -0.0757765993475914]]",0f9eee663edfec31198658e0c58b1bf3fbf512cdffffaa5867d2b59bdc775a5c,pass,
male,FJ1703M,Left posterior inferior cerebellar artery,arterial,334,212,"[[0.007571700029075146, 1.5755611658096313, -0.08810029923915863], [0.013797399587929249, 1.5954111814498901, -0.0757765993475914]]",ee4476fa45fb1e30208ab8dfa530dc63144d6018aa37616fb76aa8ff13c0265f,pass,
male,FJ1704,Right posterior inferior cerebellar artery,arterial,259,284,"[[-0.03555389866232872, 1.568891167640686, -0.05003949999809265], [-0.022041000425815582, 1.5766111612319946, -0.0419217012822628]]",67c46a6c1c4338b76f096ebdceea19001c85b0ec721ad83a8482a39771b1d3df,pass,
male,FJ1704M,Left posterior inferior cerebellar artery,arterial,256,284,"[[0.022041000425815582, 1.568891167640686, -0.05003949999809265], [0.03555389866232872, 1.5766111612319946, -0.0419217012822628]]",fc7511a2a8ad0853e6df95c9551c3e1c5769e298cb09795ed58de06f8a89ec55,pass,
male,FJ1705,Right posterior inferior cerebellar artery,arterial,270,312,"[[-0.03713560104370117, 1.5704911947250366, -0.07707799971103668], [-0.023114699870347977, 1.5839111804962158, -0.055891700088977814]]",89d2b217beb1c4115a6feff17a8e6013f3619faa89368ee0d72abb3bb8288674,pass,
male,FJ1705M,Left posterior inferior cerebellar artery,arterial,275,314,"[[0.023114699870347977, 1.5704911947250366, -0.07707799971103668], [0.03713560104370117, 1.5839111804962158, -0.055891700088977814]]",7ffb9d6d5fe080f44297709a17429fbfc95ad324c9ce72292e53c1c35337afe6,pass,
male,FJ1706,Right posterior inferior cerebellar artery,arterial,282,278,"[[-0.05357940122485161, 1.570701241493225, -0.060927100479602814], [-0.034330401569604874, 1.5909712314605713, -0.048832301050424576]]",6258f83d4ed180e0b812b3d73bdffd6a0624aae2f5164a5168e6a2a6e710187f,pass,
male,FJ1706M,Left posterior inferior cerebellar artery,arterial,277,278,"[[0.034330401569604874, 1.570701241493225, -0.060927100479602814], [0.05357940122485161, 1.5909712314605713, -0.04883220046758652]]",97cf2a7e56ad453fe7dc6da8420da1342051bfaed6f8dafaaad45ff719a0df58,pass,
male,FJ1707,Right posterior inferior cerebellar artery,arterial,122,84,"[[-0.01631009951233864, 1.568771243095398, -0.06484170258045197], [-0.009840279817581177, 1.5743612051010132, -0.06163109838962555]]",bd71219928a06ea8aeb49c05ff4d000739bd3011bc0b2ad78a708eaebd51498b,pass,
male,FJ1707M,Left posterior inferior cerebellar artery,arterial,122,84,"[[0.009840279817581177, 1.568771243095398, -0.06484170258045197], [0.01631009951233864, 1.5743612051010132, -0.06163109838962555]]",f5f45fc15f651e8362ace3753cb7b5e75996cba3b2f1d593e316dd71520e8218,pass,
male,FJ1708,Right posterior inferior cerebellar artery,arterial,136,86,"[[-0.0305928997695446, 1.5740611553192139, -0.043443601578474045], [-0.027535099536180496, 1.5770312547683716, -0.03815300017595291]]",15cc539ebf9c5096bc2dc8a9e1054fc0e64e8a31f290d1b31a055dd3aa0a5201,pass,
male,FJ1708M,Left posterior inferior cerebellar artery,arterial,136,86,"[[0.027535099536180496, 1.5740611553192139, -0.043443601578474045], [0.0305928997695446, 1.5770312547683716, -0.03815300017595291]]",2b03defc0297e3dc2a260594b2303f348b51fe0c23a2d4d8a1cbca412723c1ec,pass,
male,FJ1709,Right posterior inferior cerebellar artery,arterial,234,172,"[[-0.051372598856687546, 1.580221176147461, -0.049514200538396835], [-0.04694129899144173, 1.5896111726760864, -0.04315299913287163]]",0c00b864927d63a2e7cc36eb9626a0f8174a4d9ad359851e4394976150acf406,pass,
male,FJ1709M,Left posterior inferior cerebellar artery,arterial,234,172,"[[0.04694129899144173, 1.580221176147461, -0.049514200538396835], [0.051372598856687546, 1.5896111726760864, -0.04315299913287163]]",1df11f1af73395e39e90d9851c81aa1e0d912f758792488e0beecdf457ec550c,pass,
male,FJ1710,Right posterior inferior cerebellar artery,arterial,210,162,"[[-0.05178200080990791, 1.5822612047195435, -0.06722799688577652], [-0.04682910069823265, 1.5933011770248413, -0.06384749710559845]]",6b3444c5a1cf3c6de93b0f6706e3e80c47fbdce680869bc1d8ed158f433c959f,pass,
male,FJ1710M,Left posterior inferior cerebellar artery,arterial,208,162,"[[0.04682910069823265, 1.5822612047195435, -0.06722799688577652], [0.05178200080990791, 1.5933011770248413, -0.06384749710559845]]",1a986cf89375c7f5d30c165234c1b0418d85a75e2829f156246043ae2caa3681,pass,
male,FJ1711,Right posterior inferior cerebellar artery,arterial,757,656,"[[-0.033092200756073, 1.5670511722564697, -0.06991209834814072], [-0.0054550799541175365, 1.5777812004089355, -0.03674729913473129]]",aa3fd201826b7abf838d32559114687fb18efa6f103bcfc86750b73ea90f319d,pass,
male,FJ1711M,Left posterior inferior cerebellar artery,arterial,754,654,"[[0.0054550799541175365, 1.5670511722564697, -0.06991209834814072], [0.033092200756073, 1.5777812004089355, -0.03674729913473129]]",cfe43ee1e6205ecf964d314c8d144c14cdbcd1d64d28e61dffd6ea3b47c24388,pass,
male,FJ1712,Right polar temporal artery,arterial,263,348,"[[-0.05155950039625168, 1.6052812337875366, 0.004540999885648489], [-0.031082699075341225, 1.6319011449813843, 0.028967000544071198]]",49370949f8cfa672017c092dc74d9e21e8ecd1307f4c889254ad64d91d3d3fc2,pass,
male,FJ1712M,Left polar temporal artery,arterial,264,346,"[[0.031082699075341225, 1.6052812337875366, 0.004540999885648489], [0.05155950039625168, 1.6319011449813843, 0.028967000544071198]]",efda00c4035ef42921500a614787fb15a83d6c7dd56ebc4c4f54b9c2dea7bddc,pass,
male,FJ1713,Right posterior communicating artery,arterial,122,204,"[[-0.012567400000989437, 1.6086012125015259, -0.002857400104403496], [-0.005455439910292625, 1.6122812032699585, 0.010521999560296535]]",3fe10f5c9b486d1c4d0f11e7d10ade054645ab36288a2bd3d77e40c9e4a014cc,pass,
male,FJ1713M,Left posterior communicating artery,arterial,122,204,"[[0.005455439910292625, 1.6086012125015259, -0.002857400104403496], [0.012567499652504921, 1.6122812032699585, 0.010521000251173973]]",ce8b4bd48331d89ae60145aa4a241b0e7179ff5fa25b632509e5827c2555cf00,pass,
male,FJ1714,Postcommunicating part of right posterior cerebral artery,arterial,233,450,"[[-0.017602400854229927, 1.6075111627578735, -0.03835529834032059], [-0.0063843498937785625, 1.6176512241363525, -0.0014576000394299626]]",e9d5e2af47f6b133686debf14fa8c162efc2cfffba390745b01cd46201334fb7,pass,
male,FJ1714M,Postcommunicating part of left posterior cerebral artery,arterial,231,446,"[[0.0063843498937785625, 1.6075111627578735, -0.03835520148277283], [0.017602400854229927, 1.6176512241363525, -0.0014576000394299626]]",d799b98d0d55ae255c378145874f5fb3d1c7715845966e67b35015e7427f5892,pass,
male,FJ1715,Right posterior inferior cerebellar artery,arterial,560,612,"[[-0.053380098193883896, 1.5683611631393433, -0.06481769680976868], [-0.012838199734687805, 1.5932211875915527, -0.02709989994764328]]",e24fa4d4a5835adf21c6a2042d5bf05db72f0031c2ed7ad7771ba80deed31682,pass,
male,FJ1715M,Left posterior inferior cerebellar artery,arterial,569,618,"[[0.012838199734687805, 1.5683611631393433, -0.06481769680976868], [0.053380098193883896, 1.5932211875915527, -0.02709989994764328]]",1b7ef51fd74c518bffa73851cd25812230c39f702b582d6b75f86b97a978de19,pass,
male,FJ1716,Right posterior parietal artery,arterial,785,1498,"[[-0.06649839878082275, 1.6327911615371704, -0.08658339828252792], [-0.02826089970767498, 1.6812411546707153, -0.011812799610197544]]",98da99f2dbfb644e78a6bf0a05c0670695532fd2194c77829b67ce03b4f5ecf5,pass,
male,FJ1716M,Left posterior parietal artery,arterial,785,1498,"[[0.02826089970767498, 1.6327811479568481, -0.08655709773302078], [0.06648150086402893, 1.6812511682510376, -0.011853099800646305]]",a5fd57517c83f8e0cdf5be071bec4ddfdad9443bde7dd53c319c0da7a0f23081,pass,
male,FJ1717,Posterior temporal branch of right middle cerebral artery,arterial,386,732,"[[-0.07044690102338791, 1.6047111749649048, -0.08044789731502533], [-0.048052601516246796, 1.6406911611557007, -0.030813999474048615]]",b69403609f019fbf8863e2d7d9456c5a97342ec78b8b91ab56dc79e28e87dea5,pass,
male,FJ1717M,Posterior temporal branch of left middle cerebral artery,arterial,386,732,"[[0.04803980141878128, 1.6047312021255493, -0.08044789731502533], [0.07045689970254898, 1.6406811475753784, -0.030803600326180458]]",6bea0838d1a3dd89982c8ddff60b2c774e5e8361e24d6ce4f1f72d5bf9f78b71,pass,
male,FJ1718,Trunk of inferior terminal branch of right middle cerebral artery,arterial,208,368,"[[-0.05817069858312607, 1.6238712072372437, 0.0035149999894201756], [-0.04058950021862984, 1.6408711671829224, 0.010649999603629112]]",d25aca2d7940b4feb63cdf196aba5e77bc39d6c5f6924353a9376e29efc98588,pass,
male,FJ1718M,Trunk of inferior terminal branch of left middle cerebral artery,arterial,210,368,"[[0.04058950021862984, 1.6238712072372437, 0.0035149999894201756], [0.05817079916596413, 1.6408711671829224, 0.010649999603629112]]",4795ba593a51678307ff0df62e6dc98d01205d9a1102d8e7ddb51afbe8880493,pass,
male,FJ1719,set of posterior temporal branches of lateral occipital artery,arterial,320,458,"[[-0.05300780013203621, 1.5993812084197998, -0.08665379881858826], [-0.008381630294024944, 1.625401258468628, -0.05643419921398163]]",51fe57bdc4fb1eb49fb52026df56890d907cb1052f72312d00b837405669ba6e,pass,
male,FJ1719M,Set of posterior temporal branches of lateral occipital artery,arterial,304,436,"[[0.008381630294024944, 1.5993311405181885, -0.08662480115890503], [0.05300780013203621, 1.625401258468628, -0.05642220005393028]]",10146fcaa84d1c5dab130e34e7c17f67a81c332da9eb5a7068cb2c650375953a,pass,
male,FJ1720,Right thalamoperforating artery,arterial,340,420,"[[-0.013201899826526642, 1.6124311685562134, -0.03897140175104141], [-0.005121409893035889, 1.6423112154006958, -0.02124599926173687]]",89fc968aadd02f78e64a3395c721c6c6b9a8f6c4c42ec1ca957b698b8ce8cb14,pass,
male,FJ1720M,Left thalamoperforating artery,arterial,348,436,"[[0.005125000141561031, 1.6124211549758911, -0.03897140175104141], [0.013233999721705914, 1.6423112154006958, -0.02124599926173687]]",9e9df7dc84976212511aaf4adf82e532228bde6b75362a369b015d456dbb26a2,pass,
male,FJ1721,Posteromedial central branch of right posterior cerebral artery,arterial,189,240,"[[-0.024951500818133354, 1.6083011627197266, -0.014359399676322937], [-0.01346729975193739, 1.6162011623382568, -0.005839900113642216]]",25fd8bcb1860b6bf554779e8e42dca005d4cb79a812255c67f1ae39afbd6e8b0,pass,
male,FJ1721M,Posteromedial central branch of left posterior cerebral artery,arterial,188,238,"[[0.013467200100421906, 1.6083011627197266, -0.014359500259160995], [0.024951500818133354, 1.6162011623382568, -0.005839900113642216]]",4475fd4606a6289b42af8060030155a3f7698865fe03f6eb323e244bd6e05232,pass,
male,FJ1722,Posteromedial branch of right callosomarginal artery,arterial,360,476,"[[-0.022245299071073532, 1.6654411554336548, 0.002696000039577484], [-0.00010039100016001612, 1.7050411701202393, 0.03591100126504898]]",4a3f500286b5780bbf5d2e240354d50ff44df88815c4e5676b3e0ab12c56b1f0,pass,
male,FJ1722M,Posteromedial branch of left callosomarginal artery,arterial,361,476,"[[0.00010039100016001612, 1.6654411554336548, 0.002696000039577484], [0.022245299071073532, 1.7050411701202393, 0.03591100126504898]]",44376e4e0e85c0efb2d100a3f953d3b249cdf5c023d8f57d20bd4d2c2e5dd410,pass,
male,FJ1723,Precommunicating part of right posterior cerebral artery,arterial,155,282,"[[-0.008268940262496471, 1.6073912382125854, -0.00475449999794364], [0.0003465180052444339, 1.6128711700439453, -0.0015124999918043613]]",de08444598838e8ac3e8a04f60927ac1cf1f5ec2e6b5c89cd8a33d65d709851b,pass,
male,FJ1723M,Precommunicating part of left posterior cerebral artery,arterial,155,282,"[[-0.0003465180052444339, 1.6073912382125854, -0.004754600115120411], [0.008268940262496471, 1.6128711700439453, -0.0015124999918043613]]",24dc81c0f3e70037bf7045fae5fa6e137ce7bdcf74bfea110736125dfefbdc0b,pass,
male,FJ1724,Right prefrontal artery,arterial,644,1192,"[[-0.05750909820199013, 1.6326712369918823, 0.00965999998152256], [-0.0322096012532711, 1.6880512237548828, 0.03738100081682205]]",cf7277d88f4147c3c1575e309d3cfc26886916b0fa821866e6e55166a9fc34aa,pass,
male,FJ1724M,Left prefrontal artery,arterial,640,1192,"[[0.03219189867377281, 1.6327311992645264, 0.009719000197947025], [0.05748949944972992, 1.6880412101745605, 0.03738199919462204]]",5fe782a4662979c42f426ff08aa9ee0f6fa92ad427a17bde79e41fcd8ed0b81b,pass,
male,FJ1725,Right vertebral artery,arterial,330,492,"[[-0.03356340155005455, 1.4765212535858154, -0.04142510145902634], [0.00036536200786940753, 1.584051251411438, -0.01317839976400137]]",963420f3a6c633e57f7960bf679fdbbbfbcb8f73d85e37c589cb3be3f237cc35,pass,
male,FJ1725M,Left vertebral artery,arterial,329,494,"[[-0.00036536200786940753, 1.4765212535858154, -0.04142510145902634], [0.03356340155005455, 1.5840811729431152, -0.013178500346839428]]",7d55ae505e272af24db81a0bb0f852d3beee8f2799e9405389ba67c8224c8c90,pass,
male,FJ1726,Right superior cerebellar artery,arterial,220,394,"[[-0.021416500210762024, 1.5989211797714233, -0.02561439946293831], [0.0007319760043174028, 1.6058212518692017, -0.002306200098246336]]",15f50c5b29e032092ea14f2c817ea1c069d8dbd03b5ee040870a512be5aba72d,pass,
male,FJ1726M,Left superior cerebellar artery,arterial,222,398,"[[-0.0007319760043174028, 1.5989211797714233, -0.02561439946293831], [0.021416500210762024, 1.6058212518692017, -0.002306099981069565]]",2d772de9b39446cee95b8cd5c1069f7ce64c386e7a867c1e33db2bc29133e291,pass,
male,FJ1727,Right posterior medial choroidal artery,arterial,205,260,"[[-0.006946499925106764, 1.6222412586212158, -0.041678499430418015], [-0.003847339889034629, 1.644881248474121, 0.002302000066265464]]",3a8cbd489782495b8e00420aaad8eca0581e6ef009cd001479a7cdeae457cd42,pass,
male,FJ1727M,Left posterior medial choroidal artery,arterial,216,266,"[[0.0038473301101475954, 1.6222212314605713, -0.041678499430418015], [0.006943049840629101, 1.644881248474121, 0.002302000066265464]]",24926c607fec616c896d32d0fb517956c36f6c09e4bf17fdaae4dd0a4f63b645,pass,
male,FJ1728,Superior vermian branch of medial branch of right superior cerebellar artery,arterial,231,320,"[[-0.014459200203418732, 1.6052112579345703, -0.07341240346431732], [-0.002498829970136285, 1.6196712255477905, -0.03195619955658913]]",d14441758e62cec5c1fac664400bd396e518ca136ae212ae7079392ee092ade1,pass,
male,FJ1728M,Superior vermian branch of medial branch of left superior cerebellar artery,arterial,234,322,"[[0.002498829970136285, 1.6052112579345703, -0.07341240346431732], [0.014459200203418732, 1.6196712255477905, -0.03195619955658913]]",965922843477152a0033838bce7d6a0c3b9bc862c37da5d6a9d1b9c1e36f3002,pass,
male,FJ1729,Temporo-occipital branch of right middle cerebral artery,arterial,493,616,"[[-0.06264399737119675, 1.6006011962890625, -0.10975781083106995], [-0.015373400412499905, 1.6475212574005127, 0.00583800021559]]",8a0033b51e5a32ecabf48a4c37dba6db5a8869126c20431782b1a7b5d929059f,pass,
male,FJ1729M,Temporo-occipital branch of left middle cerebral artery,arterial,496,616,"[[0.015373400412499905, 1.6006112098693848, -0.10975781083106995], [0.06264399737119675, 1.6475712060928345, 0.005874000024050474]]",fcde457107a11ecc9d4c47b519e562ade68c8c3198f09a964b0437c1b9eddefc,pass,
male,FJ1730,Third ventricle,nervous,593,1130,"[[-0.004534259904175997, 1.6157112121582031, -0.03494879975914955], [0.0031800600700080395, 1.6387611627578735, 0.005154999904334545]]",6d789bb9e64ab6599e85b8b13cd633a4c09ff91a224d8bd5cdced01a128accbd,pass,
male,FJ1731,Fourth ventricle,nervous,1130,2150,"[[-0.01479090005159378, 1.5692311525344849, -0.04867979884147644], [0.01344740018248558, 1.6069412231445312, -0.025226900354027748]]",590be231e9a0f2ae2146177490dc60c01cc738b800458ffb823b514dc970adce,pass,
male,FJ1732,Left angular gyrus,nervous,1674,2874,"[[0.02197209931910038, 1.6174012422561646, -0.10104245692491531], [0.06461139768362045, 1.6807712316513062, -0.05544599890708923]]",9550beefd3c97e0f3c1a5d88ba2eecb4fddb2383d1269b8c2e37d61118a0b1ef,pass,
male,FJ1733,Right angular gyrus,nervous,1736,2886,"[[-0.06596130132675171, 1.6175012588500977, -0.10115859657526016], [-0.023165199905633926, 1.6808911561965942, -0.05524950101971626]]",4fb147f02362bcba6b582a79528ca27320a567fb4f470ebf7655b52111013a33,pass,
male,FJ1734,Anterior commissure,nervous,348,652,"[[-0.012917700223624706, 1.6297411918640137, 0.0009580000187270343], [0.01161979977041483, 1.6323212385177612, 0.005617000162601471]]",5e854291bfa2eea13febb1864572e7abe5c6156a286aad154dc223cb98fed66a,pass,
male,FJ1735,Brachium of left superior colliculus,nervous,143,280,"[[-0.018378300592303276, 1.6151611804962158, -0.032226499170064926], [-0.0033282700460404158, 1.6217411756515503, -0.02556549943983555]]",004401f7801d8f3a3ba69321e2825d03d4e922f5f0380e447216213ab1907679,pass,
male,FJ1736,Brachium of right superior colliculus,nervous,138,266,"[[0.002009870018810034, 1.6151611804962158, -0.0321521982550621], [0.017016800120472908, 1.6219111680984497, -0.025512399151921272]]",fae408c2e1363e7cb06d926e9015dedcfd9cd62a7def935e44eed2f364cb40e3,pass,
male,FJ1737,Central canal of spinal cord,nervous,112,160,"[[-0.001738899969495833, 1.536731243133545, -0.04813459888100624], [0.0004490769933909178, 1.5723011493682861, -0.03500379994511604]]",be9f26d156c13ce1922ef75c90df48dcbcae4996a6007402b5c32e2e15d55022,pass,
male,FJ1738,Cerebral aqueduct,nervous,222,352,"[[-0.0021513300016522408, 1.6068512201309204, -0.02767059952020645], [0.0010230799671262503, 1.6244711875915527, -0.021166900172829628]]",ec30aca6b711199f96240ed3be98d2861c6d5ba312cf011e30be608a40ef4bf9,pass,
male,FJ1739,Left cingulate gyrus,nervous,876,1480,"[[4.1231200157199055e-05, 1.6086912155151367, -0.06927260011434555], [0.028330599889159203, 1.675341248512268, 0.04204399883747101]]",d0612a86370815186eec1bf3dd7742c137ecfa969570df369858f57cbcfa36aa,pass,
male,FJ1740,Right cingulate gyrus,nervous,904,1538,"[[-0.02949579991400242, 1.6087212562561035, -0.0691709965467453], [-0.0014508400345221162, 1.6753312349319458, 0.04210599884390831]]",f00f8d3080ab56b55731ed28df9b744a1fc0dfd789543f3033b80ebee5bd2561,pass,
male,FJ1741,Commissure of fornix of forebrain,nervous,1208,2338,"[[-0.025167100131511688, 1.6246812343597412, -0.04295039921998978], [0.023834699764847755, 1.6449512243270874, -0.01202279981225729]]",00ad483b81d7837728217c2b3486b2d230fa4be2ed56ab00bca66b003ba52e98,pass,
male,FJ1742,Corpus callosum,nervous,4186,6650,"[[-0.02653379924595356, 1.622521162033081, -0.060566600412130356], [0.02518950030207634, 1.6613712310791016, 0.031045999377965927]]",59518df2f734e7a41d162de21ba1e3117027f3f3f3788e6fd7d4d85602c00e9e,pass,
male,FJ1743,Habenula,nervous,283,384,"[[-0.0044439397752285, 1.6228611469268799, -0.0330532006919384], [0.003128620097413659, 1.627001166343689, -0.027888799086213112]]",d2a0e55d02a8a24a74550a6c1884557e806ddf17b345a6a21b59396ccc5481fe,pass,
male,FJ1744,Left inferior frontal gyrus,nervous,1609,2702,"[[0.025942400097846985, 1.6250112056732178, -0.010321499779820442], [0.060916099697351456, 1.6851811408996582, 0.052928000688552856]]",c99e158d749cfb9f95f75f7adc0ed7cdab66c36fa35430fa434c24c1bd65ea49,pass,
male,FJ1745,Right inferior frontal gyrus,nervous,1582,2644,"[[-0.06221169978380203, 1.6245912313461304, -0.010114200413227081], [-0.027258099988102913, 1.6851712465286255, 0.052971001714468]]",fdee4c8e7056e666e280a533d2c058141c3fdd7ada4c51937160e8b152d264f2,pass,
male,FJ1746,Left inferior temporal gyrus,nervous,1102,1828,"[[0.0169989001005888, 1.5916111469268799, -0.07353969663381577], [0.060646798461675644, 1.6209511756896973, 0.02220500074326992]]",7a5d50d632193586fc8520b3f0cfb6fa7556010f6ff153d4387d14b067b026a4,pass,
male,FJ1747,Right inferior temporal gyrus,nervous,1124,1838,"[[-0.06118939816951752, 1.5916612148284912, -0.07348790019750595], [-0.018097899854183197, 1.6209311485290527, 0.022427000105381012]]",6cffe68c2f213e9f3f8676e888138ab730d20dc9b506492ddbf3c1b8059b2dc5,pass,
male,FJ1748,Left insula,nervous,1005,1962,"[[0.02501549944281578, 1.6236412525177002, -0.02935829944908619], [0.04427940025925636, 1.6582112312316895, 0.02227099984884262]]",982fb3c5470ad8a75626a0a42a1805e12d30f7e4b969d2d3dea9a6c87d0721d2,pass,
male,FJ1749,Right insula,nervous,994,1928,"[[-0.04559030011296272, 1.623691201210022, -0.029324600473046303], [-0.026344599202275276, 1.6581711769104004, 0.022422999143600464]]",00116cad312bc71310811ee5e1ed0682b86a6f946d3781653fa2a94e7eef3fc2,pass,
male,FJ1750,Left internal capsule,nervous,1185,2362,"[[0.006855539977550507, 1.6219712495803833, -0.03548020124435425], [0.029714200645685196, 1.6552011966705322, 0.01868000067770481]]",6e828a8a33c184e77c9da04dfb49b61147d8372fc71efc67c9dcc5ba29c8dab0,pass,
male,FJ1751,Right internal capsule,nervous,1183,2362,"[[-0.03103809989988804, 1.6220111846923828, -0.03546899929642677], [-0.008168649859726429, 1.6552212238311768, 0.018695000559091568]]",f2bf84b76aeb536feb9584c3114db2d6c64bb80a3f241e7c8d0e1bb37f138418,pass,
male,FJ1752,Interventricular foramen,nervous,515,1016,"[[-0.006993560120463371, 1.6340012550354004, -0.00755449989810586], [0.005678120069205761, 1.644591212272644, -0.002352300100028515]]",528b0bbbb41fdf7b7c5e7bd95037a61777a48780e3041cbd0497f7e5ca3c2687,pass,
male,FJ1753,Left amygdala,nervous,201,380,"[[0.01624790020287037, 1.6101012229919434, -0.010750499553978443], [0.03338579833507538, 1.622901201248169, 0.007590999826788902]]",630747405b86f0c4b4210dfac36545bbbed58618ad2ce747cd6594e11c5516f0,pass,
male,FJ1754,Left caudate nucleus,nervous,712,1320,"[[0.00190330995246768, 1.6183712482452393, -0.03960099816322327], [0.03367080166935921, 1.6554311513900757, 0.023941999301314354]]",5d7b6fcfb617c29d67deaf331e68c41d70a93344e83c3777eafd7ff95b9d1a17,pass,
male,FJ1755,Choroid plexus of cerebral hemisphere,nervous,1652,2594,"[[-0.0006562669877894223, 1.6130012273788452, -0.04367529973387718], [0.036727000027894974, 1.646901249885559, -0.00034550001146271825]]",61a1ec7475b5c409dd3aba67dd54ff2b324d4fdad53abb2fe5ac88d7a4e607b6,pass,
male,FJ1756,Left fornix of forebrain,nervous,746,1488,"[[-0.0006519759772345424, 1.6134212017059326, -0.0417230986058712], [0.030813099816441536, 1.645471215248108, 0.002713999943807721]]",f70532892e8edebe791c8d9ccce3bfe3030d471dd786692cf603568647ba276a,pass,
male,FJ1757,Left globus pallidus,nervous,780,1556,"[[0.012288199737668037, 1.6244312524795532, -0.01977650076150894], [0.029012000188231468, 1.641721248626709, 0.00950200017541647]]",25949a4cc4192e793f963b857c97022e1ddc0747f811fa90c1eb81096792d3aa,pass,
male,FJ1758,White matter of left cerebral hemisphere,nervous,7153,10580,"[[0.0029686500784009695, 1.600021243095398, -0.10068272054195404], [0.06245800107717514, 1.7010512351989746, 0.06242299824953079]]",6a6b94fbff7a41601f8346cab847991600bce2e222042c90b71034f926d661ae,pass,
male,FJ1759,Left hippocampus,nervous,394,784,"[[0.01663690060377121, 1.6073611974716187, -0.040553901344537735], [0.03660130128264427, 1.6293212175369263, 0.002339000115171075]]",29a871749c8875ce5150e8bab83c49a772ce4e6f1e66796a4cc7309cfc239d1f,pass,
male,FJ1760,Hypothalamus,nervous,778,1306,"[[-0.0006549169775098562, 1.610341191291809, -0.00776029983535409], [0.006959869991987944, 1.6302012205123901, 0.010152000002563]]",cba338c258c73083db3c54c38f6601ee369ac364dd70db9ebf364436b03227d2,pass,
male,FJ1761,Brachium of left inferior colliculus,nervous,156,308,"[[0.0023823899682611227, 1.6102511882781982, -0.03173160180449486], [0.014135199598968029, 1.6213412284851074, -0.02426989935338497]]",7268b01280841288a9575b8dfa8d5cb68af05ecf0e88c310cabafd710c4f31f7,pass,
male,FJ1762,Left inferior colliculus,nervous,81,156,"[[-0.0003020630101673305, 1.606931209564209, -0.03251640126109123], [0.007346889935433865, 1.6145511865615845, -0.024719199165701866]]",0e5dfe22340765b428151545c5fc8d16ab4c255c61c3c8543a31def00b81ed32,pass,
male,FJ1763,Interpeduncular fossa,nervous,85,58,"[[-0.0006556630250997841, 1.6202912330627441, -0.00797440018504858], [0.0016910199774429202, 1.6217211484909058, -0.005611000116914511]]",41bab9fdf68dba28eae7d5531a110ec519914a7c1cb747a4faae1d6db7588c99,pass,
male,FJ1764,Lamina terminalis,nervous,208,232,"[[-0.0006564080249518156, 1.6176612377166748, 0.0023399998899549246], [0.000749251979868859, 1.6295311450958252, 0.00962899997830391]]",ec52c0c9a1840ee26b4d1095fb2f945f27fd68b0a715a1922779e6d3a647d5de,pass,
male,FJ1766,Left lateral geniculate body,nervous,112,196,"[[0.016767099499702454, 1.6149611473083496, -0.029762599617242813], [0.025198999792337418, 1.6218411922454834, -0.01834760047495365]]",9ef5cb1b5408b5516916b96a691b8e439df3917a2888e2fb7401331d9e2e0fd5,pass,
male,FJ1767,Left lateral ventricle,nervous,1978,3952,"[[-0.0004442599893081933, 1.6084212064743042, -0.08238829672336578], [0.03806630149483681, 1.657441258430481, 0.026937000453472137]]",48d82763d5fcb55abcbdc8a898951c496099e451a4b7c135ba4fcbbb3fd88660,pass,
male,FJ1768,Mammillary body,nervous,104,204,"[[-0.0005267260130494833, 1.6164511442184448, -0.008306600153446198], [0.0034166299737989902, 1.6214711666107178, -0.003804299980401993]]",7d5875453432365968c43fea0b89514820b4c9fe18ab1b9a2f32fa75c16ed9e5,pass,
male,FJ1769,Medulla oblongata,nervous,755,1326,"[[-0.0006518089794553816, 1.542661190032959, -0.04874559864401817], [0.012701800093054771, 1.5838911533355713, -0.01556210033595562]]",a100a086084a2a9d7faa1d38261be85bd8ffea00710261daea20772a0b4090f7,pass,
male,FJ1770,Midbrain,nervous,1271,1532,"[[-0.0006561130285263062, 1.6066012382507324, -0.03341349959373474], [0.014008400030434132, 1.623631238937378, -0.004074099939316511]]",2b800db3cbd9779ff517f95f0dbc2a0cf79978c8991447296587c3ea18cd0305,pass,
male,FJ1771,Optic chiasm,nervous,441,866,"[[-0.0006525699864141643, 1.6140211820602417, 0.00011200000153621659], [0.006642359774559736, 1.6221212148666382, 0.010431000031530857]]",22a1059f0500b8c2dabc83e6285861398a6d6bac9a2f8a72270c4d7941730f21,pass,
male,FJ1772,Left optic nerve,nervous,293,538,"[[6.051739910617471e-05, 1.5983612537384033, 0.0021410000044852495], [0.031997598707675934, 1.62040114402771, 0.05169599875807762]]",0045445ba4fcc6ed873933b79d7729b1c8684e595ae2743c1a86e99288d6beba,pass,
male,FJ1773,Left optic tract,nervous,556,1090,"[[-1.0775299870147137e-06, 1.614131212234497, -0.030386600643396378], [0.02475680038332939, 1.622111201286316, 0.007439000066369772]]",ed338339f033a241242980c83406a4e1510f7958bd54e233d9f4101bd4d7dffb,pass,
male,FJ1774,Peduncle of midbrain,nervous,1384,1796,"[[0.0012531699612736702, 1.6071611642837524, -0.023670600727200508], [0.02059680037200451, 1.6238912343978882, -0.0007265000022016466]]",dd78be39485e5c68360e38e93a755bb49de10635fad3f9e3134df07eb37e9bca,pass,
male,FJ1775,Pons,nervous,1802,2818,"[[-0.0006551889819093049, 1.5802111625671387, -0.03740769997239113], [0.020421400666236877, 1.608801245689392, -0.003036299953237176]]",68ccfb073f88f4994bfa74a3172bb17ddb8f865b1913181e78f32ea729ecfa54,pass,
male,FJ1776,Left putamen,nervous,831,1552,"[[0.016189800575375557, 1.623541235923767, -0.024473199620842934], [0.03440549969673157, 1.6496411561965942, 0.018340999260544777]]",03efffdcaf45e3e92dda04d8cdfd8ae5cd026f3e07b3891e6a654cae0aa927ef,pass,
male,FJ1777,Left stria medullaris of thalamus,nervous,406,584,"[[-0.0006647559930570424, 1.6233412027359009, -0.03315789997577667], [0.0031782800797373056, 1.6390111446380615, 0.003593999892473221]]",b2a6bc5d192e8fefee733fb9cde9f825f625c7a434695f9a7a94aec875b9b00a,pass,
male,FJ1778,Left stria terminalis,nervous,513,648,"[[0.001992620062083006, 1.6151912212371826, -0.038296300917863846], [0.027506999671459198, 1.6457711458206177, 0.005111000034958124]]",3a8d8223d7fa4ef7291ef0a5bbe6129d8c9058f4942c04e5890c538ab2aa9cae,pass,
male,FJ1779,Left superior colliculus,nervous,93,180,"[[-0.0005576229887083173, 1.6154812574386597, -0.031766198575496674], [0.0072001200169324875, 1.62148118019104, -0.025727299973368645]]",270c95ddd80c088be9ff20b9db544f88a5d319e8b3015b144c8bd66b249372d4,pass,
male,FJ1780,Tuber cinereum,nervous,485,584,"[[-0.0006556630250997841, 1.610241174697876, -0.005807899869978428], [0.007939609698951244, 1.621231198310852, 0.00368200009688735]]",9399955014a456e4e5add26dd243d42672970fd50264d6ad3999591bf1e90c8e,pass,
male,FJ1781,Cerebellum,nervous,2725,5238,"[[-0.0006423789891414344, 1.5653711557388306, -0.0877854973077774], [0.052609898149967194, 1.618571162223816, -0.031552501022815704]]",e3c046f5a44c7904160a4e50b38dc93d8f9baa98d633857e609edd77bfe50bba,pass,
male,FJ1782,Left thalamus,nervous,696,1388,"[[-9.246879926649854e-05, 1.6201812028884888, -0.038193199783563614], [0.023373600095510483, 1.643861174583435, -0.0016093000303953886]]",8ba8a1c50a8fd54564dab2179168bfb423199b349a14ff93339261e5a0340a63,pass,
male,FJ1783,Left fusiform gyrus,nervous,753,1332,"[[0.010537900030612946, 1.5938612222671509, -0.050324298441410065], [0.04218190163373947, 1.6203511953353882, 0.010613000020384789]]",eb65ab607af321ba10c5e2b608afa68b987a9e8bfed82a1172eab401ec30b4e3,pass,
male,FJ1784,Right fusiform gyrus,nervous,745,1310,"[[-0.04342709854245186, 1.5937211513519287, -0.05029980093240738], [-0.011831499636173248, 1.620381236076355, 0.010483999736607075]]",f98ba831c1ce674ed171260e5822e78fa2b2a5ad0cbc2e19936ff6c0680a4e34,pass,
male,FJ1785,Left parahippocampal gyrus,nervous,388,652,"[[0.008932179771363735, 1.5997512340545654, -0.048717599362134933], [0.029918599873781204, 1.6218012571334839, 0.000707999977748841]]",39b67b48356a901846d8a016b0854ff73b0509a57958b2254a04928d838414e9,pass,
male,FJ1786,Right parahippocampal gyrus,nervous,421,760,"[[-0.031272098422050476, 1.5998811721801758, -0.048733100295066833], [-0.010180200450122356, 1.6218012571334839, 0.0007970000151544809]]",e8b7a3eea8f9c9723280b2c5c675f4d61c51e89e9e9a4f70619037f2ec730ebf,pass,
male,FJ1787,Left middle frontal gyrus,nervous,1498,2506,"[[0.014599899761378765, 1.63853120803833, -0.02580069936811924], [0.049143001437187195, 1.7005012035369873, 0.059172000735998154]]",3413cd56072951f52ef25b402e5210fcbfc0462791f23d19276911ce7bddf907,pass,
male,FJ1788,Right middle frontal gyrus,nervous,1507,2478,"[[-0.05051340162754059, 1.6385811567306519, -0.02616170048713684], [-0.01593329943716526, 1.7004112005233765, 0.05920000001788139]]",060d2796854b7e7510683ec2d1f2176be93071748b8639745dcdc0eb321ea603,pass,
male,FJ1789,Left middle temporal gyrus,nervous,1022,1748,"[[0.03312100097537041, 1.600371241569519, -0.08600670099258423], [0.06889340281486511, 1.6339612007141113, 0.024954000487923622]]",6a1ecde55f462ac1b23149edefda37b8162c8f03a9920eaeec93c9aa9bb328ba,pass,
male,FJ1790,Right middle temporal gyrus,nervous,963,1632,"[[-0.06994040310382843, 1.6005512475967407, -0.08570639789104462], [-0.03451969847083092, 1.6338112354278564, 0.024952000007033348]]",f804dcf3fc4c3243936f0a80df51fc3393817d0941d2c46737353da072fdcbe2,pass,
male,FJ1791,Left occipital lobe,nervous,2064,3484,"[[0.00011104699660791084, 1.5958912372589111, -0.11032930016517639], [0.04352699965238571, 1.6496411561965942, -0.04706770181655884]]",6a5a8ffbfa874f0fb5799e61c9d6cb0c6763503b1067c9d7376f645ec2c4e5b1,pass,
male,FJ1792,Right occipital lobe,nervous,2103,3554,"[[-0.044824399054050446, 1.595851182937622, -0.11026179790496826], [-0.0015561600448563695, 1.649671196937561, -0.047048501670360565]]",0c29b0bf5cc399ca7edee3b217f8780da0c34c083b91741206596dfc7f21291f,pass,
male,FJ1793,Orbital gyrus,nervous,1212,2058,"[[0.000741065014153719, 1.6118712425231934, -0.0019326000474393368], [0.0410849004983902, 1.6420412063598633, 0.0652649998664856]]",dd6fede9cf43d121ecba3e52a56b718a7375025075b8faac2d826e3c117c0278,pass,
male,FJ1794,Orbital gyrus,nervous,1243,1968,"[[-0.04231429845094681, 1.6121611595153809, -0.0019956999458372593], [-0.0021188301034271717, 1.6420211791992188, 0.06525799632072449]]",dacdcc78acba7fbd2c08726966d5d2b7e8f7a7ddca6adc4261d1d6903f6f1367,pass,
male,FJ1795,Pineal body,endocrine,292,580,"[[-0.0036507099866867065, 1.6182912588119507, -0.040832798928022385], [0.002614809898659587, 1.626001238822937, -0.029408499598503113]]",66b6fca4eca017510137f28a52a4edf03f53880a0519627884e88be97cf19faa,pass,
male,FJ1796,Pituitary gland,endocrine,592,1134,"[[-0.006791099905967712, 1.600681185722351, 0.0011050000321120024], [0.005519689992070198, 1.613631248474121, 0.010563000105321407]]",c5365974b4d607e848c91870fd72acca31ae7613516007851b7a409aec5eaf31,pass,
male,FJ1797,Left postcentral gyrus,nervous,1701,2972,"[[0.0006096489960327744, 1.6420111656188965, -0.07572899758815765], [0.06718370318412781, 1.7017911672592163, -0.01208330038934946]]",051745220d3148b75a955b4f6e515882bf427fbe3c52dbdb30d41da86ae75162,pass,
male,FJ1798,Right postcentral gyrus,nervous,1741,3012,"[[-0.06839749962091446, 1.6422512531280518, -0.0757426992058754], [-0.001748100039549172, 1.7018011808395386, -0.012232099659740925]]",5299ed50bd8a0ce0d2d86ef870726adced65923181ee8b133143dc33eb610910,pass,
male,FJ1799,Posterior commissure,nervous,325,646,"[[-0.008425850421190262, 1.6215811967849731, -0.028982000425457954], [0.00698969978839159, 1.6243112087249756, -0.023897800594568253]]",5e8bf41e1d6e3ad3103b09057a6a5112ce31cd33d4855a21cf0e6e5f06e6581f,pass,
male,FJ1800,Left precentral gyrus,nervous,1969,3340,"[[0.0005947190220467746, 1.6388112306594849, -0.06070280075073242], [0.06288540363311768, 1.7048012018203735, 0.004838999826461077]]",f3cd23f5b37a3db02447f7aaefd87afc5b4df509c5f6dd8c8ece5cd2d74cd81d,pass,
male,FJ1801,Right precentral gyrus,nervous,2034,3386,"[[-0.06415089964866638, 1.6386611461639404, -0.06065410003066063], [-0.0016214899951592088, 1.704661250114441, 0.004658000078052282]]",ef9fb56a7316cbc34cb2e56d31d8da4414c2b66065f647ca526172c1673a9d66,pass,
male,FJ1802,Right caudate nucleus,nervous,671,1278,"[[-0.03494049981236458, 1.618381142616272, -0.039629001170396805], [-0.0032259400468319654, 1.6554611921310425, 0.023791000247001648]]",d14316ca34b3228bba5ae7c6b5bc13bd1f9661c7dffa97a2c094b8156375cf66,pass,
male,FJ1803,Choroid plexus of cerebral hemisphere,nervous,1717,2570,"[[-0.03800949826836586, 1.612991213798523, -0.0437094010412693], [-0.000623219006229192, 1.646901249885559, -0.00035439999192021787]]",53e76854080c28d3b900e62fb12612682d182ea95b87b86e3f3d16438d177414,pass,
male,FJ1804,Right fornix of forebrain,nervous,744,1484,"[[-0.032116200774908066, 1.613401174545288, -0.04171010106801987], [-0.0006768769817426801, 1.6454612016677856, 0.002741999924182892]]",8f0b8b4219e3f35c4a50fafe3ebf08ea5f524276a47ac3c6116c510e00941f0f,pass,
male,FJ1805,Right globus pallidus,nervous,589,1174,"[[-0.030320800840854645, 1.6244312524795532, -0.019764399155974388], [-0.013593999668955803, 1.641721248626709, 0.009492999874055386]]",cc30ef412e0b023780f294fbd825afa289e84df5a905025d402cfd66e4adb249,pass,
male,FJ1806,White matter of right cerebral hemisphere,nervous,7200,10754,"[[-0.06368350237607956, 1.6002511978149414, -0.10062804073095322], [-0.004500180017203093, 1.70103120803833, 0.0625389963388443]]",7d8a67e714cf464020bf225f0afc22e698bc87403a2a1aba170df780b59ab43d,pass,
male,FJ1807,Right hippocampus,nervous,411,812,"[[-0.03790609911084175, 1.6073812246322632, -0.04047669842839241], [-0.017908800393342972, 1.629351258277893, 0.002351999981328845]]",97293d4ac443e6e49122cef5dcc45c8e18d29a35373c31e81ba7c9264f147dd6,pass,
male,FJ1808,Hypothalamus,nervous,776,1270,"[[-0.008267680183053017, 1.610341191291809, -0.007763800211250782], [-0.0006506170029751956, 1.6302112340927124, 0.010177000425755978]]",14b53bf8f5167d71b3554e7ae058187bc9cc0547b32654049025bc2c6abb2859,pass,
male,FJ1809,Brachium of right inferior colliculus,nervous,133,260,"[[-0.015442799776792526, 1.6102712154388428, -0.03174649924039841], [-0.003662839997559786, 1.6213412284851074, -0.024201899766921997]]",c40a88825c384075e51cb387e5b0fbe602d355bc857b2536ff2b7b638674e9c4,pass,
male,FJ1810,Right inferior colliculus,nervous,104,204,"[[-0.008712849579751492, 1.6069711446762085, -0.032464999705553055], [-0.0009226590045727789, 1.6146411895751953, -0.02465829998254776]]",f4a37ad2e5fc2f2d7a85cc3380e57982cfb762d053eb05d5a8c449d137a9ce03,pass,
male,FJ1811,Interpeduncular fossa,nervous,95,76,"[[-0.00303147011436522, 1.6203311681747437, -0.007980599999427795], [-0.0006467109778895974, 1.621731162071228, -0.005550500005483627]]",f67df442b2f3dfc48b2b3e8ac603043dd5c215ce7d577a00f63ffc3e9130fab9,pass,
male,FJ1812,Lamina terminalis,nervous,205,226,"[[-0.0020590899512171745, 1.6176512241363525, 0.002331000054255128], [-0.0006532769766636193, 1.6295311450958252, 0.009643999859690666]]",69b86b1a7eca190e0843478217dda9767c7adf76bbe57ee94d1fc0b2607cbed8,pass,
male,FJ1813,Right lateral geniculate body,nervous,305,604,"[[-0.024525100365281105, 1.6150611639022827, -0.030959900468587875], [-0.016053900122642517, 1.62148118019104, -0.019230099394917488]]",ecab5e0955d8100a4fbb1f0025b43005a464b87b9c872c232f146f231cc12960,pass,
male,FJ1814,Right lateral ventricle,nervous,1984,3962,"[[-0.039399098604917526, 1.6084412336349487, -0.08237349987030029], [-0.0008653069962747395, 1.657441258430481, 0.026938000693917274]]",e6cf192a5832d40a085f3b8aaa247a3e6a342e329ea5993f03df53e8a86274da,pass,
male,FJ1815,Mammillary body,nervous,112,220,"[[-0.004728950094431639, 1.6164312362670898, -0.008314600214362144], [-0.0007774640107527375, 1.6214512586593628, -0.0037557000759989023]]",e6843474c11db80a950ccbb3dbef58b7f068fc83bbf28a4018e448af678ba064,pass,
male,FJ1816,Right medial geniculate body,nervous,101,198,"[[-0.018317200243473053, 1.6140512228012085, -0.028955599293112755], [-0.011799000203609467, 1.621711254119873, -0.021886499598622322]]",b08ce8fd5d432a1f64e2bd47514c57611f9707151875cfe1b5906043492ed033,pass,
male,FJ1816M,Left medial geniculate body,nervous,101,198,"[[0.011798899620771408, 1.6140512228012085, -0.028955599293112755], [0.018317200243473053, 1.621711254119873, -0.021886499598622322]]",c994ffdb937e838eba0d3531786c7b7058ed3d0bf0ce3d93d0114f88b3fb04f2,pass,
male,FJ1817,Midbrain,nervous,1187,1428,"[[-0.015300500206649303, 1.6066012382507324, -0.033404599875211716], [-0.0006381479906849563, 1.6236412525177002, -0.004048299975693226]]",b0acc92f553b29ff68e7c89c67c56ccdf0a6d0ce32b7673671d0f61df04f98dd,pass,
male,FJ1818,Optic chiasm,nervous,430,846,"[[-0.007978579960763454, 1.614031195640564, 0.00011800000356743112], [-0.0006550480029545724, 1.6221212148666382, 0.01042299997061491]]",2948bc4135441c78f513c7ad30e2581b005bdd897f6581986697022ce44076b4,pass,
male,FJ1819,Right optic nerve,nervous,299,544,"[[-0.033294498920440674, 1.598371148109436, 0.0021750000305473804], [-0.0012920700246468186, 1.6204211711883545, 0.051711998879909515]]",90158d0c6761b5543ee6bfd039b14e3aa69408cd8cd67aa6b0aac6348252f92e,pass,
male,FJ1820,Right optic tract,nervous,553,1068,"[[-0.026055699214339256, 1.614091157913208, -0.03035460039973259], [-0.001270720036700368, 1.6220911741256714, 0.007431000005453825]]",fba75d32049a87ac392ae9764e015ea65dc7904dd45d65f43914aeb21049e19d,pass,
male,FJ1821,Peduncle of midbrain,nervous,1480,1834,"[[-0.021912699565291405, 1.6071511507034302, -0.023693999275565147], [-0.0025686100125312805, 1.6238912343978882, -0.0007782999891787767]]",5c3e47b7cc12131d82a6ae4e96ce3f27a93b8b5ee9ab914a226723240507d1cf,pass,
male,FJ1822,Pons,nervous,2197,3038,"[[-0.021745000034570694, 1.5802011489868164, -0.037387799471616745], [-0.0005762630025856197, 1.6087912321090698, -0.0030517999548465014]]",93845683ec8661e3c2acdd7960c18bbf5d9623bd81d1b7c32697adb00e7d08d1,pass,
male,FJ1823,Right putamen,nervous,860,1554,"[[-0.035735901445150375, 1.623541235923767, -0.024470200762152672], [-0.017474500462412834, 1.6496511697769165, 0.018365999683737755]]",762e4ec0667134104cdded61b377559537530a9fcb8216bdf484a2819110eff1,pass,
male,FJ1824,Right stria medullaris of thalamus,nervous,390,576,"[[-0.004467859864234924, 1.6233712434768677, -0.033207301050424576], [-0.0006693329778499901, 1.6389611959457397, 0.0035830000415444374]]",cfbf7945c6db3290857ecaa167e80ca60bf86211d2bd827de43f2c48ec1514e3,pass,
male,FJ1825,Stria terminalis,nervous,554,648,"[[-0.028809500858187675, 1.6149312257766724, -0.03825460001826286], [0.02344599924981594, 1.6457312107086182, 0.005355999805033207]]",7b865de9839d500707179618acc7d30a853f85370f5ef64bd2330ec135a02c2a,pass,
male,FJ1826,Right superior colliculus,nervous,91,176,"[[-0.008517690002918243, 1.6154512166976929, -0.03174100071191788], [-0.0008151259971782565, 1.621421217918396, -0.02572060003876686]]",dc0b914c5d95c5053ff5fc7497a5a03322590a09cf8deb10f551bfe2780d1cb4,pass,
male,FJ1827,Right thalamus,nervous,381,758,"[[-0.0246054008603096, 1.6202411651611328, -0.038129501044750214], [-0.0012477500131353736, 1.6438312530517578, -0.0016330999787896872]]",66ad02ed7349c91353970ad8e39994e59801f7a4661b57e560e2e198c715549d,pass,
male,FJ1828,Tuber cinereum,nervous,573,588,"[[-0.009249609895050526, 1.6102311611175537, -0.0058373999781906605], [-0.0006448819767683744, 1.6212211847305298, 0.003745999885722995]]",c28706e04eaea82c2777944c97226d172c02e6d12eae95317e868b08a6f87cfc,pass,
male,FJ1829,Right amygdala,nervous,201,382,"[[-0.03462760150432587, 1.6100411415100098, -0.010866399854421616], [-0.0175819993019104, 1.6228011846542358, 0.007511999923735857]]",28d1b90619619be462d18a702cd0c8e0af61e1bbd1fc648f868b7ab2990e68cb,pass,
male,FJ1830,Cerebellum,nervous,2781,5254,"[[-0.053900301456451416, 1.565391182899475, -0.08779480308294296], [-0.0006502930191345513, 1.618611216545105, -0.03157220035791397]]",9da34858faa8806bbf37e713879ce64b6b51d52f92d0efb9059876d4f84397d4,pass,
male,FJ1831,Medulla oblongata,nervous,817,1392,"[[-0.014009900391101837, 1.5426511764526367, -0.04872459918260574], [-0.0006324939895421267, 1.5838712453842163, -0.015561900101602077]]",422e1d86f63d65f5470d9abfac473711825d76cb7a7bf76b0be67942cf1fb0dc,pass,
male,FJ1832,Septum of telencephalon,nervous,3259,2624,"[[-0.01111880037933588, 1.6299612522125244, -0.04069960117340088], [0.009908740408718586, 1.6529312133789062, 0.021873999387025833]]",9f4e2401b97323dec1f3a4a06ce4c7b2d6035184d05b8251cbe44fb0c3b2330c,pass,
male,FJ1833,Left superior frontal gyrus,nervous,2348,4042,"[[0.00019045900262426585, 1.630291223526001, -0.046300601214170456], [0.0317067988216877, 1.708571195602417, 0.06967700272798538]]",8cacde1d06e63a44329f7c2e6d8ed25d0a6a01b924f2c68750d9a1923ffef7d0,pass,
male,FJ1834,Right superior frontal gyrus,nervous,2430,4112,"[[-0.03314429894089699, 1.6302611827850342, -0.04621319845318794], [-0.0015545099740847945, 1.708531141281128, 0.06966900080442429]]",141853bd427e8e90465bfa20bc81ae9d821ae5a2d31c6f407a5885b1a47aadc8,pass,
male,FJ1835,Left superior parietal lobule,nervous,2583,4216,"[[0.0001833300048019737, 1.6277211904525757, -0.10630487650632858], [0.03607479855418205, 1.695221185684204, -0.04975559934973717]]",d45a47fd1ea34fc610b766c5ce9e05bb683d751aaa4f58a81e5f01e1c5a9adce,pass,
male,FJ1836,Right superior parietal lobule,nervous,2592,4394,"[[-0.03757710009813309, 1.6277211904525757, -0.10645770281553268], [-0.0014454700285568833, 1.6951911449432373, -0.0497749000787735]]",8af0fddb752be28903462d7a5959ae5eaed1aa4252a1c767805d06a45b1888a0,pass,
male,FJ1837,Anterior part of left superior temporal gyrus,nervous,871,1486,"[[0.026637399569153786, 1.601911187171936, -0.04576700180768967], [0.06241390109062195, 1.650861144065857, 0.028033999726176262]]",9a0bdcf8c38b8c2cd73acef08b3ea2574adff79ac7c3b245a8e23d9b1a765802,pass,
male,FJ1838,Anterior part of right superior temporal gyrus,nervous,842,1436,"[[-0.06360270082950592, 1.6019011735916138, -0.045791398733854294], [-0.028000500053167343, 1.6508811712265015, 0.028082000091671944]]",2772b9e13bf0f11e374f4a05da588c4e85c95d836ddd9c7cdbac0e4112f0b759,pass,
male,FJ1839,Posterior part of left superior temporal gyrus,nervous,965,1806,"[[0.03805670142173767, 1.612011194229126, -0.07813189923763275], [0.06969869881868362, 1.6511012315750122, -0.004416999872773886]]",ecf9b896b54b0c5e86a073d06c6b12d694dd14cac741bf826067aef478709fdf,pass,
male,FJ1840,Posterior part of right superior temporal gyrus,nervous,1004,1840,"[[-0.07114990055561066, 1.6120412349700928, -0.07827939838171005], [-0.03929860144853592, 1.65096116065979, -0.004391999915242195]]",c3a29ab634d5e634561e69a15bf0c0462c1a59e52f2d95d527926c5cf837e987,pass,
male,FJ1841,Left supramarginal gyrus,nervous,1199,2104,"[[0.02314949966967106, 1.63935124874115, -0.06454010307788849], [0.06878630071878433, 1.6809312105178833, -0.02688319981098175]]",61af2912a23af4b25a78de6ba06332cd0947ef3eb1ac454ea83660cf68972406,pass,
male,FJ1842,Right supramarginal gyrus,nervous,1251,2090,"[[-0.06970520317554474, 1.6394811868667603, -0.06457249820232391], [-0.02439190074801445, 1.6805611848831177, -0.026880400255322456]]",3d573a25c967a489e801594b130c996d3b776ec02e155557061d5a2ccedea161,pass,
male,FJ1843,Tentorium cerebelli,nervous,2889,4822,"[[-0.06330910325050354, 1.5856411457061768, -0.09417953342199326], [-0.00234811007976532, 1.6197612285614014, -0.006708499975502491]]",b89c5ce72adfc0c91cfa77f9bc65ff3cc9744170f3a13d17a1aa480baeb30d45,pass,
male,FJ1844,Basilar artery,arterial,125,238,"[[-0.0022814800031483173, 1.5807411670684814, -0.016449399292469025], [0.000948449014686048, 1.6103812456130981, -0.001831799978390336]]",685e7d9199a9f2e81d5dd7f50bfacd283da44750e4281889419e2dd0e60481c4,pass,
male,FJ1846,Celiac artery,arterial,133,238,"[[0.001104069990105927, 1.1557612419128418, 0.007594000082463026], [0.012240299955010414, 1.167951226234436, 0.030787000432610512]]",41630bb42fcc25cee92d6f37eafb68583dac70aaa1e581fb092db2c9d3702899,pass,
male,FJ1853,Hepatic portal vein,venous,396,788,"[[-0.021443400532007217, 1.1404411792755127, 0.023593999445438385], [-0.0070885298773646355, 1.1892311573028564, 0.044176001101732254]]",42178ead0ec302c2510e32b74b744f020bdc48645cb6708681cd12822d8b4467,pass,
male,FJ1858,Hepatovenous segment IX,venous,1696,2100,"[[-0.11511100083589554, 1.1682112216949463, -0.0563570000231266], [-0.0200957003980875, 1.2532612085342407, 0.05209900066256523]]",bf895785670b080eeaf55006d4fc084a2da436234e3f59ffe0fbf59657f74050,pass,
male,FJ1867,Tributary of middle hepatic vein,venous,230,456,"[[-0.08389479666948318, 1.2111811637878418, 0.055799998342990875], [-0.04263930022716522, 1.2324512004852295, 0.0642319992184639]]",1033ffd4b023695fc99de83d918519e9240027917bbf20a6a1d31b3e7ff1bdf8,pass,
male,FJ1874,Left lobe branch of left hepatic artery,arterial,370,482,"[[-0.025650199502706528, 1.2149912118911743, 0.06701300293207169], [-0.01769080013036728, 1.2257012128829956, 0.07968199998140335]]",281bd468bfff497d745e462e0faea08e5293f227e73d41a4e7135d37ec62f318,pass,side_vs_body_midline: review regional laterality; cardiac/hepatic labels can legitimately cross midline
male,FJ1883,Caudate lobe tributary of left hepatic biliary tree,digestive,234,348,"[[-0.017638899385929108, 1.1860911846160889, 0.01692100055515766], [0.0014361799694597721, 1.2114711999893188, 0.054816000163555145]]",105c3cc227cbe3e1d608ecac271b948615113e5d07a86047574d8525c59fdca6,pass,
male,FJ1893,Left portal vein,venous,317,470,"[[-0.025106800720095634, 1.1864511966705322, 0.05035899952054024], [0.0564194992184639, 1.2356412410736084, 0.0994580015540123]]",36c0f3fd1404bcd7352a38d585e2c9f0cde283d1c41c375b3606f9b4efca179a,pass,
male,FJ1895,Pancreas,digestive,1276,2534,"[[-0.04790480062365532, 1.082471251487732, -0.004588000010699034], [0.07267440110445023, 1.156211256980896, 0.04637899994850159]]",f1752a701825aa26ca501821f4eac8e548573e87d4cdab7f77f35a66cbd1e8c2,pass,
male,FJ1896,Pancreatic duct,digestive,2745,1816,"[[-0.0495436005294323, 1.099541187286377, 0.0019710001070052385], [0.06149689853191376, 1.1448211669921875, 0.038102999329566956]]",49ce915f00b013e8bccf65eb6809b23362cd3ce99101129379d4c134b73ecdc0,pass,
male,FJ1913,Right portal vein,venous,584,820,"[[-0.1013839989900589, 1.1549911499023438, -0.03308520093560219], [-0.0456325002014637, 1.2303411960601807, 0.07421199977397919]]",e6150f00dbdef3aca7295488626f9a56cb9b96482273e503ebc2c4945ee419c1,pass,
male,FJ1914,Caudate lobe branch of right portal vein,venous,177,310,"[[-0.029515599831938744, 1.1881811618804932, 0.02924400009214878], [-0.016404200345277786, 1.198661208152771, 0.03915100172162056]]",37d1867139c225699e18d90c20a9daadfd19470182d3fd7409d2552710445d0d,pass,
male,FJ1916,Caudate lobe branch of right hepatic artery,arterial,209,352,"[[-0.03301290050148964, 1.184831142425537, 0.028358999639749527], [-0.016512399539351463, 1.197681188583374, 0.041666001081466675]]",1f7330275e70db6fe0176b752681e9c7c34423387d71617a9ce6ff60b75cde85,pass,
male,FJ1924,Right lobe branch of right hepatic artery,arterial,454,450,"[[-0.0918888971209526, 1.1914112567901611, -0.03319390118122101], [-0.045308198779821396, 1.2215611934661865, 0.052553001791238785]]",6f045c47ff11e6ce55a897e1ce9fb717f782f0282a64fd55543c9745866a04b0,pass,
male,FJ1928,Superior mesenteric artery,arterial,352,580,"[[-0.06094620004296303, 0.9875671863555908, 0.012118999846279621], [0.008385189808905125, 1.1327612400054932, 0.051364000886678696]]",a1ee78e8afa27d2267dc7012ba92a86791c60356df02bb32a78f373b0b2f486b,pass,
male,FJ1931,Descending thoracic aorta,arterial,300,502,"[[0.0016337200067937374, 1.2069811820983887, -0.04588260129094124], [0.029826700687408447, 1.3778212070465088, -0.00021389999892562628]]",13f9c55875de934147963bbc8f0ef6933cca00bbdbedcd5f950974744faf65c8,pass,
male,FJ1932,Abdominal aorta,arterial,286,498,"[[-0.000893221003934741, 1.0268532037734985, -0.01751760020852089], [0.01999090053141117, 1.2140212059020996, 0.03277600184082985]]",f5329c603507216ccc1107c975bde3a82384dca4303d8be5d6c8d81ee0593250,pass,
male,FJ1933,Bronchial artery,arterial,459,548,"[[-0.0493864007294178, 1.3596012592315674, -0.026378199458122253], [0.01274119969457388, 1.3975311517715454, -0.004897399805486202]]",7bfb5fca2fdf0100ed1590ff355b71dc9c841bf83ef7abbb8319804a424ef44d,pass,
male,FJ1934,Esophageal artery,arterial,388,438,"[[-0.02986220084130764, 1.2737611532211304, -0.03442800045013428], [0.012275700457394123, 1.3274011611938477, -0.017563600093126297]]",a470f55be53277cb8ea31db5d7d188456afca969e364053675c61e65cb8e7ae9,pass,
male,FJ1935,Right superior intercostal artery,arterial,103,184,"[[-0.05133470147848129, 1.422781229019165, -0.013880999758839607], [-0.04617910087108612, 1.4265811443328857, -0.0014541000127792358]]",99bc255b8464ef1c2b70ad74143aff6953139f978ec0f44eb74ae3163329b05e,pass,
male,FJ1936,Right superior epigastric artery,arterial,257,494,"[[-0.0162758007645607, 1.0866612195968628, 0.0807420015335083], [-0.00586513988673687, 1.2528611421585083, 0.10324200242757797]]",e02ec5ada6e4d3bc899ed3143acc647e683b12950d30e1ca7db0052f3bf00341,pass,
male,FJ1937,Right internal thoracic artery,arterial,392,780,"[[-0.04055749997496605, 1.2499312162399292, 0.0005929999751970172], [-0.012242699973285198, 1.4274611473083496, 0.1007940024137497]]",b4b60ede7ca363e411c02531ca7879a8a9432a2e846f86a5f69ba43b8c2a53bf,pass,
male,FJ1938,Right lateral thoracic artery,arterial,284,516,"[[-0.12886400520801544, 1.1873011589050293, -0.00619470002129674], [-0.10691100358963013, 1.4003112316131592, 0.06482899934053421]]",4df035732789dca544ef3ff61fbfe29a48fb5496578721f740391be731435455,pass,
male,FJ1939,Right first posterior intercostal artery,arterial,266,520,"[[-0.06894999742507935, 1.3693912029266357, -0.021810999140143394], [-0.019887100905179977, 1.4242712259292603, 0.04687599837779999]]",a2f3bdb66385557edb380965cbbe69c4756cc69de9b4677cd7d4e7c5b6f56b42,pass,
male,FJ1950,Right second posterior intercostal artery,arterial,296,584,"[[-0.09468069672584534, 1.3497412204742432, -0.04023610055446625], [-0.015775399282574654, 1.4239811897277832, 0.064069002866745]]",ca105ca429e20187d1e4909ece5ad68e06d9c8782159bd053a91eba1e45d8481,pass,
male,FJ1961,Posterior intercostal arteries,arterial,4240,8352,"[[-0.13233999907970428, 1.0864711999893188, -0.09232646226882935], [0.021239999681711197, 1.4035911560058594, 0.10109300166368484]]",ae85dbef40b9a6ff58646f2e8359a401ea4f469e0924c2819cc79738a018ef94,pass,
male,FJ1967,Right subcostal artery,arterial,231,430,"[[-0.08212929964065552, 1.089091181755066, -0.06716030091047287], [0.002653250005096197, 1.1546411514282227, 0.006988999899476767]]",68d4839f05dbc355b2b52b750129f7f0f621100be89a36e648da7e85ad9651b9,pass,
male,FJ1969,Right musculophrenic artery,arterial,280,556,"[[-0.11396600306034088, 1.0744282007217407, -0.0035971999168395996], [-0.012491400353610516, 1.252601146697998, 0.10222800076007843]]",2a8edf8423369c3476fb705163cb9e44f5391fc2e067ff2d567d30619915a2fc,pass,
male,FJ1970,Left superior intercostal artery,arterial,106,206,"[[0.046004101634025574, 1.4228612184524536, -0.013898000121116638], [0.0513979010283947, 1.4265512228012085, -0.0014817999908700585]]",34017b360d66dac7ca659bf68af7bb1fbfac25250afc5b6b7393b04b928e358b,pass,
male,FJ1971,Left superior epigastric artery,arterial,266,498,"[[0.005825779866427183, 1.086631178855896, 0.08073899894952774], [0.016263699159026146, 1.2528611421585083, 0.10321799665689468]]",bcd5ba678950f8c5df8cefe6e0004d2122fae3ccb23b400911fbe1cb56f0c323,pass,
male,FJ1972,Left internal thoracic artery,arterial,402,800,"[[0.012233300134539604, 1.2499111890792847, 0.0007639999967068434], [0.041457399725914, 1.4303412437438965, 0.10079000145196915]]",1b810526bdd1402507e701caab96ac3805bf05c7dfb1a9820d290e2e704e5a17,pass,
male,FJ1973,Left first posterior intercostal artery,arterial,255,502,"[[0.019844600930809975, 1.369401216506958, -0.021835699677467346], [0.06895940005779266, 1.4242511987686157, 0.046863000839948654]]",02a8374832304688ded3389b90da870a81535e05f014f99be8911d43809ca6a6,pass,
male,FJ1974,Left second posterior intercostal artery,arterial,301,598,"[[0.01584790088236332, 1.34964120388031, -0.04014720022678375], [0.09467180073261261, 1.4239212274551392, 0.06403899937868118]]",c26b134a566d38e11b170fb9525e9aefca074098a11e70c2b436b3cba16ff57d,pass,
male,FJ1975,Posterior intercostal arteries,arterial,4077,7710,"[[0.00013164299889467657, 1.0864012241363525, -0.09227462112903595], [0.13234500586986542, 1.403611183166504, 0.10109599679708481]]",26be21071796f7c8da2764fb87e4cf17addf2ed85b4b8e18187d3c9f2aab1773,pass,
male,FJ1976,Left lateral thoracic artery,arterial,288,516,"[[0.10691600292921066, 1.1873811483383179, -0.006153100170195103], [0.12884800136089325, 1.400301218032837, 0.06488300114870071]]",ac45f7b6a5d1320f7fadb324b295589a526ff645c2bcaf5707e02838b4dbd8be,pass,
male,FJ1977,Left subcostal artery,arterial,236,416,"[[0.011463800445199013, 1.0896612405776978, -0.06672170013189316], [0.08261430263519287, 1.1536811590194702, 0.0024500000290572643]]",d55b3cd14d610083be02fcd34a0e108f7e3a3a56507fd996df6237cd44d640e9,pass,
male,FJ1979,Left musculophrenic artery,arterial,284,564,"[[0.012520899996161461, 1.0743621587753296, -0.0035836000461131334], [0.113987997174263, 1.252601146697998, 0.1022379994392395]]",fc118f58840c486da5d438384f9fbe63cce24a11da4aadd771d06cfb51c4f1af,pass,
male,FJ1981,Accessory hemiazygos vein,venous,500,996,"[[-0.014881500042974949, 1.2772011756896973, -0.0571230985224247], [0.03185059875249863, 1.4058111906051636, 0.03181400150060654]]",609c4ec642198bc0705c117e0f7ab2a1aa1df3db136046529a994cf517865622,pass,
male,FJ1985,Set of anterior intercostal veins,venous,4335,8332,"[[0.009963950142264366, 1.0875412225723267, -0.092039093375206], [0.13234399259090424, 1.4290711879730225, 0.10283199697732925]]",597eea3414ca308e954d80947834a2f450ce7a608bde607c57ce300905b571da,pass,
male,FJ1986,Left superior intercostal vein,venous,149,292,"[[0.020555999130010605, 1.3763612508773804, -0.05634459853172302], [0.03643240034580231, 1.428861141204834, -0.03678299859166145]]",c971d1098fc7fc0563de1ad6ca87043829c9ef8d6e0cfc11b49ef714ed9a334d,pass,
male,FJ1987,Left subcostal vein,venous,180,322,"[[0.021713899448513985, 1.0903211832046509, -0.06620089709758759], [0.08264770358800888, 1.1549712419509888, -0.02715579979121685]]",b77532b92eb8c5c8161e86c9f8a0b0d47c1f7d9439b18c3fbd8be982fb6f8c27,pass,
male,FJ1988,Left musculophrenic vein,venous,357,710,"[[0.009140430018305779, 1.0982211828231812, 0.04658399894833565], [0.10804799944162369, 1.2652511596679688, 0.10592900216579437]]",bea95cb866ddb9173eede12068a4a22b93bb42b7e8fc827e820ff5c9b85ff450,pass,
male,FJ1991,Right superior intercostal vein,venous,147,274,"[[-0.03642849996685982, 1.355851173400879, -0.05633470043540001], [-0.009921370074152946, 1.4288111925125122, -0.0275822002440691]]",513527da18b9f28eed1044dc632be5b5d833fe1b57b8a863b98eb418c75926f9,pass,
male,FJ1993,Right internal thoracic vein,venous,356,668,"[[-0.02648410014808178, 1.2620011568069458, 0.01932699978351593], [-0.009189100004732609, 1.4081112146377563, 0.09845499694347382]]",d11dc401af7227f24fd7c8f1e19b700d38c59ec64050dfcf5434373b180ea7a7,pass,
male,FJ1994,Set of anterior intercostal veins,venous,4421,8538,"[[-0.1323709934949875, 1.0875211954116821, -0.0920339822769165], [-0.009012159891426563, 1.4290812015533447, 0.10286200046539307]]",cc0b2ff0d9ce24f40cc05ba0b2281d5ca3d502996540577c2f0f6a1ebd1dcd8c,pass,
male,FJ1995,Right subcostal vein,venous,204,366,"[[-0.08251570165157318, 1.0904011726379395, -0.066109798848629], [-0.01154599990695715, 1.1566212177276611, -0.0026710000820457935]]",cd9daa81c3f4c7e694c722f3ae9d22f7ad07e8e3edaf6d1b84023bc93db95ee6,pass,
male,FJ1996,Right musculophrenic vein,venous,358,712,"[[-0.10804799944162369, 1.0982211828231812, 0.04659099876880646], [-0.009156749583780766, 1.2649911642074585, 0.10578300058841705]]",807781414d567ba382809a57ef45122408fffd95a162bb01ecc82bca28b5232d,pass,
male,FJ2011,Superior mesenteric artery,arterial,343,564,"[[-0.06094620004296303, 0.9875671863555908, 0.012118999846279621], [0.008385179564356804, 1.1327612400054932, 0.051364000886678696]]",b14b286e39e100e3a82c0aeaa2157632ae2694d616825c5baddd0f1efc69e1a1,pass,
male,FJ2013,Celiac artery,arterial,133,238,"[[0.001104069990105927, 1.1557612419128418, 0.007594000082463026], [0.012240299955010414, 1.167951226234436, 0.030787000432610512]]",41630bb42fcc25cee92d6f37eafb68583dac70aaa1e581fb092db2c9d3702899,pass,
male,FJ2025,Marginal colic artery,arterial,617,788,"[[-0.07021109759807587, 1.0089682340621948, 0.0016289999475702643], [0.06869470328092575, 1.143701195716858, 0.06979099661111832]]",5e3ac625833432031369afe78c8221742630b75e0615e05d650cc95cb7d38c6e,pass,
male,FJ2034,Ileal branch of inferior branch of ileocolic artery,arterial,86,100,"[[-0.05337719991803169, 1.0147111415863037, 0.021694999188184738], [-0.029121100902557373, 1.0350621938705444, 0.03290000185370445]]",5ae880126035919f5c064164cf2324fc02c94a70b29b53627ec93c23603a6dca,pass,
male,FJ2038,Right renal artery,arterial,119,196,"[[-0.0423441007733345, 1.1032911539077759, -0.0027415999211370945], [0.01271129958331585, 1.1268311738967896, 0.019561000168323517]]",f9af7812288b547aeea6d3c8d5952eba95acf036227df02a92d96a6a166d9ecd,pass,
male,FJ2041,Right anterior segmental artery,arterial,158,290,"[[-0.08516989648342133, 1.1067012548446655, -0.02676049992442131], [-0.05766420066356659, 1.1284211874008179, -0.014118099585175514]]",6ae3b3655fc120a390d442eb761c396df2b767248a9a0053cba4750e4c0a2bae,pass,
male,FJ2042,Superior segmental branch of right renal artery,arterial,188,288,"[[-0.0690184012055397, 1.108321189880371, -0.03632330149412155], [-0.05755459889769554, 1.151191234588623, -0.010347199626266956]]",123a281fd90a583a07bb79a484993c4dc33ca70243fa279e7f345b868b33f642,pass,
male,FJ2043,Inferior segmental branch of right renal artery,arterial,139,260,"[[-0.08657509833574295, 1.077714204788208, -0.016376400366425514], [-0.0566244013607502, 1.1118712425231934, -0.007624899968504906]]",c7b1bbc9e8832d1e69f683d298f73b5df51765efcab83bb3280bd64420215c92,pass,
male,FJ2044,Right anterior segmental artery,arterial,154,274,"[[-0.09713909775018692, 1.0927011966705322, -0.01910329982638359], [-0.058280300348997116, 1.112551212310791, -0.013282200321555138]]",9d067aa8260ccf175c481da3172db46211af6e4939c202dbb4db366ddfded1f1,pass,
male,FJ2045,Posterior segmental branch of right renal artery,arterial,282,474,"[[-0.11138799786567688, 1.0716241598129272, -0.04937779903411865], [-0.060562700033187866, 1.09731125831604, -0.00806840043514967]]",29f0cda60ac239a29a9dca480cec1c18e7832831f141df1ea1b7ba38cb1d50ff,pass,
male,FJ2046,Left renal artery,arterial,165,286,"[[0.003650899976491928, 1.1146612167358398, -0.003237999975681305], [0.039461199194192886, 1.1278611421585083, 0.02030700072646141]]",daea26f1de70db5f69ebde6640a1b7598768001701969c2a6c3e97cd3155acb6,pass,
male,FJ2049,Inferior segmental branch of left renal artery,arterial,160,300,"[[0.0476934015750885, 1.0971812009811401, -0.019467199221253395], [0.08159510046243668, 1.1242811679840088, -0.00871289987117052]]",e7d383474dda3033d7bdfb4f7d396bb3edd8f1b6526e8bc20344895ddaedee59,pass,
male,FJ2052,Superior segmental branch of left renal artery,arterial,167,262,"[[0.04555229842662811, 1.1219911575317383, -0.03455920144915581], [0.05260799825191498, 1.1634912490844727, -0.005324199795722961]]",3bb8d1083a448939e3c47434423fb255e07ac740d5a5f2ecad85a9e82c538ddd,pass,
male,FJ2053,Posterior segmental branch of left renal artery,arterial,182,274,"[[0.054228100925683975, 1.118011236190796, -0.04615170136094093], [0.06795220077037811, 1.1496611833572388, -0.021758800372481346]]",c47b9b703c1ee1fd9a0545c8377735a49ad8d99d58ab8276d2783a781912a282,pass,
male,FJ2054,Posterior segmental branch of left renal artery,arterial,284,492,"[[0.04229680076241493, 1.1065112352371216, -0.0497777983546257], [0.09394639730453491, 1.1228212118148804, -0.004274299833923578]]",34e63e6dd04e5e0a17e6232b3614238d4959fae74dac85687952a127dc600837,pass,
male,FJ2055,Right dorsalis pedis artery,arterial,189,374,"[[-0.09188739955425262, 0.054208699613809586, -0.011667000129818916], [-0.0677843987941742, 0.08607573062181473, 0.04844899848103523]]",5d6d8a9337296f5e94a3e45f52403081a3c3d41d938d2fbf9b2a543a8ec053fe,pass,
male,FJ2056,Deep dorsal vein of penis,venous,287,518,"[[-0.005051809828728437, 0.7923082113265991, 0.0023159999400377274], [0.005057420115917921, 0.8721091747283936, 0.07891599833965302]]",2944477b90074267014676b5a2798f397a33cdc92ad03d12ad3317a5c942a5f2,pass,
male,FJ2057,Descending branch of right lateral circumflex femoral artery,arterial,577,1150,"[[-0.12123599648475647, 0.4893791973590851, -0.008672700263559818], [-0.07522790133953094, 0.8510541915893555, 0.022331999614834785]]",d4fed39004e2b651ba57192e59e73c87dad0cea7f4cb3eaf244ef8657732eb66,pass,
male,FJ2058,Distal perforating artery,arterial,218,412,"[[-0.1389169991016388, 0.014227000065147877, 0.047749001532793045], [-0.09973649680614471, 0.029131699353456497, 0.07778000086545944]]",aa4ca318e71baeb585f74a95eae12c348e80d4ca0099e5c0494bb0712240bf47,pass,
male,FJ2059,Dorsal venous arch of left foot,venous,209,414,"[[0.09488610178232193, 0.04205799847841263, -0.01681249961256981], [0.12090100347995758, 0.05679190158843994, 0.05987599864602089]]",b855b54c841c45da11a0ccf95d6f16a61ab07da940f5648abaf9bdc30b7b6cc1,pass,
male,FJ2060,Dorsal venous arch of left foot,venous,308,548,"[[0.09221819788217545, 0.03441949933767319, 0.029913000762462616], [0.10085199773311615, 0.053830601274967194, 0.053488001227378845]]",c7fd6a69a4744a7da96a8b63d075c802f50fdd792998c3b4f0f4ef30ba12af4c,pass,
male,FJ2061,Dorsal venous arch of right foot,venous,210,414,"[[-0.12083899974822998, 0.042027998715639114, -0.01681249961256981], [-0.09493570029735565, 0.05683949962258339, 0.059808000922203064]]",b3dcc4a611c9d2929994ee4062bcffe16ab087677861de6682b1b505027926fe,pass,
male,FJ2062,Dorsal venous arch of right foot,venous,309,546,"[[-0.10083000361919403, 0.034403398633003235, 0.029937999323010445], [-0.09220989793539047, 0.053809601813554764, 0.05351300165057182]]",74cb868267a4990821fa851f707b64ef5219d6ee54deb1fc2e7916a31d7cffe8,pass,
male,FJ2063,Descending branch of left lateral circumflex femoral artery,arterial,577,1150,"[[0.07522539794445038, 0.4893941879272461, -0.008669399656355381], [0.12125100195407867, 0.8510962128639221, 0.02230600081384182]]",48586b7fb0da06412f3a411562f83fcd8a5f94ee7794017492123ae8d0e298f7,pass,
male,FJ2064,Distal perforating artery,arterial,241,406,"[[0.09977330267429352, 0.014230900444090366, 0.047756001353263855], [0.13885900378227234, 0.029108699411153793, 0.07782500237226486]]",9e2b77e5a0fc1d6cc2126021a3afd87c7cfb141d509604b9956eed29ec648e64,pass,
male,FJ2065,Left anterior tibial artery,arterial,1917,3830,"[[0.06815160065889359, 0.08243265002965927, -0.029885299503803253], [0.10553199797868729, 0.3999311923980713, -0.0019328000489622355]]",78715c40eabf9300657bf9e045b55ad99a607832e53d0a7ebc7e325531d2d5f4,pass,
male,FJ2066,Left anterior tibial recurrent artery,arterial,788,1328,"[[0.05001030117273331, 0.3724401891231537, -0.025132400915026665], [0.11191000044345856, 0.4915311932563782, 0.023615999147295952]]",a6278d9aa47064b05494c8d54ba7de0cbb8402a46bfc4d507ca9a1f3dff2cfc0,pass,
male,FJ2067,Left arcuate artery,arterial,250,494,"[[0.08670389652252197, 0.035444099456071854, -0.0009180000051856041], [0.11708900332450867, 0.06307549774646759, 0.03724399954080582]]",5291d0b4a8a556cfc38487ac646b762e0666d53b5e9b91daa36047ed3025d28a,pass,
male,FJ2068,Left deep plantar artery,arterial,223,442,"[[0.09010180085897446, 0.038314200937747955, 0.029054999351501465], [0.09864950180053711, 0.0551019012928009, 0.05001400038599968]]",8df834b397013a68742c5ee23ed98ae90fb364ec0048a0f1d3620febc5aa4c21,pass,
male,FJ2069,Left descending genicular artery,arterial,736,1436,"[[0.03285050019621849, 0.43838921189308167, -0.011099499650299549], [0.06329350173473358, 0.5606861710548401, 0.012133999727666378]]",1d3f9c8dfa57cdbe1034571cc47be12f6a0614eb91b5d62162ba996695e8e473,pass,
male,FJ2072,Dorsal digital artery of foot,arterial,730,1204,"[[0.10411299765110016, 0.008866200223565102, -0.000763299991376698], [0.1704390048980713, 0.037477798759937286, 0.12904900312423706]]",26c70fad0b0a14ef7fba6a93043b9d81733ef6267bb278ebe9787d4b18743660,pass,
male,FJ2073,Left dorsalis pedis artery,arterial,189,374,"[[0.06779540330171585, 0.05416779965162277, -0.011684499680995941], [0.0918188989162445, 0.08608298748731613, 0.04841899871826172]]",181fb15faadd457f959362022e8a9f28c7090a9a8ded1819e9de024374a30d46,pass,
male,FJ2074,Left femoral artery,arterial,107,208,"[[0.03802169859409332, 0.5486652255058289, -0.014592000283300877], [0.06591030210256577, 0.9084352254867554, 0.042601000517606735]]",036b812832f0bacf52d52c0923437c0fc4f024af33ff64d502c0b10d6101fa67,pass,
male,FJ2076,Left inferior lateral genicular artery,arterial,388,770,"[[0.07943479716777802, 0.4185602068901062, -0.04622440040111542], [0.11593399941921234, 0.460231214761734, 0.0015259999781847]]",64d8b68d571c11e66b1d71448d721c4b3dfbb46ca4dea4a86bd91e38484acd53,pass,
male,FJ2077,Left inferior medial genicular artery,arterial,408,810,"[[0.04468350112438202, 0.4122242033481598, -0.04061000049114227], [0.0814523994922638, 0.43052420020103455, 0.0065899998880922794]]",0854c6369f3de11edf1179e5a97c3aa3258b41f9413aefc577b5c20c4e709143,pass,
male,FJ2078,Left lateral circumflex femoral artery,arterial,159,284,"[[0.07605119794607162, 0.8471502065658569, -0.03841499984264374], [0.12052100151777267, 0.8728492259979248, 0.024591000750660896]]",af8679943707662f60f30f59d1d0f9e209f19032d870a66ff8a3ed3bfdfdbff5,pass,
male,FJ2079,Left lateral plantar artery,arterial,142,278,"[[0.0668540969491005, 0.018287399783730507, -0.014389799907803535], [0.11358100175857544, 0.03874789923429489, 0.003226999891921878]]",4a1fe7966df51272c038bb077d422ea5d428319122fe4a9176daf90329b3c34f,pass,
male,FJ2080,Left lateral superior genicular artery,arterial,285,566,"[[0.07074200361967087, 0.46797919273376465, -0.035920899361371994], [0.11189500242471695, 0.508472204208374, 0.003421999979764223]]",8387a4b68573d5bee09e9f1629b8398201c68e4f7444ad37e96e903e2aa1c88a,pass,
male,FJ2081,Left lateral tarsal artery,arterial,216,428,"[[0.07194410264492035, 0.03537660092115402, -0.006998800206929445], [0.11667399853467941, 0.08016704767942429, 0.0013859999598935246]]",7bc6e5f9a4070fbcd3dd27e505dcdf939b88d53fbfcb9e121770835efc4374fc,pass,
male,FJ2082,Left medial plantar artery,arterial,205,376,"[[0.06681519746780396, 0.034241799265146255, -0.013604099862277508], [0.07536549866199493, 0.04105589911341667, 0.026202000677585602]]",c0ccba5368a71d88f347642b3e509e9748accebf769f122e178680b5135c4a3a,pass,
male,FJ2083,Left medial superior genicular artery,arterial,255,504,"[[0.032660599797964096, 0.46059420704841614, -0.03678499907255173], [0.0741422027349472, 0.5011231899261475, 0.010916000232100487]]",60b98f34a675f74c90ae68e33b4bfdf215cfc58e72db0d73290bcdc375e81f5f,pass,
male,FJ2084,Left middle genicular artery,arterial,459,762,"[[0.04268059879541397, 0.45268720388412476, -0.04844909906387329], [0.10984200239181519, 0.479788213968277, -0.034695498645305634]]",fc65c5818f2d9af5baae15519929e835968343e540936b7cfe25154d7ce32b6f,pass,
male,FJ2085,Left plantar arch,arterial,208,408,"[[0.06878550350666046, 0.0182546004652977, 0.0015200000489130616], [0.11358299851417542, 0.04132449999451637, 0.03090200014412403]]",907a7039d79bc8760f0529d1c50e17424b01f2bfe004997c35b3ec4bbb83d698,pass,
male,FJ2086,Left popliteal artery,arterial,1842,3680,"[[0.055885400623083115, 0.3613972067832947, -0.04730309918522835], [0.09583570063114166, 0.5588691830635071, -0.004214699845761061]]",192be6119a12305154597ea953244fd6b0519e4e9f2364bc6f84efd5308670f3,pass,
male,FJ2087,Left posterior tibial artery,arterial,1481,2906,"[[0.04448220133781433, 0.03677099943161011, -0.049620699137449265], [0.09110979735851288, 0.3678742051124573, -0.01325410045683384]]",a80a5495221b41b6ca99e47b9e227f6b76f5f6c7b91d3a43c5bce16f8cc43124,pass,
male,FJ2089,Left superficial medial plantar artery,arterial,112,220,"[[0.06877130270004272, 0.015333600342273712, 0.024477999657392502], [0.0830221027135849, 0.035949598997831345, 0.07985100150108337]]",8acfec9c8db4a14e85d0238f82c1199f3c0632a82c72f929e457c277ec648a34,pass,
male,FJ2090,Set of perforating arteries,arterial,148,270,"[[0.06994470208883286, 0.6209672093391418, -0.0048189000226557255], [0.09291569888591766, 0.7978091835975647, 0.018991999328136444]]",cdae0d1195742eb159e8826c5f407d51793c1602f204bf43c07f822136700645,pass,
male,FJ2091,Set of calcaneal branches of posterior tibial artery,arterial,424,810,"[[0.07531329989433289, 0.8402472138404846, -0.048914000391960144], [0.146930992603302, 0.9142482280731201, 0.022261999547481537]]",4f07a88a436508ab97143fc7c5116e7ec35456ede5cc0de7c2b266818a8e6cdb,pass,
male,FJ2092,Set of common plantar digital arteries,arterial,428,684,"[[0.10259699821472168, 0.00974310003221035, 0.04787199944257736], [0.14245200157165527, 0.02253049984574318, 0.08579500019550323]]",28e398dcd8ba5260b8127c99c16651ba0ac106d9b1780613c1aefc07bbcd8bae,pass,
male,FJ2093,Set of dorsal digital arteries,arterial,1333,2662,"[[0.06841140240430832, 0.03955560177564621, -0.05596200004220009], [0.10122399777173996, 0.36787620186805725, -0.03537379950284958]]",71f30123ca38a27f8c99b1446c3d768d38b525eecb786a726590f6582835f8dd,pass,
male,FJ2094,Set of perforating arteries,arterial,677,1350,"[[0.04692709818482399, 0.5902901887893677, -0.0112076997756958], [0.08492530137300491, 0.900120198726654, 0.037408001720905304]]",8b51a2da8dbd41c70e8e13c19c0af3334b11eb197530971b43f20f867ec5190c,pass,
male,FJ2095,Set of plantar digital arteries proper,arterial,260,398,"[[0.0960552990436554, 0.025465600192546844, 0.01792600005865097], [0.12751899659633636, 0.039107199758291245, 0.06471899896860123]]",9474a62f7dd4769970a2e01091b75f914cb8dbf3d699204a447f14328e945519,pass,
male,FJ2096,Plantar metatarsal artery,arterial,307,598,"[[0.09797819703817368, 0.013693699613213539, 0.01155100017786026], [0.13260099291801453, 0.04133480042219162, 0.06997299939393997]]",a1663be91f3453c9708619927f3702c41e4d174285306db65ac2e4be33ec0b5f,pass,
male,FJ2097,Left anterior tibial vein,venous,321,624,"[[0.05097530037164688, 0.3695181906223297, -0.027413100004196167], [0.10989399999380112, 0.4838851988315582, 0.014196000061929226]]",674830c53ca334e97970f886ce1c619757b0b506d958428ff1fa308885e25b14,pass,
male,FJ2099,Left deep femoral vein,venous,699,1394,"[[0.032897401601076126, 0.5864582061767578, 0.005160000175237656], [0.07870180159807205, 0.8965641856193542, 0.04333600029349327]]",d5829110bbab45cd4297f4a64ea84fca6310a9c76450ab79ac39d9980cb8bea4,pass,
male,FJ2100,Set of perforating veins,venous,344,666,"[[0.10016600042581558, 0.012082199566066265, 0.043032001703977585], [0.1411920040845871, 0.03802569955587387, 0.0785679966211319]]",ca785aea845ceb69730635c1684471b075689fad23e7f188bc4edf59faa36d6d,pass,
male,FJ2102,Left femoral vein,venous,117,228,"[[0.03206710144877434, 0.561860203742981, -0.016049500554800034], [0.07394800335168839, 0.8848931789398193, 0.054646000266075134]]",9a04989fa36d0cffab3d4c2d9b8743a4a084c215fc693efbfd6eb5c90b2b2ad9,pass,
male,FJ2103,Left great saphenous vein,venous,3421,6608,"[[0.013442699797451496, 0.051725901663303375, -0.051888201385736465], [0.09488599747419357, 0.8739572167396545, 0.05393199995160103]]",4206a08e5ecfb0cda4f47cb338fcee30b8d5ddc3b60bd99ad50dfbd298a40676,pass,
male,FJ2107,Left genicular vein,venous,222,426,"[[0.08427970111370087, 0.43359819054603577, -0.04694020003080368], [0.11748400330543518, 0.4471462070941925, 0.010888000018894672]]",25705feb64c3e280fed3db496f5a6f3e250558f5b43926660776408c4b7c4f7a,pass,
male,FJ2108,Left genicular vein,venous,247,490,"[[0.03387359902262688, 0.3985632061958313, -0.044390201568603516], [0.10319499671459198, 0.4322752058506012, 0.014801000244915485]]",f3a8d7c78085e887f407f0004fecc8800958afe4c97ea0ffd0bc4cc34841dd45,pass,
male,FJ2113,Tributary of plantar venous arch,venous,140,274,"[[0.06685929745435715, 0.01409630011767149, -0.01438289973884821], [0.11356999725103378, 0.03449840098619461, 0.003258999902755022]]",b2a476b82c31a6ba5e5b313f045185aa25b3afc50edead8e610e6064b026ce5e,pass,
male,FJ2115,Tributary of plantar venous arch,venous,207,370,"[[0.06680960208177567, 0.029966700822114944, -0.013597999699413776], [0.075415700674057, 0.03682529926300049, 0.026249000802636147]]",b0d7dee022a26fbcbc87c81d4d145212abbb0dd85c245bfbf4a817bf834d6a27,pass,
male,FJ2117,Left popliteal vein,venous,1911,3650,"[[0.06419370323419571, 0.39759719371795654, -0.0449335016310215], [0.10176199674606323, 0.574252188205719, -0.005740699823945761]]",2470eed40f2f1b4b87d3d16a4ea26744d5ecaed87fa758fbc9891c6e1a6cf0dd,pass,
male,FJ2118,Left posterior tibial vein,venous,1557,3040,"[[0.03979630023241043, 0.03244509920477867, -0.05080309882760048], [0.10236400365829468, 0.36195918917655945, -0.012105099856853485]]",b0aa6f884d305b89cdea7b620c865083490b2ed5bd91d4df2bf3a7700e9fbd8e,pass,
male,FJ2119,Set of perforating veins,venous,410,642,"[[0.09820660203695297, 0.021351199597120285, 0.013783999718725681], [0.13200800120830536, 0.043566398322582245, 0.07489699870347977]]",c70f4ab53b52b91888c33bde1dcd76975a465ce39d262cb1e9dfb3c7140cec47,pass,
male,FJ2120,Set of plantar digital veins,venous,973,1696,"[[0.06881929934024811, 0.0009018999990075827, 0.001588999992236495], [0.1684740036725998, 0.03170790150761604, 0.1351899951696396]]",9d6a4e88f8d29e80e39dfe0fd835cc1a9a1c424ef9c36b8899b7e15526cb8e68,pass,
male,FJ2121,Left small saphenous vein,venous,1798,3592,"[[0.06233010068535805, 0.0338715985417366, -0.08892010152339935], [0.11241599917411804, 0.4882822036743164, -0.013622400350868702]]",58972ef91970602a80d10fe46f0705e8ef04f3d283a07c2dc23d6050c908deb4,pass,
male,FJ2122,Left superficial epigastric vein,venous,294,466,"[[0.014200099743902683, 0.8833152055740356, 0.03252600133419037], [0.043598998337984085, 1.0114132165908813, 0.10097300261259079]]",ba039aba8d7d20cfe4e5c0da64722f11204a8725a4d56b437c6b12aaae674e26,pass,
male,FJ2124,Left genicular vein,venous,351,666,"[[0.07570219784975052, 0.4694412052631378, -0.037577301263809204], [0.11361800134181976, 0.5012161731719971, 0.010313999839127064]]",74699404f170191411252d06b074b4a4c52137270dfc48e0329f7fb08e74a663,pass,
male,FJ2125,Left genicular vein,venous,292,528,"[[0.03574319928884506, 0.47290921211242676, -0.02902339957654476], [0.08169790357351303, 0.5187721848487854, 0.007968000136315823]]",52b97b1f51c7aaa9e47ae0aa56e73646d529dc4e70e5acb8ceba3883aae75790,pass,
male,FJ2127,Set of perforating arteries,arterial,146,272,"[[-0.09296640008687973, 0.621032178401947, -0.0048282998614013195], [-0.06991370022296906, 0.7979081869125366, 0.019071999937295914]]",6aae3ab17b04952e605168de7d4ae357860dbed50ead8d0a58ac9da0e83634f2,pass,
male,FJ2128,Plantar venous arch of left foot,venous,208,406,"[[0.06879200041294098, 0.014042199589312077, 0.0014979999978095293], [0.11359000205993652, 0.03709590062499046, 0.030910000205039978]]",772c31dd31db38b199a145ee7a2c5d74c1688fba864f141e56991423aaf85ced,pass,
male,FJ2129,Plantar venous arch of right foot,venous,219,428,"[[-0.1135530024766922, 0.01404040027409792, 0.0015010000206530094], [-0.06876509636640549, 0.037092000246047974, 0.03089899942278862]]",1a320bff38e9764bae3adcd05d1811faca8fa8c9a98b49339e55c1902c33ee81,pass,
male,FJ2130,Right anterior tibial artery,arterial,1908,3812,"[[-0.10553999990224838, 0.08243455737829208, -0.02989419922232628], [-0.06813819706439972, 0.39993220567703247, -0.0019292000215500593]]",d99a6a4bec27dad1ac5600584d928cd199b321519a98d0b63972a6d3d70b9796,pass,
male,FJ2131,Right anterior tibial recurrent artery,arterial,850,1332,"[[-0.11188899725675583, 0.37238919734954834, -0.02517700009047985], [-0.05005880072712898, 0.49154919385910034, 0.023607000708580017]]",ab0359c3da7065ac55d629488c1ffb1b828770170c8a44d90c00fb0388d0995e,pass,
male,FJ2132,Right anterior tibial vein,venous,316,624,"[[-0.10993800312280655, 0.369528204202652, -0.0273841992020607], [-0.05096609890460968, 0.48384419083595276, 0.01421700045466423]]",5707adf3490a5e3898f26d3a1ff0ac3aa5baa484dbe15d49b60e17bdf0962237,pass,
male,FJ2133,Right arcuate artery,arterial,263,516,"[[-0.11706499755382538, 0.035411201417446136, -0.000874800025485456], [-0.08667539805173874, 0.06303849816322327, 0.03725399821996689]]",bcae570b887247dbdd2749392ba3d58a65eb291d3933b888e43580f94d90bc4c,pass,
male,FJ2135,Right deep femoral vein,venous,700,1396,"[[-0.07869970053434372, 0.5864812135696411, 0.005049999803304672], [-0.03292519971728325, 0.8965561985969543, 0.04344300180673599]]",b25fccb0979ec95938079f70cc05ac35ddfab73319aabaf91aa96d6f4be039be,pass,
male,FJ2136,Right deep plantar artery,arterial,223,440,"[[-0.09863830357789993, 0.038298800587654114, 0.029052000492811203], [-0.09010820090770721, 0.055104099214076996, 0.050005000084638596]]",807b9315277311bf1528979d0cb1d1ecd9e6669ae035d4229829532ba9ddc75f,pass,
male,FJ2137,Right descending genicular artery,arterial,774,1436,"[[-0.06328939646482468, 0.43843820691108704, -0.011075399816036224], [-0.032850299030542374, 0.5607112050056458, 0.012116000056266785]]",c894296901b199f535529c1432ccf91ed0f0107261027c085296eb1383047d94,pass,
male,FJ2138,Set of perforating veins,venous,366,702,"[[-0.14119699597358704, 0.012085599824786186, 0.04303999990224838], [-0.10019099712371826, 0.03806909918785095, 0.07858400046825409]]",10f266d8739625f0c96196437aeea54dee6004559f0279f79e21e5dae27e2494,pass,
male,FJ2141,Dorsal digital artery of foot,arterial,679,1094,"[[-0.17047199606895447, 0.00884930044412613, -0.0007395999855361879], [-0.10412199795246124, 0.0374143011868, 0.1290619969367981]]",800f367a1b61dfcf31b3072c16f7899bc4954d8c0aafa45c9709878d27dbed06,pass,
male,FJ2143,Right femoral artery,arterial,118,230,"[[-0.0659933015704155, 0.5485332012176514, -0.014332699589431286], [-0.03795360028743744, 0.9079762101173401, 0.04264400154352188]]",566510861af3e1ac29e1cb9e6408f3e45db96eaa5411cdcd38dee84bac488cd7,pass,
male,FJ2144,Right femoral vein,venous,112,212,"[[-0.07377950102090836, 0.5618531703948975, -0.01593860052525997], [-0.03217950090765953, 0.8849391937255859, 0.054687999188899994]]",4b5495a80658a8dfa9a7c64af25c51bc38d3587780259143bed00285f5e5e921,pass,
male,FJ2145,Right great saphenous vein,venous,3392,6606,"[[-0.09488829970359802, 0.051725901663303375, -0.05191349983215332], [-0.01342680025845766, 0.8739601969718933, 0.05390699952840805]]",bdbf986db4d59d2d6125465609bfc34d265338e3f7624f6b9bedcc3d00accc5c,pass,
male,FJ2150,Right inferior lateral genicular artery,arterial,391,776,"[[-0.11594399809837341, 0.4185152053833008, -0.046170901507139206], [-0.07943739742040634, 0.460231214761734, 0.0015450000064447522]]",8abb195a73924a104fb8bb589c1787773079c88e12b1171e5a2bf0dce33ea473,pass,
male,FJ2151,Right genicular vein,venous,251,470,"[[-0.1174980029463768, 0.433612197637558, -0.047008901834487915], [-0.08424650132656097, 0.44712018966674805, 0.010892000049352646]]",9b56637204a2dda34e4b933703f7e409bbfb5794de192e4d0d0f90ca9ffde55d,pass,
male,FJ2152,Right inferior medial genicular artery,arterial,394,784,"[[-0.08153770118951797, 0.41220420598983765, -0.04071740061044693], [-0.04466350004076958, 0.43052420020103455, 0.006593999918550253]]",4cbf844edc02621cc31d4793323f3380ec1cff9f92a640701d6baff2d3970cc8,pass,
male,FJ2153,Right genicular vein,venous,247,490,"[[-0.10317099839448929, 0.39855319261550903, -0.04427739977836609], [-0.033872298896312714, 0.43224620819091797, 0.014793000183999538]]",0a2069d4de75a1d63ec4da25576ae93973f5c2e7e44b1b3223f64d828c6553bf,pass,
male,FJ2158,Right lateral circumflex femoral artery,arterial,158,292,"[[-0.12051700055599213, 0.8471671938896179, -0.038487501442432404], [-0.07605399936437607, 0.8728991746902466, 0.024581000208854675]]",40b744fba5aa88f8de88425246da59220c4c30ece643803ac3c7c3fe7acc2b34,pass,
male,FJ2159,Right lateral plantar artery,arterial,143,282,"[[-0.11358900368213654, 0.018281899392604828, -0.014401599764823914], [-0.06686419993638992, 0.03874250128865242, 0.003260999917984009]]",e8e7792799d5bd1eeba98ce3718716f873b7c5b4f8b32f400fa9949e662a4ffc,pass,
male,FJ2160,Tributary of plantar venous arch,venous,136,268,"[[-0.11358900368213654, 0.014070900157094002, -0.014389200136065483], [-0.0668966993689537, 0.03452109917998314, 0.0032450000289827585]]",c6032d171bea4e48a754921ff1fede6c81c47a189ce9c352260710cdd6211189,pass,
male,FJ2162,Right lateral superior genicular artery,arterial,279,554,"[[-0.11190100014209747, 0.46801620721817017, -0.03598549962043762], [-0.07073940336704254, 0.5085232257843018, 0.0033950000070035458]]",cfb733b36370300711e7f56d322717e10d2b3b5dcb2cc0930769ca3e77f2c061,pass,
male,FJ2163,Right lateral tarsal artery,arterial,214,424,"[[-0.11669100075960159, 0.03535730019211769, -0.0069472999311983585], [-0.07193370163440704, 0.08016469329595566, 0.0013719999697059393]]",044cacff811111fe1917f0c5d57b17be12e4bd8e40c0d975e98d11c8ffb5f74e,pass,
male,FJ2164,Right medial plantar artery,arterial,204,376,"[[-0.0753851979970932, 0.03420209884643555, -0.013626400381326675], [-0.0668151006102562, 0.04102399945259094, 0.0262449998408556]]",28408db115e071e1222d84e37fd736e2e5c488bdfff4b36e18ebea3736a3193d,pass,
male,FJ2165,Tributary of plantar venous arch,venous,203,380,"[[-0.07542920112609863, 0.02995070070028305, -0.013585800305008888], [-0.06679549813270569, 0.03679849952459335, 0.026242999359965324]]",f6a3a4a1f3c754b3bd47ffceff6f60c58aff7fc8c81e7e177209f5faf9345bf7,pass,
male,FJ2166,Right medial superior genicular artery,arterial,256,506,"[[-0.07416590303182602, 0.46057820320129395, -0.03676310181617737], [-0.03267940133810043, 0.5011311769485474, 0.010905999690294266]]",5e79b573168c24de9e4137b484a3452d9f06803b809c4e2f830fa3c41c6d4a59,pass,
male,FJ2167,Right middle genicular artery,arterial,469,754,"[[-0.10980899631977081, 0.45268121361732483, -0.04847310110926628], [-0.042679499834775925, 0.4797321856021881, -0.03467920050024986]]",2c99406cb8171b16e998a831ae04453a3e414cc5e7d1778cd7c1d76449f51e70,pass,
male,FJ2169,Right plantar arch,arterial,211,412,"[[-0.11359500139951706, 0.01827009953558445, 0.0015529999509453773], [-0.06876520067453384, 0.04131060093641281, 0.030918000265955925]]",b1276037af8c5e08da1b392995bdabf1466ec077f7861806f1325098ed01f082,pass,
male,FJ2170,Right popliteal artery,arterial,1847,3690,"[[-0.09583549946546555, 0.3614102005958557, -0.047296199947595596], [-0.05587150156497955, 0.5588852167129517, -0.004212900064885616]]",f7222bb99e7954beec4383954ecb683080500ec7e8ebe9c1011394e0d2f00401,pass,
male,FJ2171,Right popliteal vein,venous,1931,3664,"[[-0.10176800191402435, 0.39759719371795654, -0.04494290053844452], [-0.06416860222816467, 0.574248194694519, -0.005751499906182289]]",f359c70b6a51719fa90aba9d87388878452e822564d39a299f99ea5ccbca7492,pass,
male,FJ2172,Right posterior tibial artery,arterial,1466,2888,"[[-0.091109499335289, 0.03677989915013313, -0.04963099956512451], [-0.044498901814222336, 0.36787718534469604, -0.013224800117313862]]",71a149c367d2678d39fed24e9ec20f9b9d979a9422add77ca05130c056e0353c,pass,
male,FJ2173,Right posterior tibial vein,venous,1589,3032,"[[-0.10237400233745575, 0.03246299922466278, -0.05081320181488991], [-0.039774298667907715, 0.3619621992111206, -0.012057799845933914]]",fadf4d778aa0f4288aab8e0dfdff07a764d61955b19c762e0a12aa0d4db83ddc,pass,
male,FJ2174,Set of perforating veins,venous,428,642,"[[-0.13211800158023834, 0.021374600008130074, 0.013717999681830406], [-0.09817150235176086, 0.04350829869508743, 0.07493100315332413]]",9cf8a1d58d9e3bcda49020b4e3bc0b8b081077aa97bf4a55c6096b0abb32e224,pass,
male,FJ2175,Set of plantar digital veins,venous,966,1632,"[[-0.16850900650024414, 0.0009685999830253422, 0.0015300000086426735], [-0.06877849996089935, 0.03169180080294609, 0.13521899282932281]]",43142b09810c2df2d184e9e8b3f0d173f6a0d1b2aa74498a728ad6f67ed1b954,pass,
male,FJ2176,Right small saphenous vein,venous,1798,3592,"[[-0.1124109998345375, 0.03388509899377823, -0.08891300112009048], [-0.06231100112199783, 0.48828020691871643, -0.013634700328111649]]",6ed7e9bb2f2e28851d3c5db6a1fe797a428c9b865690b9a0e11649f8d959e0ed,pass,
male,FJ2178,Right superficial epigastric vein,venous,261,426,"[[-0.04350470006465912, 0.8834372162818909, 0.03249699994921684], [-0.014306900091469288, 1.011459231376648, 0.10093899816274643]]",92d9344cacd4d993a84536d8b7c51547137e604d585054a252bfd53e23367c63,pass,
male,FJ2179,Right superficial medial plantar artery,arterial,104,204,"[[-0.08300179988145828, 0.015291799791157246, 0.02450699917972088], [-0.06874140352010727, 0.035952601581811905, 0.07985199987888336]]",cfd278af1b9777ffebcf1f0fcaa5e93ca33da2c5f7ac9030018edc722a8c651f,pass,
male,FJ2181,Right genicular vein,venous,356,686,"[[-0.11360900104045868, 0.46942320466041565, -0.03756190091371536], [-0.07562779635190964, 0.5011891722679138, 0.010347999632358551]]",20519f7185f7930a5172a57859456b226fa0d918a9f50bc644a883595b685c1b,pass,
male,FJ2182,Right genicular vein,venous,311,548,"[[-0.08174079656600952, 0.4728921949863434, -0.029033200815320015], [-0.03573169931769371, 0.5187591910362244, 0.007934000343084335]]",d9d2df6184f5b116e3aa1f5f0ca9a2bba8ad8664e37dfcef79d880985d3f368d,pass,
male,FJ2183,Left anterior tibial vein,venous,1409,2814,"[[0.08166799694299698, 0.11844190210103989, -0.030438600108027458], [0.108815997838974, 0.4021522104740143, -0.0073588998056948185]]",d6f4cf25593bbe166e6c9e75966e60e0a25b3668a109384e2d8c9da70038964d,pass,
male,FJ2184,Left fibular vein,venous,196,314,"[[0.03898070007562637, 0.04426850005984306, -0.06020579859614372], [0.07712680101394653, 0.05227360129356384, -0.041138600558042526]]",7d6ab889780fcff5236cf88d62459d361eddd1c49caaacf46a1821b87cd3ff9b,pass,
male,FJ2185,Set of dorsal digital veins,venous,748,1100,"[[0.08603359758853912, 0.007671200204640627, 0.05218899995088577], [0.16995300352573395, 0.03901290148496628, 0.13819000124931335]]",01ca8f0a778f86ecbc67cfef21ce48c68c213b7d6dc370335a655902e50f93d4,pass,
male,FJ2186,Dorsal metacarpal vein,venous,485,944,"[[0.09193170070648193, 0.01850230060517788, 0.022763999179005623], [0.15335600078105927, 0.0565158985555172, 0.08922500163316727]]",8f66bd19f62eb4f65ca2a205849948d788d29d5bf2e13f159cf88a957202b017,pass,
male,FJ2187,Left fibular vein,venous,1260,2334,"[[0.06383419781923294, 0.03225409984588623, -0.05896089971065521], [0.09337820112705231, 0.3438062071800232, -0.02969600073993206]]",5f46017c5979901d522d4a5f8567a1ad83df882a83446efbe3417123f5419dc3,pass,
male,FJ2188,Left lateral circumflex femoral vein,venous,420,794,"[[0.05048710107803345, 0.8386902213096619, -0.04630570113658905], [0.14624300599098206, 0.8896222114562988, 0.027915000915527344]]",4ca55e479c7e7d2503ffcf3f1816d192a2b92b383e6d302ecae8d05880f6b4c9,pass,
male,FJ2189,Left medial circumflex femoral vein,venous,165,292,"[[0.059287600219249725, 0.8420202136039734, -0.03803180158138275], [0.10382100194692612, 0.8676862120628357, 0.02496900036931038]]",16756043822d345af2d95b31ae0f28e99268776ae795d012bdb3adefcd5cde8f,pass,
male,FJ2190,Right fibular vein,venous,147,272,"[[0.06395599991083145, 0.6178181767463684, 0.00986700039356947], [0.09078309684991837, 0.7956231832504272, 0.031314000487327576]]",8b7b997f72dc51adde70e4c2c0466287ab19f04a5539c18c25d47e82d5a1b4b5,pass,side_vs_body_midline: review regional laterality; cardiac/hepatic labels can legitimately cross midline
male,FJ2191,Plantar metatarsal vein,venous,459,814,"[[0.09799990057945251, 0.005535000003874302, 0.011590000241994858], [0.14244399964809418, 0.03717400133609772, 0.08580300211906433]]",4ac7344382fe9deebf62add3126586a0750916d4170081290d330e99ad10a61f,pass,
male,FJ2192,Set of perforating veins,venous,151,272,"[[-0.09068969637155533, 0.617877185344696, 0.009808000177145004], [-0.06390640139579773, 0.7955741882324219, 0.031328000128269196]]",0f3eb82e0bc53da5d2a1bd8c60392c973b415be4aeef0fe659f99b874ca6cb3b,pass,
male,FJ2193,Right anterior tibial vein,venous,1405,2806,"[[-0.10881400108337402, 0.11842399835586548, -0.0304368007928133], [-0.08166339993476868, 0.40213221311569214, -0.00735139986500144]]",a72b671c20158f3b279d1a9d8ebde76f2c85535920e9dfe11629dd6d4f09ba00,pass,
male,FJ2194,Right fibular vein,venous,213,364,"[[-0.07711070030927658, 0.04424719884991646, -0.06021760031580925], [-0.0389305017888546, 0.05228529870510101, -0.041129399091005325]]",29a201c6429a14a8b6355dc46b00f51d7493414710164347e3b9a4725def5ded,pass,
male,FJ2195,Set of calcaneal branches of posterior tibial artery,arterial,450,856,"[[-0.14692899584770203, 0.8401911854743958, -0.04892069846391678], [-0.07526809722185135, 0.9143251776695251, 0.02233700081706047]]",c57843b99342bf4f6e097520e71c63e5e7a196869b88fddba2e0c304a480f495,pass,
male,FJ2196,Set of common plantar digital arteries,arterial,434,656,"[[-0.14251300692558289, 0.009773099794983864, 0.04787199944257736], [-0.10259199887514114, 0.022532299160957336, 0.08577799797058105]]",762c74f0f98080a5306a429768c4643d14701d8383100c6566550a60dc113ad3,pass,
male,FJ2197,Set of dorsal digital arteries,arterial,1331,2658,"[[-0.1012289971113205, 0.03952059894800186, -0.05596590042114258], [-0.0684145987033844, 0.36787718534469604, -0.03536529839038849]]",d56c24af09cd1ac096e828f92b222a29bbf48637a9ad40ed36074bcd92b1d952,pass,
male,FJ2198,Set of dorsal digital veins,venous,743,1108,"[[-0.16984699666500092, 0.007698399946093559, 0.052239999175071716], [-0.08611640334129333, 0.039045900106430054, 0.13818800449371338]]",3bf8ba27cb64ecbcfdf8622bf8e91a6ae2ad469a66ea9602528f24d40f80507d,pass,
male,FJ2199,Dorsal metacarpal vein,venous,483,942,"[[-0.15335699915885925, 0.018469899892807007, 0.02273000031709671], [-0.09193520247936249, 0.056505199521780014, 0.08927299827337265]]",1321d885597eb62450243200cd851f9199eb779b2d3ccbfd4531e9b7641f85f4,pass,
male,FJ2200,Right fibular vein,venous,1264,2324,"[[-0.0933518037199974, 0.03224780037999153, -0.058950699865818024], [-0.06383399665355682, 0.3438372015953064, -0.029695799574255943]]",0f5e22248b921b5f0ddc9d6ceaf9ac83ce4af04266c37aa950fe8cf5ded514b5,pass,
male,FJ2201,Right lateral circumflex femoral vein,venous,426,810,"[[-0.1462640017271042, 0.8387011885643005, -0.046303000301122665], [-0.05047360062599182, 0.8895711898803711, 0.028029000386595726]]",d566735ca4063bfa763c637cc1226bc77ad11f4ea79d337789d17373524ec9d8,pass,
male,FJ2202,Right medial circumflex femoral vein,venous,167,298,"[[-0.10382500290870667, 0.8419631719589233, -0.03801469877362251], [-0.05928310006856918, 0.8676891922950745, 0.02501400001347065]]",a23806ee6a49260d965af6f49e7d58143f8ecebd146ca78ed94a30134ea23d93,pass,
male,FJ2203,Set of perforating arteries,arterial,676,1348,"[[-0.08496060222387314, 0.5902851819992065, -0.01124580018222332], [-0.046918898820877075, 0.9000511765480042, 0.037370000034570694]]",be0948bb7996e39ba02e0e33cfae8240d37d6d10ce7b850abb0d0995a7660d30,pass,
male,FJ2204,Set of plantar digital arteries proper,arterial,359,434,"[[-0.12754899263381958, 0.02537819929420948, 0.01779399998486042], [-0.09609480202198029, 0.03918040171265602, 0.06471200287342072]]",034780d3d1f1aabb3b6b1101e88eed9c1f74fbde5025ceec3de076e8cc87dd9d,pass,
male,FJ2205,Set of plantar digital arteries proper,arterial,863,1440,"[[-0.16852299869060516, 0.005164300091564655, 0.001551999943330884], [-0.08141300082206726, 0.01999099925160408, 0.1352660059928894]]",21635bab305d58c71f07b8777ff859f22bc89cb914ae4137bbaee4aefa98e3c0,pass,
male,FJ2206,Plantar metatarsal artery,arterial,313,596,"[[-0.1326649934053421, 0.013733699917793274, 0.01156499981880188], [-0.09798529744148254, 0.041327498853206635, 0.06991399824619293]]",81f65142ba79494a5c80310e03d45c9f13fc636028b2ea58c401f4dee71810ec,pass,
male,FJ2207,Plantar metatarsal vein,venous,469,792,"[[-0.14253699779510498, 0.005548600107431412, 0.011510999873280525], [-0.0980466976761818, 0.037121500819921494, 0.08581800013780594]]",3d8a0f35eaaa77514bf825992f6d239392e3bb7f40248c48ebaaf50b5a4184d2,pass,
male,FJ2208,Superficial dorsal vein of penis,venous,164,324,"[[-0.0009307090076617897, 0.7924191951751709, 0.043584998697042465], [0.000965750019531697, 0.871408224105835, 0.08673500269651413]]",0cffc04f6fa3e3f3c4ae5e0fd70184716e18cb0f388728a3604cbe4c1c718e3a,pass,
male,FJ2209,Right inferior thyroid artery,arterial,203,296,"[[-0.04341119900345802, 1.4356112480163574, -0.0023141000419855118], [-0.02874629944562912, 1.468981146812439, 0.00582600012421608]]",19bb85822812a0648fe63d61be6ccfc1d9d2087dcbe7bf3367c68fc53f4b38c8,pass,
male,FJ2210,Left inferior thyroid artery,arterial,197,286,"[[0.028752699494361877, 1.4356211423873901, -0.002328600035980344], [0.043411098420619965, 1.4689712524414062, 0.005816000048071146]]",8e1418db74f17686cf5693d69af9f89f711aaf0018542b699996688ecf3aa85d,pass,
male,FJ2211,Acromial branch of left thoraco-acromial artery,arterial,209,412,"[[0.0941791981458664, 1.3956011533737183, -0.0036214999854564667], [0.1382409930229187, 1.4130711555480957, 0.00355900009162724]]",9060146b5ec12f738832884217674b7ffc135cc7a5b1f46ded99d7a79c4fa90f,pass,
male,FJ2212,Left anterior circumflex humeral artery,arterial,379,718,"[[0.14328999817371368, 1.3437012434005737, -0.028972499072551727], [0.19116899371147156, 1.4110312461853027, 0.006446000188589096]]",aa5f6a3739cfded2b82fbeaf38a00adfcd258215a3b8bf63075dd46b27c34ccb,pass,
male,FJ2213,Left anterior circumflex humeral vein,venous,383,722,"[[0.1458590030670166, 1.3455512523651123, -0.024417100474238396], [0.19296500086784363, 1.408891201019287, 0.005594999995082617]]",84304421a6f557089d9b4498720a88ba5ca25be3517dd7a13cac5ed7b2b96bfb,pass,
male,FJ2214,Left anterior interosseous artery,arterial,220,432,"[[0.22039300203323364, 0.9287621974945068, -0.02579369954764843], [0.24414299428462982, 1.0721211433410645, 0.008635999634861946]]",b0e1796e68f79723f92c9621536825dbb7c543ed4fd4eccb4e84500899ed3ed7,pass,
male,FJ2215,Left inferior ulnar collateral artery,arterial,133,260,"[[0.18602000176906586, 1.0982811450958252, -0.030396100133657455], [0.19550999999046326, 1.166721224784851, -0.012652300298213959]]",ae0c1c928ed3323cce46a1e20fe468b9004acd5794d0acfdbc3bbe4d8050ee2b,pass,
male,FJ2216,Left axillary artery,arterial,309,614,"[[0.07700280100107193, 1.3362512588500977, -0.01992199942469597], [0.15140700340270996, 1.4178911447525024, 0.006403000093996525]]",14cd2e8b32dc0ddd7edb97fc821895b1bf19ab26f681ea734deadcb74d797dfc,pass,
male,FJ2217,Left axillary vein,venous,249,464,"[[0.0750076025724411, 1.3110111951828003, -0.008562199771404266], [0.15714100003242493, 1.4132411479949951, 0.015061000362038612]]",80d9ea9ef981969bc2b23fe18e5d50f45d126ca7baa0fd11a9e3bdfa1b6ed790,pass,
male,FJ2218,Left basilic vein,venous,2019,4034,"[[0.15101200342178345, 0.866949200630188, -0.037145499140024185], [0.23546500504016876, 1.3153512477874756, 0.014810999855399132]]",dd71dc7b5ccbe2a4c04ceb23ce389f0152d181b2af2b04644b69040bf17f0a80,pass,
male,FJ2219,Left brachial artery,arterial,383,762,"[[0.14304299652576447, 1.0987211465835571, -0.027640599757432938], [0.21739299595355988, 1.3524411916732788, -0.01107569970190525]]",c1cddf54a54a733d096184114c39af76ba1a92c35d4475781c0970d0e8b41058,pass,
male,FJ2220,Left cephalic vein,venous,2544,5032,"[[0.1068819984793663, 0.852580189704895, -0.022331399843096733], [0.27902498841285706, 1.4049311876296997, 0.03168800100684166]]",4a465dcd2cf32ac574fa55b9e45026103a0d708989e146293f2885e09733f481,pass,
male,FJ2221,Left circumflex scapular artery,arterial,222,428,"[[0.13415800034999847, 1.35866117477417, -0.04886259883642197], [0.14419500529766083, 1.3720312118530273, -0.013310300186276436]]",1fba5810d1fd099a9806bac25bdd9e0242c7fc82025a1577b6fb3aa3d8cf3d83,pass,
male,FJ2222,Left circumflex scapular vein,venous,179,330,"[[0.12783899903297424, 1.360911250114441, -0.04775239899754524], [0.15179499983787537, 1.3734612464904785, 0.0030720001086592674]]",c65cf4afb8c1ce72a05af3ba32f2d4373671179bd69a90c3908e8b054f33699a,pass,
male,FJ2223,Left common interosseous artery,arterial,220,436,"[[0.2117069959640503, 1.069724202156067, -0.028880899772047997], [0.22274300456047058, 1.0778042078018188, -0.019861700013279915]]",09f8f0323f4fb46ca5cf04eb7d666fb676d7c137ae9989b438d9cc007ca5cffb,pass,
male,FJ2224,Left costocervical trunk,arterial,136,232,"[[0.04547460004687309, 1.425401210784912, -0.007980999536812305], [0.05215910077095032, 1.4336011409759521, -0.00020110000332351774]]",ea18d0d1aabccf4e483f22e4b6601631c409bace9f3cd61af54ba2ba426632b0,pass,
male,FJ2225,Left deep brachial artery,arterial,277,550,"[[0.17435400187969208, 1.1931211948394775, -0.04789220169186592], [0.20601299405097961, 1.2623811960220337, -0.02333669923245907]]",c1712ddc3f51cbe600fa47d58b30bae228591ee880a7dd41b5246d8bedd2f7be,pass,
male,FJ2226,Left deep cervical artery,arterial,186,330,"[[0.03246060013771057, 1.432401180267334, -0.05037809908390045], [0.04878060147166252, 1.5033512115478516, -0.006761699914932251]]",adbf9941ed7f6910c0871a769ec4bfe70efae928e266862d4bfdd5e33c6983f3,pass,
male,FJ2227,Left deep palmar arch,arterial,384,762,"[[0.236503005027771, 0.854181170463562, 0.017733000218868256], [0.28117701411247253, 0.8748142123222351, 0.034676000475883484]]",f0b3cbb98937ca7302f26f54dc8e79f0880cb38a41fcba485a94a35e1e27ddd1,pass,
male,FJ2228,Dorsal venous network of left hand,venous,475,946,"[[0.22985400259494781, 0.7998021841049194, 0.012164000421762466], [0.28988099098205566, 0.8696181774139404, 0.032680001109838486]]",c0eb1a56587677973757618bf9c96dabbb203ce096ca5143ce7e818549d043f4,pass,
male,FJ2229,Left deep palmar venous arch,venous,507,972,"[[0.23591800034046173, 0.8490012288093567, 0.02090499922633171], [0.28481999039649963, 0.8973171710968018, 0.0388530008494854]]",e26b4d0ef1099addc49ca18f04481a9d7ac4f242ac734fab678193ddabf851f2,pass,
male,FJ2230,Deltoid branch of left thoraco-acromial artery,arterial,151,294,"[[0.11192599684000015, 1.388931155204773, -0.002209699945524335], [0.16182300448417664, 1.399171233177185, 0.0038660001009702682]]",c8cefa6c971ff0a45d96813e7fd52e3c1803bf17af35ea7ca071e3b8743dbadc,pass,
male,FJ2231,Dorsal carpal branch of left radial artery,arterial,158,298,"[[0.2593570053577423, 0.8632751703262329, 0.010332999750971794], [0.27903100848197937, 0.8707032203674316, 0.019666999578475952]]",9c6ab4e01297f86134e1aa5afde185829088b0322e172d448aa76e22054b91bd,pass,
male,FJ2232,Left dorsal scapular artery,arterial,536,996,"[[0.05547939985990524, 1.2613612413406372, -0.10322532057762146], [0.10665299743413925, 1.4394111633300781, -0.0021627999376505613]]",90838a394a8dc0fa8ae9b52ec39e978f8a634ce377bc032bebb7529f01a263ff,pass,
male,FJ2233,Left lateral thoracic vein,venous,402,800,"[[0.12412600219249725, 1.1755212545394897, 0.007892999798059464], [0.13582199811935425, 1.3926512002944946, 0.050335999578237534]]",5733175eda74d685f4459843b9468038baaf59917367ed6ad98d06d6b51105db,pass,
male,FJ2234,Left median antebrachial vein,venous,601,1168,"[[0.17630399763584137, 0.8928322196006775, -0.027120700106024742], [0.262457013130188, 1.0917412042617798, 0.03453399986028671]]",20730d2793e8aeb4e27d3ccacf50f6400d6dafb5e49306ac71b73ee04c430ef1,pass,
male,FJ2235,Left median cubital vein,venous,277,550,"[[0.18351499736309052, 1.1025811433792114, -0.03317689895629883], [0.23391300439834595, 1.1420512199401855, 0.001281999982893467]]",f788da1e7a53b1eb81c376776a672c30c446c150d113315aa3cc99e0d4332f3e,pass,
male,FJ2236,Left dorsal carpal branch of ulnar artery,arterial,288,542,"[[0.23021799325942993, 0.861359179019928, 0.010246999561786652], [0.26071199774742126, 0.8846321702003479, 0.030880000442266464]]",ad329ca50b4aeccd29471ab853dddd625df5efc6e10cccbe2fc31b236db3453f,pass,
male,FJ2237,Left palmar metacarpal artery,arterial,538,958,"[[0.24045999348163605, 0.8217012286186218, 0.019283000379800797], [0.2828730046749115, 0.8595781922340393, 0.041460998356342316]]",d4e9331854735301b25e595e204f23f65958b1050031e8afd6bcb85b78f26113,pass,
male,FJ2238,Left palmar metacarpal vein,venous,203,372,"[[0.2761630117893219, 0.8191221952438354, 0.02863300032913685], [0.28688499331474304, 0.8562561869621277, 0.03869599848985672]]",5e5be74210f2744e2e01d0a2c3bf48c2cfd85ed7ed412b86ee98609ce89ab876,pass,
male,FJ2239,Left posterior circumflex humeral artery,arterial,139,274,"[[0.14015699923038483, 1.365361213684082, -0.03664200007915497], [0.19120599329471588, 1.3752212524414062, -0.012069299817085266]]",80573851ad438057b7570eb71357d22cbd05fcf3427aa84e6ed73356ed5c910f,pass,
male,FJ2240,Left posterior circumflex humeral artery,arterial,220,404,"[[0.14218999445438385, 1.3640111684799194, -0.037574101239442825], [0.19288599491119385, 1.376561164855957, -0.0018210000125691295]]",73f57864dab8fc43f51aa4ddb234d8456cad31dca95e49580367076d245d967b,pass,
male,FJ2241,Left posterior ulnar recurrent artery,arterial,190,328,"[[0.18701699376106262, 1.0982011556625366, -0.04566739872097969], [0.1946219950914383, 1.1195712089538574, -0.029445599764585495]]",155094abb493e8148fcebfeb6f98eeca1a18b839d58ad43d1c50cfa03f697c40,pass,
male,FJ2242,Left radial artery,arterial,856,1708,"[[0.21361100673675537, 0.8693131804466248, -0.01683099940419197], [0.27950701117515564, 1.1025612354278564, 0.027086999267339706]]",67c23eb54ed48856c3bdffac4777621d333c5e1668d0d2c7f28559b4cb60079a,pass,
male,FJ2243,Left radial recurrent artery,arterial,288,572,"[[0.22804899513721466, 1.0788111686706543, -0.04826809838414192], [0.24279899895191193, 1.1533912420272827, -0.006666500121355057]]",a27f0c4a2cf413f6688d34680037012431a98f0dcde832ef859d66db5d00318a,pass,
male,FJ2244,Left radial vein,venous,573,1084,"[[0.21372100710868835, 0.8979591727256775, -0.01449230033904314], [0.26690399646759033, 1.1039612293243408, 0.025817999616265297]]",6efc5fca2bd086eaffb1b5b2294b87556c47a5fb5d6e3f18f137dd82e7cbc812,pass,
male,FJ2245,Left recurrent interosseous artery,arterial,145,286,"[[0.22032000124454498, 1.0700942277908325, -0.04717259854078293], [0.22796699404716492, 1.1266411542892456, -0.023856500163674355]]",fff3b442ca334adbeec57d9189a85df87ad35334d457f828a106317fc9d48b5a,pass,
male,FJ2246,Left subscapular artery,arterial,408,772,"[[0.12898600101470947, 1.357531189918518, -0.016341200098395348], [0.14196500182151794, 1.3729811906814575, -0.007782800123095512]]",418020cbb6e6da75ecf7a88c088b7711ad76b2b79388ff5300051e1379355679,pass,
male,FJ2247,Left subscapular vein,venous,220,436,"[[0.12631100416183472, 1.3703311681747437, 0.00041599999531172216], [0.129831001162529, 1.3904112577438354, 0.006688000168651342]]",13628f6604aef3f1d28c783132668be3b3a9f57e1bafc7766575d2aed70967d3,pass,
male,FJ2248,Left superficial palmar arterial arch,arterial,328,650,"[[0.23482200503349304, 0.8329421877861023, 0.021608000621199608], [0.27170801162719727, 0.9068722128868103, 0.04030200093984604]]",cdbaaa7eeeaa4a9a8c59ca54ccb523ca82281e39daa526069bf6bdc45115b516,pass,
male,FJ2249,Left superficial palmar venous arch,venous,429,820,"[[0.23874500393867493, 0.8321061730384827, 0.02405500039458275], [0.26919400691986084, 0.8988612294197083, 0.0372840017080307]]",bc325e394e652d706091a5c05747659d9ae8f6e05fba153631fda12f10def1c1,pass,
male,FJ2250,Left suprascapular vein,venous,227,434,"[[0.06352020055055618, 1.3612711429595947, -0.04831140115857124], [0.13959500193595886, 1.422051191329956, 0.013852999545633793]]",7f1ab7da9b4004b67382d87e4b9f5d733215aa73d0b82e09c00f450b648f140d,pass,
male,FJ2251,Left suprascapular artery,arterial,264,424,"[[0.04106919839978218, 1.3696012496948242, -0.0631123036146164], [0.13811199367046356, 1.4329311847686768, 0.0022299999836832285]]",a7171015641cdc2887d32049178598356e8fbcbdadd4c97846c9bcc83265e332,pass,
male,FJ2252,Trunk of left thoraco-acromial artery,arterial,235,466,"[[0.09166540205478668, 1.3964412212371826, -0.0021385999862104654], [0.09652440249919891, 1.4090112447738647, 0.002865999937057495]]",5bb2a83a6f36f778348255743eb07e5ea483253637323acd42c725b68b8191ae,pass,
male,FJ2253,Left thoracodorsal artery,arterial,260,462,"[[0.12838399410247803, 1.2787611484527588, -0.0362882986664772], [0.13892799615859985, 1.3586112260818481, -0.008512900210916996]]",71aaa88595e3455ecca2235dc8ec9a721010ce58477a330f48bbb924791695c7,pass,
male,FJ2254,Left thoracodorsal vein,venous,187,370,"[[0.12453799694776535, 1.2717411518096924, 0.00041099998634308577], [0.13604800403118134, 1.3732812404632568, 0.018880000337958336]]",f81abafff847385594e1cdac05eff41c44f049799a1f7a0149588022f5782d54,pass,
male,FJ2255,Left thyrocervical trunk,arterial,79,122,"[[0.040135499089956284, 1.4303011894226074, -0.002527599921450019], [0.042768899351358414, 1.4360212087631226, -0.000575800018850714]]",56c517ebe79c91f7ad6f1c8f29304a84a6a3a056e3d292be95c4b811851eba29,pass,
male,FJ2256,Left superficial cervical artery,arterial,271,368,"[[0.046096500009298325, 1.4387712478637695, -0.01977909915149212], [0.06163930147886276, 1.4816712141036987, 0.0036609999369829893]]",5a638505c12ffa34844c1e9f6ce98301a6be2e30360cae7830b72c3d5c1fce9c,pass,
male,FJ2257,Left transverse cervical artery,arterial,190,348,"[[0.040970999747514725, 1.433071255683899, -0.004911299794912338], [0.060827698558568954, 1.4387811422348022, 0.00013800000306218863]]",9c80cf8d2c7e53d5db9fc639d4d1fa721732ce1176b51baeefc6b01907fa0a9b,pass,
male,FJ2258,Left ulnar artery,arterial,784,1564,"[[0.21105900406837463, 0.8727961778640747, -0.022988099604845047], [0.24366900324821472, 1.1025612354278564, 0.031052999198436737]]",10aaf4bf5ce4ac461f5b0a4ddfe3807ae7d897f8196a878de7a30eea61cac8fa,pass,
male,FJ2259,Left anterior ulnar recurrent artery,arterial,93,180,"[[0.1934320032596588, 1.082531213760376, -0.03065289929509163], [0.21440400183200836, 1.099481225013733, -0.019724499434232712]]",bcb9e04307d0a554b81ffa31de11f8354acda2dcb3c946a3d75c71542a887183,pass,
male,FJ2260,Left ulnar vein,venous,652,1300,"[[0.21085500717163086, 0.892372190952301, -0.01612279936671257], [0.25014498829841614, 1.1014811992645264, 0.034223999828100204]]",46f497160bf177e12ba67fab36af3d2fa4fd08e5a11b37c9208e10bdbc3b3675,pass,
male,FJ2261,Radial collateral branch of left deep brachial artery,arterial,161,318,"[[0.20307700335979462, 1.1505311727523804, -0.049060601741075516], [0.23086799681186676, 1.196041226387024, -0.044915299862623215]]",f537b82259f70e9ea10e9854367dec1c91cefbfd7b1a51a13163fffbd75ea0f3,pass,
male,FJ2262,Radial collateral branch of right deep brachial artery,arterial,149,294,"[[-0.23085899651050568, 1.1506011486053467, -0.04907140135765076], [-0.20308800041675568, 1.196041226387024, -0.04495219886302948]]",8edef510fd0a0f334c41ccf053ebc68952e79751312c352a8540719912a619f1,pass,
male,FJ2263,Acromial branch of right thoraco-acromial artery,arterial,211,412,"[[-0.13825500011444092, 1.3956111669540405, -0.0036371999885886908], [-0.09414900094270706, 1.4130911827087402, 0.003570999950170517]]",91fa4e14471487f31e73d08730ff3dc58b6ecda78ae7f1f845cbfde22862f4b8,pass,
male,FJ2264,Right anterior circumflex humeral artery,arterial,376,712,"[[-0.1911569982767105, 1.343671202659607, -0.028979400172829628], [-0.1433349996805191, 1.411001205444336, 0.006457999814301729]]",7213b5bc1367e455ac1e8251f8a491445eb675075a301c3278e5ae02f1f09025,pass,
male,FJ2265,Right anterior circumflex humeral vein,venous,429,754,"[[-0.1929589956998825, 1.3455711603164673, -0.025611799210309982], [-0.14590099453926086, 1.4089112281799316, 0.005625999998301268]]",ff63e3ff49070ba936bd3752f0ae321d127cc924497f438e720d0888e99807b0,pass,
male,FJ2266,Right anterior interosseous artery,arterial,226,438,"[[-0.2441519945859909, 0.928767204284668, -0.025819100439548492], [-0.22036099433898926, 1.072052240371704, 0.00864300038665533]]",2945e4138c2f6ff6eca6e0b3c891f6bc6196a70f4278e56c2b428992cf4003e2,pass,
male,FJ2267,Right inferior ulnar collateral artery,arterial,136,264,"[[-0.19552400708198547, 1.0982911586761475, -0.03039330057799816], [-0.1860640048980713, 1.1667011976242065, -0.012618799693882465]]",2de111ec73b6f7a33e211709f59cf98729c2c5940cc6dd83647886d928abacc0,pass,
male,FJ2268,Right axillary artery,arterial,293,582,"[[-0.1514279991388321, 1.3363511562347412, -0.019881099462509155], [-0.07700250297784805, 1.4178812503814697, 0.0064050001092255116]]",2294bd100205fd33ccbdf169841230e746db661bbf0713361ac4c1dec5758f64,pass,
male,FJ2269,Right axillary vein,venous,253,472,"[[-0.1571670025587082, 1.3110212087631226, -0.008595299907028675], [-0.07494799792766571, 1.4131611585617065, 0.015169000253081322]]",d1c00fde59b3fcff11ef0cc69e636155172f422b11f470fe9aee9a32ee9cee0a,pass,
male,FJ2270,Right basilic vein,venous,1998,3992,"[[-0.23547899723052979, 0.8669502139091492, -0.03715810179710388], [-0.15100599825382233, 1.3153512477874756, 0.014808000065386295]]",fd2d17b43bd228caa9d043a71e86b1c6b4b0fe8c26f4e15779d571ecbd9a0931,pass,
male,FJ2271,Right brachial artery,arterial,344,684,"[[-0.21742799878120422, 1.0987612009048462, -0.02761239930987358], [-0.14308300614356995, 1.3524012565612793, -0.011045900173485279]]",be018ec41d764a7e49da6f5522e90b62318019469ba3336559d26440322ab4c7,pass,
male,FJ2272,Right cephalic vein,venous,2520,4976,"[[-0.27904099225997925, 0.8525761961936951, -0.022329699248075485], [-0.1068509966135025, 1.4049311876296997, 0.031693000346422195]]",45bbaac86d4b3d07926fab54519085da43b5ccf6ae743a7b4783ae8a9df1b197,pass,
male,FJ2273,Right circumflex scapular artery,arterial,225,430,"[[-0.14422999322414398, 1.358701229095459, -0.04885359853506088], [-0.13415199518203735, 1.3720312118530273, -0.013287300243973732]]",f516082d08b1f51d0f1127107897b2dc542f71be2854f8714d92363e653fe6fe,pass,
male,FJ2274,Right circumflex scapular vein,venous,187,336,"[[-0.15179899334907532, 1.3609012365341187, -0.047783900052309036], [-0.1278589963912964, 1.3735111951828003, 0.0030869999900460243]]",181fc6898318cfc4021cd3cad44f5a82a3134205a430bf8fa943a7f89ad89de6,pass,
male,FJ2275,Right common interosseous artery,arterial,222,430,"[[-0.22273999452590942, 1.0697182416915894, -0.02888379991054535], [-0.2117069959640503, 1.0778001546859741, -0.01986739970743656]]",b07974bbbbc221c4bb2ad5361b9cb5da675a92bb322f5ec9ea88adb3036349a8,pass,
male,FJ2276,Right costocervical trunk,arterial,138,240,"[[-0.052189901471138, 1.425361156463623, -0.008013499900698662], [-0.04543979838490486, 1.433671236038208, -0.0001694999955361709]]",a162889bd664c515530a1852819c5112425b0eaace87511e29ad9ab565385fb9,pass,
male,FJ2277,Right deep brachial artery,arterial,260,516,"[[-0.206045001745224, 1.193101167678833, -0.04788479954004288], [-0.17434999346733093, 1.2623811960220337, -0.023334600031375885]]",0bd5f9ddcabf1cb9a402bacfc7372e3a8175dcb1bead3a72b8883065f0bb8094,pass,
male,FJ2278,Right deep cervical artery,arterial,203,348,"[[-0.04868730157613754, 1.4323512315750122, -0.05039089918136597], [-0.032465800642967224, 1.503331184387207, -0.006701100151985884]]",d3b648f972a26933b15bff0e6d617a045e5592a9d6819f12c981b2bcfa72bd93,pass,
male,FJ2279,Right deep palmar arch,arterial,382,760,"[[-0.2811329960823059, 0.8541871905326843, 0.017712999135255814], [-0.23648600280284882, 0.8747941851615906, 0.03468000143766403]]",eebcd800639fd557a7094a251093a03dd6d30d99146f11e8f24aac2525cb1cc7,pass,
male,FJ2280,Dorsal venous network of right hand,venous,486,952,"[[-0.28988298773765564, 0.7998161911964417, 0.012160000391304493], [-0.22989000380039215, 0.8695452213287354, 0.032701000571250916]]",cd57b456e4083836a226d99b5f2e0dee2bca0ee21f127a4e87e787d6f19418b1,pass,
male,FJ2281,Right deep palmar venous arch,venous,524,966,"[[-0.2848300039768219, 0.848997175693512, 0.020910000428557396], [-0.23584100604057312, 0.8973451852798462, 0.03884299844503403]]",f2db5c4c4d2de63fe18b484467c9f770f8a5a7969dcb91f2f07590a9f26905b1,pass,
male,FJ2282,Deltoid branch of right thoraco-acromial artery,arterial,146,286,"[[-0.16181999444961548, 1.3890012502670288, -0.0022317999973893166], [-0.11196199804544449, 1.399261236190796, 0.003871999913826585]]",d38b6036727902f8dafb48ff706c4213e2e54e8131b92223d389870f0bb955dd,pass,
male,FJ2283,Dorsal carpal branch of right radial artery,arterial,157,294,"[[-0.27904900908470154, 0.8632761836051941, 0.010331000201404095], [-0.2593710124492645, 0.8707181811332703, 0.0196710005402565]]",e8590f527b04841935eb0d2ad35e88daffc09a525ba7d7ee6b22374b4ae1a475,pass,
male,FJ2284,Right dorsal scapular artery,arterial,534,978,"[[-0.10666000097990036, 1.2612712383270264, -0.1032104566693306], [-0.05547260120511055, 1.4394311904907227, -0.002115400042384863]]",df88a1f3e128f9b178803918494d9c0d1f67de04606132e4df6f56e152ea84be,pass,
male,FJ2285,Right lateral thoracic vein,venous,403,802,"[[-0.13582900166511536, 1.1755112409591675, 0.00788199994713068], [-0.12413699924945831, 1.3926512002944946, 0.05033399909734726]]",8c852ef0b5c91bd0b0e8e5fa1411ecc81142123dcf5d2a6ec66d3e7c1189cdb9,pass,
male,FJ2286,Right median antebrachial vein,venous,604,1184,"[[-0.2624109983444214, 0.8928552269935608, -0.0271185003221035], [-0.17629499733448029, 1.0917211771011353, 0.034533001482486725]]",893d907efb2584d8c9540053352cfc36b39f3b5e65040d62173e688723e2e3a9,pass,
male,FJ2287,Right median cubital vein,venous,277,550,"[[-0.2339159995317459, 1.1025811433792114, -0.03321480005979538], [-0.1835079938173294, 1.1420612335205078, 0.0013470000121742487]]",76fa623558427db09ff56bf6100477ea6716b9ba2da87f3fed5e07894f5cee46,pass,
male,FJ2288,Right dorsal carpal branch of ulnar artery,arterial,294,562,"[[-0.26072099804878235, 0.8613762259483337, 0.01023900043219328], [-0.23022699356079102, 0.8846651911735535, 0.030889999121427536]]",bccd121e1d534ba82837abba09aa7b418921746bd120e980cfca77d2b5a91d9e,pass,
male,FJ2289,Right palmar metacarpal artery,arterial,530,936,"[[-0.28289300203323364, 0.8217102289199829, 0.019284000620245934], [-0.24042899906635284, 0.859551191329956, 0.04144499823451042]]",f963cc333ff36a82714f1eff9af3802520960b6930a887ae00fa1dbde5effc92,pass,
male,FJ2290,Right palmar metacarpal vein,venous,185,346,"[[-0.2869040071964264, 0.8191142082214355, 0.028655000030994415], [-0.2761920094490051, 0.8562592267990112, 0.03875499963760376]]",07c2c2450b8f54b98fca6fedd968f14a78aaa8f12dbcdf582b4567ef0d410ffd,pass,
male,FJ2291,Right posterior circumflex humeral artery,arterial,156,306,"[[-0.19117799401283264, 1.3653311729431152, -0.03665610030293465], [-0.14016500115394592, 1.3752012252807617, -0.012067499570548534]]",0b9bfae689b62331d7e67841a3b8650721183292d479c381c2ba14763244f036,pass,
male,FJ2292,Right posterior circumflex humeral artery,arterial,196,384,"[[-0.1929520070552826, 1.3639812469482422, -0.03753719851374626], [-0.14220499992370605, 1.3765312433242798, -0.001829999964684248]]",213434676e2dd3436a417222696563e105fd0f7b37a6082097308d701b347923,pass,
male,FJ2293,Right posterior ulnar recurrent artery,arterial,196,320,"[[-0.19463400542736053, 1.0981911420822144, -0.0456571988761425], [-0.18700799345970154, 1.119591236114502, -0.02944299951195717]]",ee687f923fc359c34cc8240503b9a8b744f8302a1fa87b8452dd15f937c53aa3,pass,
male,FJ2294,Right radial artery,arterial,823,1642,"[[-0.2795020043849945, 0.869293212890625, -0.016838399693369865], [-0.21362300217151642, 1.1025512218475342, 0.027115000411868095]]",ebca5fe6d9ea864716bcf7eea9af4a51e43c39f844b6f9ac398e77c6f38fb1ca,pass,
male,FJ2295,Right radial recurrent artery,arterial,288,572,"[[-0.24286200106143951, 1.0787911415100098, -0.04829290136694908], [-0.22808800637722015, 1.1533712148666382, -0.006632800213992596]]",41e2e5fe535c4415252247e3a66d1eafc80b983091f59bf2aa4e364fb176bee1,pass,
male,FJ2296,Right radial vein,venous,635,1162,"[[-0.26688501238822937, 0.8979231715202332, -0.01448229979723692], [-0.21369999647140503, 1.1039612293243408, 0.025748999789357185]]",e0bc2b233288eaa7670c730f7700db364dc1e5c07e1ce66563d91abd19fb191a,pass,
male,FJ2297,Right recurrent interosseous artery,arterial,141,278,"[[-0.22795699536800385, 1.07010817527771, -0.04714589938521385], [-0.22037500143051147, 1.1266112327575684, -0.02382509969174862]]",1a92f110575521dc6387fad47de4ea1c32e60d89d4546474ef4f3c9be635721e,pass,
male,FJ2298,Right subscapular artery,arterial,413,756,"[[-0.14198200404644012, 1.3575111627578735, -0.016348399221897125], [-0.12894000113010406, 1.373001217842102, -0.007776100188493729]]",b1c5cc27b851d30af520e2050d12d539f23129df91f0bdb1e03002fcfc553d6b,pass,
male,FJ2299,Right subscapular vein,venous,231,458,"[[-0.12982599437236786, 1.3703012466430664, 0.0004189999890513718], [-0.12627699971199036, 1.3904211521148682, 0.006668000016361475]]",6b8ebeda2f1a041a7f706dd3702e37393be736cb68911f8be332014bd256b6b4,pass,
male,FJ2300,Right superficial palmar arterial arch,arterial,332,660,"[[-0.2716139853000641, 0.8329821825027466, 0.02164899930357933], [-0.2347860038280487, 0.9069141745567322, 0.04040300101041794]]",77dff21652d61b32e52a6136c2893e1ab984c1fe86b8a05f1313b699c12d6477,pass,
male,FJ2301,Right superficial palmar venous arch,venous,458,852,"[[-0.2692190110683441, 0.8321502208709717, 0.02406900003552437], [-0.23873700201511383, 0.8988661766052246, 0.03722599893808365]]",ecadcb5aa4fa290672b4a5059cd9443cbe7a346883fce772bedb4891bc4b225a,pass,
male,FJ2302,Right suprascapular vein,venous,224,436,"[[-0.13961699604988098, 1.3612412214279175, -0.048273298889398575], [-0.06351689994335175, 1.4220012426376343, 0.013876999728381634]]",0453f9ad89272f8619e079957e6ac2c362ff1b5b816896a82f00be5acb29381e,pass,
male,FJ2303,Right suprascapular artery,arterial,253,420,"[[-0.13805900514125824, 1.3696012496948242, -0.06316269934177399], [-0.04107769951224327, 1.4328912496566772, 0.002254999941214919]]",45b1ea70d2bd1ade562fb077610c2c4ca4b073fb402def403b9b23706269ddbc,pass,
male,FJ2304,Trunk of right thoraco-acromial artery,arterial,238,472,"[[-0.09646859765052795, 1.3964512348175049, -0.0021490000654011965], [-0.09166169911623001, 1.4090311527252197, 0.0028359999414533377]]",323a92277922c2954a08cd02de5dbcba613ec194ce18578acfd36d93e11a884e,pass,
male,FJ2305,Right thoracodorsal artery,arterial,260,462,"[[-0.13891899585723877, 1.278771162033081, -0.036271099001169205], [-0.12835699319839478, 1.35866117477417, -0.008544299751520157]]",18a8cfc537964bd5bb0333fcf2744d650a51fe4bfd8a4437b249e3eaf148a71b,pass,
male,FJ2306,Right thoracodorsal vein,venous,191,372,"[[-0.13609400391578674, 1.2717411518096924, 0.00040099999750964344], [-0.12451700121164322, 1.3732712268829346, 0.018897999078035355]]",1efa2fb0b302c121c50336160411c4c9550e877f41606b8c98932e5ebc51d188,pass,
male,FJ2307,Right thyrocervical trunk,arterial,75,106,"[[-0.04277290031313896, 1.4303112030029297, -0.0024576999712735415], [-0.04007570073008537, 1.436061143875122, -0.0005173999816179276]]",6e5482a35d0a9521c51eb3fdd6f12390716b9f7c9939ed2850d56c3db020c165,pass,
male,FJ2308,Right superficial cervical artery,arterial,301,376,"[[-0.06166810169816017, 1.4387712478637695, -0.019794100895524025], [-0.046099599450826645, 1.4816912412643433, 0.003674000035971403]]",e112a86c94003fa3ef465cb1791a0493c132028ab5935bf915f7703400d5a2d6,pass,
male,FJ2309,Right transverse cervical artery,arterial,180,324,"[[-0.06086130067706108, 1.4330512285232544, -0.004937999881803989], [-0.04092789813876152, 1.4387811422348022, 0.00013299999409355223]]",318a34fa3ef4201f26f872b09eeb17254828c8e5d2d0041035b46647afe7971d,pass,
male,FJ2310,Right ulnar artery,arterial,758,1512,"[[-0.2437260001897812, 0.8728352189064026, -0.022980399429798126], [-0.21105900406837463, 1.1025311946868896, 0.031053999438881874]]",a1010e92a2f266a2e1bba0e594fff0a5e6521b718a101616d2ebd1f8c33b064f,pass,
male,FJ2311,Right anterior ulnar recurrent artery,arterial,96,186,"[[-0.21439899504184723, 1.0825512409210205, -0.030654700472950935], [-0.1934330016374588, 1.0994712114334106, -0.019718699157238007]]",787a1e3e5d2b6506dbff5596f3ce07df7954ba7bc7babad008249896088e6b77,pass,
male,FJ2312,Right ulnar vein,venous,671,1336,"[[-0.2501339912414551, 0.89235520362854, -0.01612349972128868], [-0.21085700392723083, 1.1014611721038818, 0.03421799838542938]]",8173c6aea110ddb2f57f74b2d87766c8363250909533cb2901838a7346511427,pass,
male,FJ2313,Left medial brachial vein,venous,324,626,"[[0.14999699592590332, 1.0965112447738647, -0.01728150062263012], [0.2181980013847351, 1.313061237335205, -0.0027717999182641506]]",79f08f6ddb1a94c5009b06938f1d59acce6e619125e5beb5fd20c82c1af7516a,pass,
male,FJ2314,Left arteria radialis indicis,arterial,137,270,"[[0.2707819938659668, 0.8026891946792603, 0.03625300154089928], [0.2942639887332916, 0.8484612107276917, 0.04374700039625168]]",a777d36801eb12fb96d9b9c437fd3bde562cdcc9cde16446ef62203aadc4e689,pass,
male,FJ2315,Left first common palmar digital artery,arterial,131,244,"[[0.26593199372291565, 0.8073521852493286, 0.03439199924468994], [0.27621200680732727, 0.8374462127685547, 0.0436599999666214]]",c678fc1c53d9e8b926128f70789ab117ad53afcc58d6a2c85370ac86cf7a821b,pass,
male,FJ2316,Left second common palmar digital artery,arterial,153,302,"[[0.2540389895439148, 0.8074321746826172, 0.033139001578092575], [0.2570819854736328, 0.8349992036819458, 0.044808998703956604]]",826e5518cead27c04c9ab2fa9a70afee65bad075fcac809b2c884c8d01ec7675,pass,
male,FJ2317,Left third common palmar digital artery,arterial,158,306,"[[0.2386299967765808, 0.8139151930809021, 0.032092999666929245], [0.24527400732040405, 0.8381711840629578, 0.04843199998140335]]",41315338bef24d7ff3220a84a9f8dcb0c06031a4fd8f94535f263f4c446a084e,pass,
male,FJ2318,Set of dorsal digital arteries,arterial,1066,1688,"[[0.21732500195503235, 0.7325671911239624, 0.021069999784231186], [0.32098299264907837, 0.8455172181129456, 0.09279400110244751]]",8daf3568431d566feb8a1bccaf6c74a77a6848f54d9434826a5543056c8103f6,pass,
male,FJ2319,Proper palmar digital vein of left little finger,venous,321,598,"[[0.23796099424362183, 0.7986472249031067, 0.026957999914884567], [0.2959029972553253, 0.8482112288475037, 0.050085000693798065]]",2cd6878c17d06511d79a6f17db70f0d87f9a322ddc14f6c36b26a3bbb5ca86e7,pass,
male,FJ2320,Left palmar metacarpal vein,venous,147,266,"[[0.26520100235939026, 0.8019322156906128, 0.024017000570893288], [0.3243420124053955, 0.8988721966743469, 0.07598300278186798]]",35ff0e54d912b86269ffadb681a891d7b50b0c8178b2c3f7f51bd61e8ae164bf,pass,
male,FJ2321,Proper palmar digital vein of left little finger,venous,120,192,"[[0.21845099329948425, 0.7615401744842529, 0.029454000294208527], [0.2394919991493225, 0.8384612202644348, 0.07535800337791443]]",21a5932cb94702ad166efd8d540c3aff86fc1dfe1c9f7b19798d10889c3f3059,pass,
male,FJ2322,Common palmar digital vein,venous,156,274,"[[0.2378769963979721, 0.7962421774864197, 0.035280000418424606], [0.27641400694847107, 0.8119531869888306, 0.05017999932169914]]",abc9cefcafe8f7ca77bc5b51d766f3d683b784b302c4f0f10554407c18701296,pass,
male,FJ2323,Left palmar metacarpal vein,venous,119,202,"[[0.28141799569129944, 0.7973592281341553, 0.03727800026535988], [0.31864601373672485, 0.8527472019195557, 0.06947200000286102]]",d2f41b13e73604eb54e7430651a7f9d45b6afd643762afdd0c296f5d2f5f83ff,pass,
male,FJ2324,Proper palmar digital vein of left index finger,venous,81,126,"[[0.2949190139770508, 0.7430642247200012, 0.03660900145769119], [0.3121820092201233, 0.7985892295837402, 0.08385699987411499]]",570c16300126cf6f3efdc53f0cbf53591c2a038d77d767d54e41b107ee696bce,pass,
male,FJ2325,Proper palmar digital vein of left index finger,venous,110,198,"[[0.2750059962272644, 0.7416701912879944, 0.03956799954175949], [0.30483299493789673, 0.8022462129592896, 0.08566699922084808]]",000ad87897675a33bd29396f62441b8d7fdcbc860a91c1a2fb00bf881a9e7a90,pass,
male,FJ2326,Proper palmar digital vein of left middle finger,venous,93,166,"[[0.2750769853591919, 0.7337571978569031, 0.04155699908733368], [0.2811200022697449, 0.8022332191467285, 0.0936330035328865]]",1ea06423b2aa30574cf82ce21ca25145d14b3fdff3f470f15457cc4862276977,pass,
male,FJ2327,Proper palmar digital vein of left ring finger,venous,140,228,"[[0.25290700793266296, 0.7447332143783569, 0.03957200050354004], [0.258092999458313, 0.7976981997489929, 0.08955900371074677]]",a05d5d2789f8ad607832d6ca4029f1419861765b85b97c3561aef2fb27fbe30a,pass,
male,FJ2328,Proper palmar digital vein of left ring finger,venous,115,206,"[[0.23784999549388885, 0.745441198348999, 0.04615800082683563], [0.24650299549102783, 0.8062211871147156, 0.08658099919557571]]",0babb3421a3c296514c3b5c9eaf81ba9b4812454c28a25c13959866020c64313,pass,
male,FJ2329,Proper palmar digital vein of left little finger,venous,146,240,"[[0.22355300188064575, 0.7588822245597839, 0.04806499928236008], [0.2392670065164566, 0.8062301874160767, 0.07513400167226791]]",88b51ec79e418c6a66dacf121bc3037262315b03d04e1266db3ae1f64b4d17b3,pass,
male,FJ2330,Pectoral branch of left thoraco-acromial artery,arterial,373,742,"[[0.0924575999379158, 1.278751254081726, -0.0012107000220566988], [0.12687300145626068, 1.4005111455917358, 0.049479998648166656]]",5ad07641eb9cb6d31894dfa924198717812a226314c4205bacb549fbf237f317,pass,
male,FJ2331,Middle collateral branch of left deep brachial artery,arterial,210,416,"[[0.20316000282764435, 1.1240712404251099, -0.04911389946937561], [0.2228509932756424, 1.1959612369537354, -0.04407599940896034]]",3f0df66f9e9eb2f3d25b17670e6ef0643a20a449a270330fafe3a0e3df93f69b,pass,
male,FJ2332,Left arteria radialis indicis,arterial,117,182,"[[0.29285699129104614, 0.7429912090301514, 0.03943200036883354], [0.3137980103492737, 0.8041322231292725, 0.08424700051546097]]",9a002459111119c3dea0f684565c3f75f10e281ab4f17a77ec92a5f051e93cf8,pass,
male,FJ2333,Medial proper palmar digital artery of left index finger,arterial,112,176,"[[0.2747440040111542, 0.7407221794128418, 0.03995800018310547], [0.303739994764328, 0.8087502121925354, 0.08232200145721436]]",b77b47694557e58019e40eb27837e1d485ed526e865e7ad64f1f3880f7b68425,pass,
male,FJ2334,Lateral proper palmar digital artery of left middle finger,arterial,113,176,"[[0.274617999792099, 0.7337192296981812, 0.042238999158144], [0.2833870053291321, 0.8087931871414185, 0.09450399875640869]]",1f589a5cc239c07ca7e0d46860c0d67a44cbf808dd1c0dfa17940872da27f528,pass,
male,FJ2335,Lateral proper palmar digital artery of left ring finger,arterial,112,162,"[[0.25426700711250305, 0.7446972131729126, 0.043375998735427856], [0.25637099146842957, 0.8087931871414185, 0.09271900355815887]]",7aff95402bd1064096446bb39267162191eebd99afe6cfc90a53d2c77af71eeb,pass,
male,FJ2336,Lateral proper palmar digital artery of left little finger,arterial,80,132,"[[0.2251559942960739, 0.7560601830482483, 0.04700100049376488], [0.24001500010490417, 0.8153281807899475, 0.08114799857139587]]",b8379e871c3b026d72a81982000f37890761761f6ab40f99885bd457cbec5be8,pass,
male,FJ2337,Left fourth common palmar digital artery,arterial,122,202,"[[0.2173520028591156, 0.7573642134666443, 0.03547099977731705], [0.2362390011548996, 0.8463801741600037, 0.08036600053310394]]",04fbdceee4d2216cc6da6925da40dab03cffb67e4a5ac810791b491f472984e1,pass,
male,FJ2338,Left arteria princeps pollicis,arterial,138,236,"[[0.2733890116214752, 0.8016201853752136, 0.02457999996840954], [0.32442599534988403, 0.895057201385498, 0.0753680020570755]]",29d6eb9b5d57813cf5909c005476e16497fd3a7cb1831be6859811946d1efe9b,pass,
male,FJ2339,Left arteria princeps pollicis,arterial,99,186,"[[0.27788498997688293, 0.7977272272109985, 0.03465399891138077], [0.3198849856853485, 0.8553922176361084, 0.06849899888038635]]",6da5a0c0d43e6fa4b0877eadfd2d9d5b1975335f8125c16da75dc52887bec96c,pass,
male,FJ2340,Proper palmar digital vein of left middle finger,venous,114,192,"[[0.25666099786758423, 0.7330442070960999, 0.03955399990081787], [0.27653101086616516, 0.7976452112197876, 0.09307199716567993]]",2328942d11e2cf9abdd680490e546ddc2d7e49607c804503a9dfc2c20f8c82fe,pass,
male,FJ2341,Right medial brachial vein,venous,318,564,"[[-0.21811600029468536, 1.0965112447738647, -0.017298499122262], [-0.15006600320339203, 1.3130412101745605, -0.0027662001084536314]]",9ff997b7848cfa8677cf339066dea519f99911a6e69322ea0b835198ed42ce7a,pass,
male,FJ2342,Right arteria radialis indicis,arterial,144,282,"[[-0.2942729890346527, 0.8026952147483826, 0.03625499829649925], [-0.2707099914550781, 0.8484911918640137, 0.04370500147342682]]",aac96b709785d67c099bfb70a01930607e507d10920574c3290c82618441b80e,pass,
male,FJ2343,Right first common palmar digital artery,arterial,131,254,"[[-0.276201993227005, 0.8073421716690063, 0.03440900146961212], [-0.265951007604599, 0.8374311923980713, 0.043671999126672745]]",26d9570d2fe23e6f4b9e49c862964bedb0a0de93f9294917c0a51654ca89374e,pass,
male,FJ2344,Right second common palmar digital artery,arterial,156,304,"[[-0.25708600878715515, 0.8074042201042175, 0.03316599875688553], [-0.2540450096130371, 0.834987223148346, 0.04479299858212471]]",3f0f8aa6d501cf13e36ff19bde26dbcbd55d2a4a96cc8ecd1ddaa6620609e7c0,pass,
male,FJ2345,Right third common palmar digital artery,arterial,163,318,"[[-0.24526700377464294, 0.813919186592102, 0.03210600093007088], [-0.23860600590705872, 0.838164210319519, 0.04843999817967415]]",f671fc518b7233c9ad91889c39f6f2f973b9c3f2d15ccb3a474e72dc0ae29864,pass,
male,FJ2346,Set of dorsal digital arteries,arterial,1068,1698,"[[-0.3209950029850006, 0.7325342297554016, 0.021088000386953354], [-0.21732699871063232, 0.8453621864318848, 0.0928099974989891]]",fa0887e0521a0d0d0464ba664b095506035d27f582d0f45b715812e916219284,pass,
male,FJ2347,Set of dorsal metacarpal arteries,arterial,484,948,"[[-0.2899799942970276, 0.8039072155952454, 0.010323000140488148], [-0.2242709994316101, 0.871343195438385, 0.03941899910569191]]",fd97d6c36335eeb8241cc21daa8570acf0b1f794936df95b6f9f0d6b108cf6c3,pass,
male,FJ2348,Set of dorsal metacarpal arteries,arterial,486,948,"[[0.2243030071258545, 0.8039131760597229, 0.010332999750971794], [0.2900179922580719, 0.8713662028312683, 0.03936399891972542]]",992dd1fcb0a52f13d66c4ab39f9c4d6282d56d514aa1d8c8767f45aba8efbf05,pass,
male,FJ2349,Proper palmar digital vein of right little finger,venous,334,608,"[[-0.2959200143814087, 0.7986102104187012, 0.02691200003027916], [-0.23795099556446075, 0.8482131958007812, 0.050085000693798065]]",a93934a04996a4496d953ac8d836b33f6ea73478a50bd3488b12d69f3787c186,pass,
male,FJ2350,Right palmar metacarpal vein,venous,145,264,"[[-0.3243370056152344, 0.8018832206726074, 0.024024000391364098], [-0.26519298553466797, 0.8988832235336304, 0.07595600187778473]]",ebc469c884f9a2cf206a2d78daa7575bd534e6e31e272aa5ee808607623f07f7,pass,
male,FJ2351,Proper palmar digital vein of right little finger,venous,117,194,"[[-0.2395399957895279, 0.7615532279014587, 0.029400000348687172], [-0.21847499907016754, 0.8384292125701904, 0.07536999881267548]]",bc5cde4308377381926e5badeb9c7577e1e6184c6fe81325d284241018d9c4e2,pass,
male,FJ2352,Common palmar digital vein,venous,150,260,"[[-0.27643001079559326, 0.7962731719017029, 0.035300999879837036], [-0.23782700300216675, 0.8119742274284363, 0.050071001052856445]]",9fc81d7503571a2a9f757f8fcdbd93b554cddab38626cb02de19984d7d0498b6,pass,
male,FJ2353,Right palmar metacarpal vein,venous,113,208,"[[-0.3186360001564026, 0.7973482012748718, 0.037342000752687454], [-0.28149500489234924, 0.8527392148971558, 0.06949099898338318]]",c4503e0cf45e41aa03170a866b945f9ea1258cc160bf6d398993ca1a621cf84f,pass,
male,FJ2354,Proper palmar digital vein of right index finger,venous,114,146,"[[-0.3122049868106842, 0.7430452108383179, 0.036563001573085785], [-0.2948850095272064, 0.7986472249031067, 0.08387000113725662]]",38665a226b27899d01204680d80c8fb8a0bc6a4b1de3eced437083374eaf0abb,pass,
male,FJ2355,Proper palmar digital vein of right index finger,venous,112,198,"[[-0.30487900972366333, 0.7416502237319946, 0.03959900140762329], [-0.27497199177742004, 0.8022642135620117, 0.08568800240755081]]",5b566e6f7398a88a1bc035e2560c4f9b3826473c8d675ebb9ed139a3d8c89050,pass,
male,FJ2356,Proper palmar digital vein of right middle finger,venous,88,166,"[[-0.28115299344062805, 0.7337331771850586, 0.04157299920916557], [-0.2750779986381531, 0.8022372126579285, 0.09358800202608109]]",1d699640e13f945e3019cd143eb8343ed516e563728ccf2b43a54625aa735468,pass,
male,FJ2357,Proper palmar digital vein of right middle finger,venous,119,192,"[[-0.27650099992752075, 0.7330672144889832, 0.03957799822092056], [-0.2566399872303009, 0.7977151870727539, 0.09307599812746048]]",7961e9e0d27a888f7dc2b5aca5b1f90befc9cb6a303f463538feec55e29b8528,pass,
male,FJ2358,Proper palmar digital vein of right ring finger,venous,123,214,"[[-0.2580089867115021, 0.7447702288627625, 0.0395749993622303], [-0.252905011177063, 0.7976741790771484, 0.08951699733734131]]",8a9b919dd3d516b9280496253173041264dbac4b8658324532f829ad362fc9cc,pass,
male,FJ2359,Proper palmar digital vein of right ring finger,venous,118,204,"[[-0.24647699296474457, 0.7454792261123657, 0.04612499848008156], [-0.237868994474411, 0.8062261939048767, 0.08659499883651733]]",29f75641ffa2ba733d202244a0da83cac0c34e88d8fb19e6b6cc847cf4c496a2,pass,
male,FJ2360,Proper palmar digital vein of right little finger,venous,143,246,"[[-0.2392590045928955, 0.7588751912117004, 0.04807300120592117], [-0.22352400422096252, 0.8062102198600769, 0.07513400167226791]]",bd11251b69368fca49d62889165e0a764df8e5a6f81e34816a401a09d925097e,pass,
male,FJ2361,Pectoral branch of right thoraco-acromial artery,arterial,376,748,"[[-0.12689299881458282, 1.2787412405014038, -0.0012015999527648091], [-0.09245800226926804, 1.4005012512207031, 0.04948500171303749]]",1ad10383b70572ba4836a46711283c0b279d3dc23e2cc0459fcdc8b9bc4eae78,pass,
male,FJ2362,Middle collateral branch of right deep brachial artery,arterial,187,370,"[[-0.22279900312423706, 1.1240612268447876, -0.049130700528621674], [-0.20317600667476654, 1.1959712505340576, -0.04408250004053116]]",3b09cdccafa9a6dc651c827b9cc0fb3d934a71dfff6a2c589a98395411d42d58,pass,
male,FJ2363,Right arteria radialis indicis,arterial,104,176,"[[-0.3137870132923126, 0.7429751753807068, 0.03940900042653084], [-0.29281601309776306, 0.8041352033615112, 0.08425600081682205]]",87f80e07391d30c05f8b1d925d75f5a786f3b14f84a531f216648fec4e23bc47,pass,
male,FJ2364,Medial proper palmar digital artery of right index finger,arterial,115,176,"[[-0.3037390112876892, 0.7407131791114807, 0.0399710014462471], [-0.2747479975223541, 0.8088071942329407, 0.08232799917459488]]",be32c556755cd6484e238aaac4f5ab68ab7c6b744c67c849a67005e884f8f73f,pass,
male,FJ2365,Lateral proper palmar digital artery of right middle finger,arterial,114,176,"[[-0.28333398699760437, 0.73371821641922, 0.04220400005578995], [-0.2745650112628937, 0.8087912201881409, 0.09452400356531143]]",e0e9f9a541ffa7d6f06fd637f49fc529867b3ebef7b3aac2aab80f1847316700,pass,
male,FJ2366,Lateral proper palmar digital artery of right ring finger,arterial,97,158,"[[-0.2564069926738739, 0.7447022199630737, 0.04334399849176407], [-0.254254013299942, 0.8088701963424683, 0.09269999712705612]]",e5963201b3588a166daac81e8b698a95c69d2f816e0879d453338ddaf00cfa8d,pass,
male,FJ2367,Medial proper palmar digital artery of right middle finger,arterial,112,180,"[[-0.27458399534225464, 0.7343952059745789, 0.043407000601291656], [-0.25500500202178955, 0.8087952136993408, 0.09368599951267242]]",4d52707fc052b5cb7044388eb2b9fc8d016851a865c427d49c27d0fb8106e939,pass,
male,FJ2368,Lateral proper palmar digital artery of right little finger,arterial,78,134,"[[-0.24005599319934845, 0.7560521960258484, 0.04698500037193298], [-0.22518299520015717, 0.8153201937675476, 0.08116400241851807]]",700d006b44e7892f11ed35b3481446b32823971f6e5beaa5367aa47f4fd80d74,pass,
male,FJ2369,Medial proper palmar digital artery of right ring finger,arterial,99,158,"[[-0.248089998960495, 0.7447301745414734, 0.047015998512506485], [-0.2386229932308197, 0.8153402209281921, 0.09282000362873077]]",9a17a4cbd6ffa1d6c3141489c3ee16b76535ea4a68b823223fbe4f93de40350a,pass,
male,FJ2370,Right fourth common palmar digital artery,arterial,125,204,"[[-0.23625999689102173, 0.7573652267456055, 0.03549500182271004], [-0.21737200021743774, 0.8463141918182373, 0.0803460031747818]]",8731c8ecb66d3dc01b4969681be90c595424c3d34fa1f6ce6ff3994c1c6bc6c0,pass,
male,FJ2371,Right arteria princeps pollicis,arterial,145,234,"[[-0.32442599534988403, 0.8016021847724915, 0.02454799972474575], [-0.2734239995479584, 0.8950412273406982, 0.07534900307655334]]",f24d39ac36d0cdaf9e44c918aa093680ad095e1c1a2e02b98db2b99d47a7e42a,pass,
male,FJ2372,Right arteria princeps pollicis,arterial,105,194,"[[-0.3198789954185486, 0.7976831793785095, 0.034689001739025116], [-0.27785998582839966, 0.855373203754425, 0.06853800266981125]]",5134cc7b151291be1c77d5ff533ed268a07909ed5c823e5885e052aac8b6795b,pass,
male,FJ2373,Right superior ulnar collateral artery,arterial,164,324,"[[-0.18881000578403473, 1.1186212301254272, -0.04557419940829277], [-0.18121300637722015, 1.2010011672973633, -0.015799399465322495]]",b13cc5c505a94815e0ed1d0a91b93337532932dc070ba4b7082cfdccd5ceb70a,pass,
male,FJ2374,Left superior ulnar collateral artery,arterial,164,324,"[[0.18117499351501465, 1.1186312437057495, -0.045575398951768875], [0.1888130009174347, 1.2010811567306519, -0.015793800354003906]]",5b26d09033dfb3a069c24d1231eb985899f18d1315f94631cf2cd3b9c150c80d,pass,
male,FJ2386,Caudate lobe branch of right hepatic artery,arterial,209,352,"[[-0.03301290050148964, 1.184831142425537, 0.028358999639749527], [-0.016512399539351463, 1.197681188583374, 0.041666001081466675]]",1f7330275e70db6fe0176b752681e9c7c34423387d71617a9ce6ff60b75cde85,pass,
male,FJ2394,Right lobe branch of right hepatic artery,arterial,454,450,"[[-0.0918888971209526, 1.1914112567901611, -0.03319390118122101], [-0.045308198779821396, 1.2215611934661865, 0.052553001791238785]]",6f045c47ff11e6ce55a897e1ce9fb717f782f0282a64fd55543c9745866a04b0,pass,
male,FJ2404,Left portal vein,venous,2428,2662,"[[-0.08704719692468643, 1.1524012088775635, 0.02108900062739849], [0.05062590166926384, 1.241461157798767, 0.0934000015258789]]",ab5a284fb14a04ee5526f6b81dca09cdfad52e68304ca979fb96a1478e33696d,pass,
male,FJ2405,Right portal vein,venous,1497,1458,"[[-0.0976317971944809, 1.1592211723327637, -0.05041459947824478], [-0.021525099873542786, 1.2167911529541016, 0.051642999053001404]]",88acf51050c25afe4c0b8db80f2de4c5ab789677d02671eeaf2ce8fd3e974844,pass,
male,FJ2409,Hepatovenous segment VII,venous,1454,1876,"[[-0.11476600170135498, 1.106081247329712, -0.055710598826408386], [-0.021135300397872925, 1.188811182975769, 0.06521199643611908]]",b3c033e3fcd425f62cfa81b52daff75556e3e7487081356dcbf8b42d95fa8844,pass,
male,FJ2414,Middle hepatic vein,venous,638,1178,"[[-0.06027029827237129, 1.1813812255859375, 0.018254000693559647], [-0.005268380045890808, 1.2429611682891846, 0.08939900249242783]]",09a8c7d769651346ab993c21e14bde44d5903e1a1275a48359ffda49fea22c9b,pass,
male,FJ2415,Left hepatic vein,venous,527,884,"[[-0.011933599598705769, 1.204531192779541, 0.017381999641656876], [0.051909901201725006, 1.242441177368164, 0.07179000228643417]]",b10f2d9cabd6cf69dcf0cdcad318f9088fdd438b67f3efab09db72bac4ed99f8,pass,
male,FJ2416,Right hepatic vein,venous,1558,1936,"[[-0.10827899724245071, 1.1740511655807495, -0.023947300389409065], [-0.020694099366664886, 1.2441412210464478, 0.057326000183820724]]",8dd5dff556226459987a2f907d8d950f75fda2a6899cd6b62558c375839f07cb,pass,
male,FJ2417,Left anterior cusp of pulmonary valve,cardiac,699,1256,"[[0.02314019948244095, 1.3230111598968506, 0.03953700140118599], [0.04092150181531906, 1.3395612239837646, 0.05958100035786629]]",bcff615585e828b4dde6d8b5047ff0f08a8cbbd383746a8229664c1ce83d93b4,pass,
male,FJ2418,Anterolateral head of lateral papillary muscle of left ventricle,cardiac,511,776,"[[0.031544700264930725, 1.2699211835861206, 0.024512000381946564], [0.05658920109272003, 1.302761197090149, 0.06003199890255928]]",bc508fa28ce37b47480a156c86159e552c328d032adbe4983985ef8e83ff94c8,pass,
male,FJ2419,Anterior papillary muscle of right ventricle,cardiac,548,820,"[[0.012058299966156483, 1.257911205291748, 0.0511309988796711], [0.047142401337623596, 1.2871612310409546, 0.07270999997854233]]",50339c4ff08b38ec594d5fa0eed83d411a5b0afccb881899aeee25fa507b4688,pass,side_vs_body_midline: review regional laterality; cardiac/hepatic labels can legitimately cross midline
male,FJ2420,Anterior leaflet of mitral valve,cardiac,1356,2322,"[[0.011762999929487705, 1.2825711965560913, -0.006897800136357546], [0.04586169868707657, 1.3139911890029907, 0.04158800095319748]]",ff5dc99736c57ec49b226b78858b08c2dce114ea883052d195e3dadce507d397,pass,
male,FJ2421,Anterior leaflet of tricuspid valve,cardiac,1254,2230,"[[-0.021077200770378113, 1.2762211561203003, 0.029254000633955002], [0.02317800000309944, 1.314311146736145, 0.056306999176740646]]",b27aa637cef67b8b719c9eb6c27255976bbc344e6d1281915ba5dd1b9eafa599,pass,
male,FJ2422,Cavity of left ventricle,cardiac,749,1468,"[[0.0064674499444663525, 1.2621811628341675, -0.013598400168120861], [0.07024630159139633, 1.329661250114441, 0.058522000908851624]]",b98905a42db6adff645492a96e7b4cf41bd4c461d4b1fa6e71559d8a70ff643f,pass,
male,FJ2423,Cavity of right ventricle,cardiac,817,1610,"[[-0.018845800310373306, 1.2575912475585938, 0.015194999985396862], [0.05257999897003174, 1.3381412029266357, 0.07341799885034561]]",59352699f1ff2225e9bd2e2738d70760ee502528fbab8a9d0782f2cdde2b0a59,pass,
male,FJ2424,Cavity of right atrium,cardiac,697,1286,"[[-0.03417380154132843, 1.263371229171753, -0.007495400030165911], [0.003187050111591816, 1.3555811643600464, 0.05354699864983559]]",b67af6669e63ecef624d783b0da1816bd0991dc619680fc3f6588031f23ebde7,pass,
male,FJ2425,Cavity of left atrium,cardiac,547,992,"[[-0.02038460038602352, 1.2845611572265625, -0.0290095005184412], [0.048323698341846466, 1.3464012145996094, 0.026760999113321304]]",66f394852d0846a85d037c8ccd7e4be9fd1aa805a7a913b0ac95aa4660776bbb,pass,
male,FJ2426,Left posterior cusp of aortic valve,cardiac,522,906,"[[0.016596900299191475, 1.3188111782073975, 0.006409999914467335], [0.032388199120759964, 1.333191156387329, 0.026655999943614006]]",ff03f29b76ca892f3d150c9da184b42b86d7ea958829198a21bed6d7f219df5a,pass,
male,FJ2427,Posterior cusp of pulmonary valve,cardiac,570,992,"[[0.0235494002699852, 1.3233011960983276, 0.02760300040245056], [0.040595900267362595, 1.339731216430664, 0.04220899939537048]]",811e78700299698fdbacdadc70e193035ade7f534426aab5d512fb48bce9fbda,pass,
male,FJ2428,Wall of ventricle,cardiac,5903,8236,"[[-0.02300339937210083, 1.252331256866455, -0.01686440035700798], [0.0791395977139473, 1.3440111875534058, 0.0765800029039383]]",3d17dc70a0f02722b75d0e9a6d210ebc59fbca47b31b28ef46dc1b67a7f97951,pass,
male,FJ2429,Lateral papillary muscle of left ventricle,cardiac,455,722,"[[0.04646480083465576, 1.2665512561798096, 0.004767000209540129], [0.0745403990149498, 1.2963712215423584, 0.04692000150680542]]",a71901d7db217353927ab30b5ddc3a8bbcc9b7deb77266d27b71acfbdb725018,pass,
male,FJ2430,Posterior papillary muscle of right ventricle,cardiac,462,654,"[[0.007164539769291878, 1.2565511465072632, 0.03188600018620491], [0.036776598542928696, 1.2709012031555176, 0.06041799858212471]]",c9b3612f14b1295903068ba216e7a330362974de4b489e026a04acc837d913c6,pass,side_vs_body_midline: review regional laterality; cardiac/hepatic labels can legitimately cross midline
male,FJ2431,Right posterior cusp of aortic valve,cardiac,214,314,"[[0.005667740013450384, 1.3115211725234985, 0.004825999960303307], [0.02323959954082966, 1.3286311626434326, 0.023847000673413277]]",e5fbb7230aaf3d2f9168d6ee773e190a02a3a34fe98e459aeffe89853d2e15d8,pass,side_vs_body_midline: review regional laterality; cardiac/hepatic labels can legitimately cross midline
male,FJ2432,Posterior leaflet of mitral valve,cardiac,1766,2402,"[[0.013574499636888504, 1.2777111530303955, -0.014555400237441063], [0.06285429745912552, 1.3097611665725708, 0.023267000913619995]]",e1844b45b5fdd3305ec7a6a052b3559862c29b1959cb8351f0a28393933fc720,pass,
male,FJ2433,Posterior leaflet of tricuspid valve,cardiac,1374,2352,"[[-0.018957799300551414, 1.2667511701583862, 0.013717000372707844], [0.016439300030469894, 1.2942912578582764, 0.04524200037121773]]",cf8040a594d7a48b65fe716ba4953be4eec69631c006b631dfe32251b4c28e22,pass,
male,FJ2434,Right anterior cusp of pulmonary valve,cardiac,756,1354,"[[0.0087679298594594, 1.326181173324585, 0.03288000077009201], [0.027524499222636223, 1.3433811664581299, 0.05686900019645691]]",140331b2bec19d2e561d271cea769f661ce75802c0314a68b67a58523e964d2b,pass,side_vs_body_midline: review regional laterality; cardiac/hepatic labels can legitimately cross midline
male,FJ2435,Anterior cusp of aortic valve,cardiac,503,912,"[[0.006992239970713854, 1.312811255455017, 0.018970999866724014], [0.026656199246644974, 1.3308411836624146, 0.03244100138545036]]",c0961f019a63447d11c15d91788ca24ef5025fe9d82878a46b34799ae767a168,pass,
male,FJ2436,Septal leaflet of tricuspid valve,cardiac,1324,2144,"[[-0.006465869955718517, 1.2912511825561523, 0.013573000207543373], [0.029501400887966156, 1.3145512342453003, 0.037744998931884766]]",033e0e41cd195b0ada7261bb7fc6ce6fb00d951c3da84df4cc974dd1b6106c69,pass,
male,FJ2437,Septal papillary muscle of right ventricle,cardiac,510,790,"[[0.012891200371086597, 1.2915712594985962, 0.02819499932229519], [0.03217409923672676, 1.3182811737060547, 0.043598998337984085]]",e52e0bf4d9cbc338731559ee690d507818b41934c882d8ff8ce562ddcc7d08d9,pass,side_vs_body_midline: review regional laterality; cardiac/hepatic labels can legitimately cross midline
male,FJ2438,Wall of left atrium,cardiac,2414,4090,"[[-0.02278059907257557, 1.2776012420654297, -0.02977219969034195], [0.06316660344600677, 1.350431203842163, 0.051047999411821365]]",3a31ccd22ca58b3cfc2b20854b4cd2cb2205b988eb0cd374440fe2508691fc43,pass,
male,FJ2439,Wall of right atrium,cardiac,2545,3912,"[[-0.0362573005259037, 1.2612111568450928, -0.003643699921667576], [0.006715340074151754, 1.3576111793518066, 0.06255599856376648]]",8c156dd132f8851e0d7312179c0747e2a614330b36a11fb5745ce995a2cc66fd,pass,
male,FJ2440,Cricoid cartilage,skeletal,838,1514,"[[-0.012166500091552734, 1.4653111696243286, -0.007383500225841999], [0.010860499925911427, 1.4828312397003174, 0.011469000019133091]]",76ce1ff57c2e5af3a0e4abf8b7a037ff6c207b07a26a74a1055c15a53db7696d,pass,
male,FJ2441,Inferior lingular bronchial tree,respiratory,273,446,"[[0.05233730003237724, 1.2488411664962769, -0.026242699474096298], [0.09051389992237091, 1.3450812101364136, 0.07787100225687027]]",afa5638f7244966e34f049df68a8cefc3b59b7481848951bdf797bbdfcaecc4a,pass,
male,FJ2442,Left medial basal segmental bronchial tree,respiratory,208,342,"[[0.06260079890489578, 1.2239811420440674, -0.03652799874544144], [0.12124300003051758, 1.3092411756515503, 0.03053000010550022]]",2e0dd2450c32dd2489595ef363bee8c2e01eab62c0122f2a7de934c5e2383d91,pass,
male,FJ2443,Left anterior segmental bronchial tree,respiratory,248,406,"[[0.031516000628471375, 1.3487612009048462, -0.015479899942874908], [0.07027679681777954, 1.3727612495422363, 0.032620999962091446]]",30d13ae4936cec623498ccf4ddb13b0a6fc50a1e19d1129d92ae23bed024ee7d,pass,
male,FJ2444,Left apical segmental bronchial tree,respiratory,216,362,"[[0.026194199919700623, 1.349931240081787, -0.017964400351047516], [0.06901930272579193, 1.4312511682510376, -0.002009900053963065]]",2675efef1e28181008dbe3894961462c64a0d2867eb9de8e745971ac14b7a491,pass,
male,FJ2445,Left lateral basal segmental bronchial tree,respiratory,164,278,"[[0.0667748972773552, 1.2122211456298828, -0.04111680015921593], [0.12135300040245056, 1.2972612380981445, -0.007243699859827757]]",f03583ea2490af1cd82d50d8fe531b56514f872b90ae8623526f2896ae51ec3f,pass,
male,FJ2446,Left posterior basal segmental bronchial tree,respiratory,152,254,"[[0.06127740070223808, 1.2077912092208862, -0.06963810324668884], [0.0785989984869957, 1.3094512224197388, -0.02891560085117817]]",a137f4611e2f967a5abd771cbbe8f6ac8a406bfbc8584885121c83fbf3287c0a,pass,
male,FJ2447,Left posterior segmental bronchial tree,respiratory,166,266,"[[0.06213400140404701, 1.3650412559509277, -0.04565120115876198], [0.07875259965658188, 1.4001611471176147, -0.007726199924945831]]",5725d3218ca71c52719f27195676e93e141cc0042a4238542170b1b636943edd,pass,
male,FJ2448,Left superior segmental bronchial tree,respiratory,248,404,"[[0.03597230091691017, 1.3206812143325806, -0.06541220098733902], [0.05644579976797104, 1.3722511529922485, -0.02866790071129799]]",f726b855c283937b43cf0d1266942d12aa77d0669d34cc4ad80e963171375d26,pass,
male,FJ2449,Lateral segmental bronchial tree,respiratory,214,356,"[[-0.11196199804544449, 1.267821192741394, -0.022766700014472008], [-0.025909999385476112, 1.331681251525879, 0.03265799954533577]]",4e640e2815ea280c974c2a028fb604903c19ce3a5cf83562099c3d4c54774b5e,pass,
male,FJ2450,Left main bronchus,respiratory,1500,2594,"[[0.0004211959894746542, 1.2989312410354614, -0.03899860009551048], [0.07234740257263184, 1.3748211860656738, -0.006616500206291676]]",ec264956761a53da415ad3b48cd5805259b0e6fbad0ff46a48b42965ea467439,pass,
male,FJ2451,Medial segmental bronchial tree,respiratory,244,422,"[[-0.05487919971346855, 1.2583712339401245, -0.00296889990568161], [-0.034569498151540756, 1.3136111497879028, 0.05725200101733208]]",67d18ada9e64aa97d2d5088d6d57feaa491c056ba27a944ca94f8883ef5f67a3,pass,
male,FJ2452,Right anterior basal segmental bronchial tree,respiratory,213,362,"[[-0.10575400292873383, 1.2781012058258057, -0.04585130140185356], [-0.03508809953927994, 1.3156812191009521, -0.018870199099183083]]",f60adba04f0149889d356638d67a933ee2fb56847f239a3392469d99d7590804,pass,
male,FJ2453,Right anterior segmental bronchial tree,respiratory,197,330,"[[-0.09146630018949509, 1.352451205253601, -0.018429100513458252], [-0.029116300866007805, 1.3740911483764648, 0.0006050000083632767]]",27b3487b0c0528f1c531579ac98942a3526aa64797afb96e11dbaa13cc377499,pass,
male,FJ2454,Right apical segmental bronchial tree,respiratory,188,324,"[[-0.047655098140239716, 1.3589911460876465, -0.02272759936749935], [-0.027136899530887604, 1.4164812564849854, 0.002561999950557947]]",3402d22b96ec060b7d14ee3b3eda31af2b4d81e6bb35617eacc431ddf858d92d,pass,
male,FJ2455,Right lateral basal segmental bronchial tree,respiratory,188,298,"[[-0.11366699635982513, 1.2227911949157715, -0.03835970163345337], [-0.03836420178413391, 1.3078111410140991, -0.022686399519443512]]",7f39281d5d8d121825604d2c6bba5de03911d4945699386020f366a60203970e,pass,
male,FJ2456,Right medial basal segmental bronchial tree,respiratory,99,140,"[[-0.03807799890637398, 1.2905511856079102, -0.02718929946422577], [-0.008744520135223866, 1.3237812519073486, -0.0021792000625282526]]",2feda05512204a8f1765a28bd699772ef23977cc66a72d1d2428e3dca4c97a5f,pass,
male,FJ2457,Right posterior basal segmental bronchial tree,respiratory,178,290,"[[-0.05725900083780289, 1.2155711650848389, -0.05931749939918518], [-0.037018898874521255, 1.307501196861267, -0.02501470036804676]]",631dcba543f80687658f09128bd05de7d5a9e72954fe619f65b38cc0969fadde,pass,
male,FJ2458,Right posterior segmental bronchial tree,respiratory,272,474,"[[-0.07200220227241516, 1.3531111478805542, -0.054708801209926605], [-0.028762999922037125, 1.4016011953353882, -0.012832500040531158]]",95a5085d6647f1400ad220acafd6bb4885d1a371f3d407274d89ab3e0abcf76d,pass,
male,FJ2459,Right superior segmental bronchial tree,respiratory,162,238,"[[-0.08776479959487915, 1.3165011405944824, -0.0758282020688057], [-0.02127999998629093, 1.338091254234314, -0.018514199182391167]]",57d4f6e284d79f6d2dcbc00d7dbba21d0da43c4ed9a79bb990c4826c73df9153,pass,
male,FJ2460,Left apical segmental bronchial tree,respiratory,139,198,"[[0.04699549823999405, 1.3833812475204468, -0.033080801367759705], [0.06537660211324692, 1.4213411808013916, -0.006197799928486347]]",2370f61f23958b319dd88d2baf95cd086ff8cc8af90d8d055da25a0dd42a3fa7,pass,
male,FJ2461,Left apical segmental bronchial tree,respiratory,95,128,"[[0.023187799379229546, 1.4041311740875244, -0.020178399980068207], [0.05257299914956093, 1.422551155090332, -0.0057518999092280865]]",360bfcbd94bb1eb4111e074554742144246513fa88078c171de26a90aafdaa16,pass,
male,FJ2462,Left apical segmental bronchial tree,respiratory,105,124,"[[0.057850100100040436, 1.401941180229187, -0.02577890083193779], [0.06483150273561478, 1.4142411947250366, -0.013766500167548656]]",60478069e7d5ea84bb9f5c2b829296617b27ae1594a08869e944bf5314383117,pass,
male,FJ2463,Left apical segmental bronchial tree,respiratory,97,114,"[[0.03660300001502037, 1.4207911491394043, -0.017114000394940376], [0.040125299245119095, 1.4287011623382568, -0.005967400036752224]]",c6ffb7a6f6e43e366d9008d8ef34707e2a33e866b26628e255c5a4079858d176,pass,
male,FJ2464,Left apical segmental bronchial tree,respiratory,70,64,"[[0.05112159997224808, 1.4156211614608765, -0.0336402989923954], [0.05457310006022453, 1.4196511507034302, -0.025652499869465828]]",edd08c1335c7eef32a708a810ee7d6097a4b81bf193081a60b9e40edeb3efe4c,pass,
male,FJ2465,Left posterior segmental bronchial tree,respiratory,78,86,"[[0.07038220018148422, 1.368421196937561, -0.0366457998752594], [0.08405649662017822, 1.3800112009048462, -0.0176084004342556]]",d8ce44323dc9eb5e9e0db562db2a967aa7c8c9e34c041934245fd323e363dc48,pass,
male,FJ2466,Left posterior segmental bronchial tree,respiratory,68,64,"[[0.07446680217981339, 1.3835811614990234, -0.04399679973721504], [0.08332329988479614, 1.3888112306594849, -0.027454599738121033]]",f015612c13de732bf0461d1b1e01af759ee3ba4a46a67aa08ee232c250d058c0,pass,
male,FJ2467,Left anterior segmental bronchial tree,respiratory,212,336,"[[0.05572570115327835, 1.3240312337875366, -0.009062400087714195], [0.0694269984960556, 1.3570711612701416, 0.06036999821662903]]",98a93bd8c0f37ee8dcce71658c102812e95fb9c472a28aa3d03dbcd25839e168,pass,
male,FJ2468,Left anterior segmental bronchial tree,respiratory,150,188,"[[0.06271719932556152, 1.3511911630630493, -0.00911139976233244], [0.08772909641265869, 1.3649711608886719, 0.02062300033867359]]",bddb02b5fd49587aff31ba98c2330b8317fd8eb85ee6288184a62bb1f32fb810,pass,
male,FJ2469,Left anterior segmental bronchial tree,respiratory,87,82,"[[0.07659070193767548, 1.3401612043380737, 0.01082099974155426], [0.09226039797067642, 1.3570512533187866, 0.024808000773191452]]",bf235802a00da11731cfa5c31c74eecc25b9cdc7be3c409c0e4ae61a01603ea8,pass,
male,FJ2470,Right posterior basal segmental bronchial tree,respiratory,191,312,"[[-0.050078898668289185, 1.249131202697754, -0.058866098523139954], [-0.034187201410532, 1.2747012376785278, -0.03877919912338257]]",def18627133c71a5473c5f08c6b597fbf25fc1e4e6f74dff43ecb5644025ffcb,pass,
male,FJ2471,Left anterior segmental bronchial tree,respiratory,81,106,"[[0.08015879988670349, 1.357241153717041, 0.016573000699281693], [0.0853452980518341, 1.3607012033462524, 0.027303000912070274]]",d765c53132e84194ef22ddb263b824de701349aa009e7c16c3fb6e7958cfc894,pass,
male,FJ2472,Left anterior segmental bronchial tree,respiratory,100,114,"[[0.0494115985929966, 1.3620011806488037, 0.019852999597787857], [0.05533209815621376, 1.3700412511825562, 0.03135500103235245]]",b6b65c607a8d3d5fb36748cb3d6d793dfc355e2f0b242fd058fa34032e333ce3,pass,
male,FJ2473,Left anterior segmental bronchial tree,respiratory,116,116,"[[0.04285139963030815, 1.3430012464523315, 0.02848600037395954], [0.06113230064511299, 1.3573611974716187, 0.044103000313043594]]",7f51462b42c293edb83c460bccd5126cde800729f4aebaf63d54eed234118332,pass,
male,FJ2474,Left anterior segmental bronchial tree,respiratory,113,126,"[[0.05862810090184212, 1.3567111492156982, 0.009763999842107296], [0.07145089656114578, 1.3655811548233032, 0.03478100150823593]]",795495a070e38622a05ecb9f67b7ec49bf9fc2961e48268bb109bf10bc5bbade,pass,
male,FJ2475,Inferior lingular bronchial tree,respiratory,125,198,"[[0.0814220979809761, 1.2680912017822266, 0.01892700046300888], [0.10439399629831314, 1.2909412384033203, 0.05347000062465668]]",d140e8b024b23b6c813a112642e3b2556c1103587a7c09101d4e771b91845ce3,pass,
male,FJ2476,Superior lingular bronchial tree,respiratory,107,134,"[[0.08596330136060715, 1.3224412202835083, -0.020077399909496307], [0.10894499719142914, 1.3351411819458008, -0.0006646999972872436]]",27f1ed47aa53edeca862bb9bcfb5724d128bba058013e85f29c2c7ffd9644387,pass,
male,FJ2477,Superior lingular bronchial tree,respiratory,87,70,"[[0.10330300033092499, 1.3052312135696411, 0.00981099996715784], [0.11336600035429001, 1.31088125705719, 0.017100000753998756]]",cc39283a76426cfdfe99b0b0bc6f39505083f652468a23a9be73ac2c223367cc,pass,
male,FJ2478,Superior lingular bronchial tree,respiratory,87,88,"[[0.10215199738740921, 1.3234312534332275, -0.019238200038671494], [0.11156199872493744, 1.3303111791610718, -0.011683999560773373]]",bb059b9b8a79bd9ceff9a72504c9e06bf9b9f6f8565be993dd75e84053995311,pass,
male,FJ2479,Left superior segmental bronchial tree,respiratory,123,190,"[[0.05201460048556328, 1.3253512382507324, -0.06633920222520828], [0.08091069757938385, 1.343231201171875, -0.042252399027347565]]",e2d8f9cebc6f38970696f06ed6c1d8db64c5fa3d1b42566c18b27320aad78dea,pass,
male,FJ2480,Left superior segmental bronchial tree,respiratory,93,106,"[[0.050425998866558075, 1.3456312417984009, -0.06278099864721298], [0.07142899930477142, 1.3612111806869507, -0.05837170034646988]]",eb55305e1cc4a9f2f13b085af930ce5ea644e70a39013bfcbc747a0cbbde95c1,pass,
male,FJ2481,Right posterior basal segmental bronchial tree,respiratory,201,216,"[[-0.051163699477910995, 1.2138211727142334, -0.06612840294837952], [-0.04377510026097298, 1.2236912250518799, -0.05476919934153557]]",7fa7b19cb6cb20a1c8809b8071dc570274ccc1138c41e3a463a897d9f5f949f8,pass,
male,FJ2482,Left superior segmental bronchial tree,respiratory,83,98,"[[0.06899619847536087, 1.3190412521362305, -0.06373629719018936], [0.0909074991941452, 1.3328511714935303, -0.05054460093379021]]",98ba1423a135a68b5cbe5a8d43fe86db4b74db93be576f5a16352199bd911078,pass,
male,FJ2483,Left superior segmental bronchial tree,respiratory,82,90,"[[0.050999999046325684, 1.3076812028884888, -0.05019339919090271], [0.0656730979681015, 1.3213611841201782, -0.045957401394844055]]",0bdc4e4ce62d7c165e462581e521f939b91b7aead4d55dceddeb182c8b90d548,pass,
male,FJ2484,Left superior segmental bronchial tree,respiratory,93,120,"[[0.04824079945683479, 1.3057012557983398, -0.05441790074110031], [0.055260900408029556, 1.328991174697876, -0.04068170115351677]]",85e70edcf3c7dc637c08798216151e21691afaaf2360eb5d657d983e798f9394,pass,
male,FJ2485,Left superior segmental bronchial tree,respiratory,74,58,"[[0.047736600041389465, 1.3564711809158325, -0.0645395964384079], [0.055052001029253006, 1.3693112134933472, -0.061479099094867706]]",d60f13cd074ce0cb4d2f60e57bf19c7e75245d5b32b6024531da950775a2ea3c,pass,
male,FJ2486,Right posterior basal segmental bronchial tree,respiratory,140,204,"[[-0.04353870078921318, 1.247421145439148, -0.06281860172748566], [-0.04141730070114136, 1.25835120677948, -0.04933600127696991]]",a82215b9a22f4e611a4d20ed13e115469ea522427d2e763b25a2f6c02916a5a2,pass,
male,FJ2487,Right posterior basal segmental bronchial tree,respiratory,280,426,"[[-0.08327829837799072, 1.2288511991500854, -0.07554300129413605], [-0.052302900701761246, 1.2527612447738647, -0.045481301844120026]]",d3e001cb67c006c6af2482f1e4c8fcf203f6aa29c4169c9cadf2594b2b70c8a4,pass,
male,FJ2488,Right medial basal segmental bronchial tree,respiratory,141,160,"[[-0.024066399782896042, 1.2762812376022339, -0.013592099770903587], [-0.01100850012153387, 1.3062711954116821, -0.0010914000449702144]]",f904ee250e18332f1d80b41d27a8702379a379cf353d941f93fca8e9e741f590,pass,
male,FJ2489,Right posterior basal segmental bronchial tree,respiratory,223,344,"[[-0.0723629966378212, 1.2232111692428589, -0.07283099740743637], [-0.05993780121207237, 1.2411612272262573, -0.05570340156555176]]",3a54b2801505006e6465142d69f82f91bc9473e768afc41e451abfaffeb2a654,pass,
male,FJ2490,Right lateral basal segmental bronchial tree,respiratory,220,334,"[[-0.10206999629735947, 1.2199811935424805, -0.038488101214170456], [-0.09587059915065765, 1.237901210784912, -0.02740499936044216]]",706ef46e59715c13705ca251cbc553138378521b1a0cb4a15852094a16183a7c,pass,
male,FJ2491,Right lateral basal segmental bronchial tree,respiratory,224,316,"[[-0.10237900167703629, 1.2615312337875366, -0.040275800973176956], [-0.0658428966999054, 1.2713311910629272, -0.03209970146417618]]",03bc53637dd5a74f5e495d800c860020116e6df0f00d37551b39e36c6bcd992b,pass,
male,FJ2492,Right lateral basal segmental bronchial tree,respiratory,186,234,"[[-0.09822569787502289, 1.2575712203979492, -0.0366378016769886], [-0.08742660284042358, 1.2646912336349487, -0.02839919924736023]]",c673f0281e6e98d14d1f0247fddab7b8a213b8491bef3af91fbb984f9763556b,pass,
male,FJ2493,Right anterior basal segmental bronchial tree,respiratory,237,314,"[[-0.11653999984264374, 1.2652711868286133, -0.028905300423502922], [-0.07887350022792816, 1.2845112085342407, -0.010942899622023106]]",9dfc2bc82cf465567926e6fbc5de5f7a3f2f8e645b7946d1372adb1816ad3fda,pass,
male,FJ2494,Right anterior basal segmental bronchial tree,respiratory,174,246,"[[-0.11011599749326706, 1.2585711479187012, -0.01773349940776825], [-0.10491599887609482, 1.2704612016677856, -0.005099100060760975]]",365f0876340eea052bcd6fde30a5e58a299e4cdb6a2ed829e635bb7691ff4dec,pass,
male,FJ2495,Right superior segmental bronchial tree,respiratory,295,450,"[[-0.045643098652362823, 1.3399511575698853, -0.06043029949069023], [-0.03087560087442398, 1.3598811626434326, -0.05452889949083328]]",2bc1a2e39f5882c1b2afd2387e43426bbf73d80497c6392c139b70d4c979b700,pass,
male,FJ2496,Right superior segmental bronchial tree,respiratory,355,604,"[[-0.061406299471855164, 1.3260911703109741, -0.06719359755516052], [-0.038568899035453796, 1.3712811470031738, -0.037321098148822784]]",177ff89a0c702aa3b386b4a1a352468c2c2eb28b31d6907993da22c0aeca6aeb,pass,
male,FJ2497,Right superior segmental bronchial tree,respiratory,191,256,"[[-0.06343299895524979, 1.3587212562561035, -0.06599190086126328], [-0.052943598479032516, 1.362451195716858, -0.06141769886016846]]",82b41a523e029a8db4665503341b7e62fddf22e925e0c34b68d720a4580cb746,pass,
male,FJ2498,Right superior segmental bronchial tree,respiratory,305,508,"[[-0.07925660163164139, 1.32249116897583, -0.06381840258836746], [-0.06582549959421158, 1.3398511409759521, -0.05568990111351013]]",14b7341c6b432901825a7abc15d3aca8cb24b1e63f503dc25f04dc9d5872b0f8,pass,
male,FJ2499,Right superior segmental bronchial tree,respiratory,240,388,"[[-0.045577701181173325, 1.2997312545776367, -0.06632039695978165], [-0.03312209993600845, 1.3383911848068237, -0.0520998015999794]]",3333802e9dba845c95442ef4cfa2413d8b949b2a12b821576a986b1970195a62,pass,
male,FJ2500,Right superior segmental bronchial tree,respiratory,165,250,"[[-0.08426909893751144, 1.3293311595916748, -0.06286709755659103], [-0.07418189942836761, 1.3331512212753296, -0.05888120085000992]]",23f67b3c660f097d40165d36e9f296aa6e1deb0246abb21051f2c844b1f38d50,pass,
male,FJ2501,Right superior segmental bronchial tree,respiratory,257,426,"[[-0.05823599919676781, 1.3075112104415894, -0.07170400023460388], [-0.039997000247240067, 1.3197611570358276, -0.06297019869089127]]",354833b0bf6edffe69095f265f120d20ce84e07b0b6b01f09252b078af50e5b0,pass,
male,FJ2502,Right superior segmental bronchial tree,respiratory,200,290,"[[-0.043487101793289185, 1.3220912218093872, -0.06823139637708664], [-0.030760599300265312, 1.3277212381362915, -0.06026490032672882]]",6f27bbfc558f0e32ea389d7a7ba157d6db60b4cd557ab40c66a093f1bac193df,pass,
male,FJ2503,Lateral segmental bronchial tree,respiratory,250,320,"[[-0.09527119994163513, 1.2671911716461182, 0.02507000043988228], [-0.08614569902420044, 1.2818511724472046, 0.04478299990296364]]",2fa7040c0f233245584f0a03ea15762edf2f976eb4eaef4519d605e52759b488,pass,
male,FJ2504,Lateral segmental bronchial tree,respiratory,404,540,"[[-0.11398500204086304, 1.2929211854934692, 0.00042600001324899495], [-0.05934999883174896, 1.3095811605453491, 0.015200999565422535]]",a3c10ba199cb15f0a16bacb74f892432a1933703824371f0455e6c2bba073c30,pass,
male,FJ2505,Lateral segmental bronchial tree,respiratory,291,398,"[[-0.10659600049257278, 1.304441213607788, -0.003914000000804663], [-0.0951554998755455, 1.313871145248413, 0.006128999870270491]]",24823de48a24181fcb2d6ee190c1a8a6266e823fecc6bad512df9d3e1e17a7b0,pass,
male,FJ2506,Medial segmental bronchial tree,respiratory,327,546,"[[-0.07867889851331711, 1.2817611694335938, 0.021643999963998795], [-0.04828429967164993, 1.2965011596679688, 0.06548800319433212]]",353f6dd7b39a8e743a37846237ca71a7cda44162709dc01c9ba74f561da61e7c,pass,
male,FJ2507,Medial segmental bronchial tree,respiratory,311,474,"[[-0.05433280020952225, 1.28196120262146, 0.032044000923633575], [-0.03923730179667473, 1.2974711656570435, 0.06683100014925003]]",786a931c816238ff21d89a52f6d0c8378a625d11049dd8b363ca53c747639565,pass,
male,FJ2508,Medial segmental bronchial tree,respiratory,195,256,"[[-0.0634135976433754, 1.27471125125885, 0.05073399841785431], [-0.0531143993139267, 1.2859911918640137, 0.07380499690771103]]",69294f8fa497508a51ff1d87576e6ceefd4b90133bf91a19ee17101e0577243b,pass,
male,FJ2509,Right anterior segmental bronchial tree,respiratory,328,516,"[[-0.05097150057554245, 1.336281180381775, -0.003964600153267384], [-0.029280899092555046, 1.3590811491012573, 0.048239000141620636]]",75b334cd5dc4684448ff543d4cabdba6d6ce4064b0136dcfe53863c78e26986b,pass,
male,FJ2510,Right anterior segmental bronchial tree,respiratory,248,386,"[[-0.09100779891014099, 1.3504512310028076, -0.005009000189602375], [-0.066696397960186, 1.3622312545776367, 0.0016039999900385737]]",c711ef76a808f8dda2cd37f7b4dab318522b9a1199464c346178c28b966b93fd,pass,
male,FJ2511,Right anterior segmental bronchial tree,respiratory,176,250,"[[-0.08220820128917694, 1.3492511510849, -0.0015631000278517604], [-0.07593739777803421, 1.3587311506271362, 0.006126000080257654]]",8ae7c5c7573b1b08533984d18c1999c401cc52a1ddaf9c18d783fc6f263296d4,pass,
male,FJ2512,Right anterior segmental bronchial tree,respiratory,195,288,"[[-0.03524110093712807, 1.342541217803955, 0.03836999833583832], [-0.02028469927608967, 1.3460712432861328, 0.04085199907422066]]",e575aab96fe1ce3ceebe908c0c7f57b0f47cb1f82c3c2df2fdf6e5605e59c00b,pass,
male,FJ2513,Right anterior segmental bronchial tree,respiratory,296,494,"[[-0.05616470053792, 1.3396612405776978, 0.025750000029802322], [-0.03903140127658844, 1.3524812459945679, 0.04515799880027771]]",ee9332e4b544fee7e6ef36b02ff00fdd1f7f94c29a2bb5ccde3bb1aa435ae67c,pass,
male,FJ2514,Right anterior segmental bronchial tree,respiratory,270,422,"[[-0.04936699941754341, 1.3498611450195312, 0.022861000150442123], [-0.04067020118236542, 1.3641911745071411, 0.04081299901008606]]",a62f661a00d99b5b7b97a944c30256af55663151e7d6c996dfa6cb07d5b3859d,pass,
male,FJ2515,Right posterior segmental bronchial tree,respiratory,351,484,"[[-0.08769460022449493, 1.3573012351989746, -0.05586539953947067], [-0.04346520081162453, 1.367441177368164, -0.024244999513030052]]",ea33e8e84bf4bd7f814e9948883324daeeb262e2b167f6b54f51f4aecafe2954,pass,
male,FJ2516,Right posterior segmental bronchial tree,respiratory,268,376,"[[-0.09961540251970291, 1.3595211505889893, -0.04800130054354668], [-0.07664059847593307, 1.3643912076950073, -0.029506200924515724]]",8b97f6ae317679db3462dcea0201fa1612f518d6b44f4a8f998e4a5672b38e79,pass,
male,FJ2517,Right posterior segmental bronchial tree,respiratory,174,264,"[[-0.07905539870262146, 1.3887012004852295, -0.053348198533058167], [-0.06776989996433258, 1.3968912363052368, -0.05035429820418358]]",0e8e8d65ae4bbd0fad940581429d02124ea1c48ce8e6ef83d434721084805374,pass,
male,FJ2518,Right posterior segmental bronchial tree,respiratory,135,192,"[[-0.06891220062971115, 1.3804311752319336, -0.060356900095939636], [-0.06388899683952332, 1.3871911764144897, -0.0515763983130455]]",03544db8c84db8156db48550f3f930e8126c06b04b6e04fb848b7767a0b1b177,pass,
male,FJ2519,Right posterior segmental bronchial tree,respiratory,136,190,"[[-0.08100319653749466, 1.3613412380218506, -0.05855739861726761], [-0.0769030973315239, 1.364031195640564, -0.0465817004442215]]",ffc07aa6335d43fdcad193ad5e93d0cd55c93b5c662e6eab507884f5ab5159bb,pass,
male,FJ2520,Right apical segmental bronchial tree,respiratory,262,408,"[[-0.03885120153427124, 1.3780511617660522, -0.03961089998483658], [-0.02520819939672947, 1.4170411825180054, -0.015304399654269218]]",22505a3cdd55881c4ceda38020832e78ce8338997521cd517adc1a5809365f15,pass,
male,FJ2521,Right apical segmental bronchial tree,respiratory,209,328,"[[-0.040869999676942825, 1.4002912044525146, -0.02682970091700554], [-0.03295940160751343, 1.4243111610412598, -0.020036499947309494]]",f45adbc00b52673eb402226edb8954874d0011d32b4bc71017817a64706452b2,pass,
male,FJ2522,Right apical segmental bronchial tree,respiratory,208,292,"[[-0.04274769872426987, 1.3942612409591675, -0.011592400260269642], [-0.03817509859800339, 1.4015212059020996, 0.017597999423742294]]",8dc6f5541b533457f541592388393919fe8d8e0042f34b14c7546903cbd61e6a,pass,
male,FJ2523,Right apical segmental bronchial tree,respiratory,135,192,"[[-0.04766739904880524, 1.3985512256622314, 0.0055970000103116035], [-0.03949199989438057, 1.4064011573791504, 0.009709999896585941]]",fdf3d550fd6754873f6f232825384127338f3f649f9eaabecc813d2d5e240963,pass,
male,FJ2524,Right apical segmental bronchial tree,respiratory,178,248,"[[-0.04577910155057907, 1.4098411798477173, -0.012730499729514122], [-0.04146689921617508, 1.4205012321472168, -0.002956999931484461]]",555ade68d11f3708e639132175a26ca7ca945499ba49eaac1ddcbd71c19d15b9,pass,
male,FJ2525,Right apical segmental bronchial tree,respiratory,121,164,"[[-0.03301519900560379, 1.4130911827087402, -0.032868798822164536], [-0.02965960092842579, 1.421861171722412, -0.028157899156212807]]",923047d67fa381d4a07ef2f1d05bf7ab687a7afcf85fe6709c0963231587dc00,pass,
male,FJ2526,Right apical segmental bronchial tree,respiratory,118,156,"[[-0.03678569942712784, 1.416871190071106, -0.02415749989449978], [-0.03208890184760094, 1.4259612560272217, -0.01803869940340519]]",128be6262d9eb1a1b440b95c892d920b931feff9eb70d1d154fc113c1a0ed70e,pass,
male,FJ2527,Left posterior basal segmental bronchial tree,respiratory,121,182,"[[0.03657719865441322, 1.2244411706924438, -0.06462620198726654], [0.07844710350036621, 1.261951208114624, -0.047332800924777985]]",4226c74b42a62d118f9cd876e1993acee2dcd7904a8a299949c1b44dc193a00c,pass,
male,FJ2528,Left posterior basal segmental bronchial tree,respiratory,147,228,"[[0.06405950337648392, 1.2639411687850952, -0.07967469841241837], [0.07537530362606049, 1.2903711795806885, -0.0366102010011673]]",ffa21308c464f6a01c6bf828bba8d93c5682d69bba516375c6bfc8179ce24c2b,pass,
male,FJ2529,Left posterior basal segmental bronchial tree,respiratory,109,106,"[[0.07002799957990646, 1.21359121799469, -0.07118439674377441], [0.08345170319080353, 1.2298011779785156, -0.05975240096449852]]",68c4d6a7796795f3eb4c83c8d50d1b5ab18a77870a3ccf8ffdc01012057e3cd8,pass,
male,FJ2530,Left posterior basal segmental bronchial tree,respiratory,81,100,"[[0.05791410058736801, 1.2376011610031128, -0.07091660052537918], [0.06809280067682266, 1.2694412469863892, -0.05710519850254059]]",0b05b7362de8f618030dce0c8cf1027a7ab2b93227de331123a49f2c1f8677a6,pass,
male,FJ2531,Left posterior basal segmental bronchial tree,respiratory,78,58,"[[0.047670699656009674, 1.2220112085342407, -0.06798200309276581], [0.05225859954953194, 1.2338712215423584, -0.05961329862475395]]",b42db491c1f0b114a3fd05bbaa4f123325055cab2294852263f0218ef2f38e21,pass,
male,FJ2532,Left lateral basal segmental bronchial tree,respiratory,131,216,"[[0.08906649798154831, 1.206201195716858, -0.049736298620700836], [0.10704000294208527, 1.263871192932129, -0.03400389850139618]]",f043aca1f5d8aff7bfc15bc8992f47ee7207dc6f2c1f893628329d59b7497906,pass,
male,FJ2533,Left lateral basal segmental bronchial tree,respiratory,122,136,"[[0.10647399723529816, 1.2029612064361572, -0.03536489978432655], [0.11558700352907181, 1.2370011806488037, -0.022586699575185776]]",1c4c4c72821aa1b4af75f42206b41a0f077a3f9cdba5c6cf0bcdf2d86487c3f0,pass,
male,FJ2534,Left lateral basal segmental bronchial tree,respiratory,67,64,"[[0.09933830052614212, 1.2194511890411377, -0.058830998837947845], [0.1043199971318245, 1.2348811626434326, -0.04076259955763817]]",cdd43bc34a5a6b0048de4f38cc3689b211f41f7f1fbe7215fc07c6c8fd442b6b,pass,
male,FJ2535,Left anterior basal segmental bronchial tree,respiratory,167,260,"[[0.07517970353364944, 1.2748812437057495, -0.02441909909248352], [0.11857599765062332, 1.2933411598205566, 0.004831000231206417]]",76311765a64ec6f1838d9696cccb806ba9aa71e9982ef269f2b8d160ea39bef1,pass,
male,FJ2536,Left anterior basal segmental bronchial tree,respiratory,170,268,"[[0.09449589997529984, 1.2401912212371826, -0.009688899852335453], [0.11132600158452988, 1.2806612253189087, 0.04172699898481369]]",1a1beca93b3d47a807591a825e32c318681f31a749b65334bbadecd72cfcb8f7,pass,
male,FJ2537,Left medial basal segmental bronchial tree,respiratory,74,88,"[[0.10719099640846252, 1.2376712560653687, 0.0007949999999254942], [0.12287700176239014, 1.2491612434387207, 0.018611999228596687]]",95bf907ef9ddde81a39366f04df406339333055612d3fe953f5f9d47521034dc,pass,
male,FJ2538,Left anterior basal segmental bronchial tree,respiratory,100,122,"[[0.1027820035815239, 1.2131011486053467, -0.003350700018927455], [0.12067200243473053, 1.2542612552642822, 0.0026229999493807554]]",7f99ec9af03fb8314f85e73a57fb6bf366a35d82744b6126fc75966ee4af9167,pass,
male,FJ2539,Right main bronchus proper,respiratory,1444,2346,"[[-0.05035319924354553, 1.2821712493896484, -0.03867129981517792], [-0.00037724198773503304, 1.3761111497879028, -0.001534900045953691]]",84c1a69b4dfb3cc830551bb8a33978fefce10bb6e6d0713dbbc464cf8d4d7d8b,pass,
male,FJ2540,Superior lingular bronchial tree,respiratory,213,338,"[[0.0732576996088028, 1.299991250038147, -0.011793400160968304], [0.1082570031285286, 1.333511233329773, 0.03106199949979782]]",9521f00bd0482ed2c268a5db2acd4dd68365e117b9660824b2706742a7e00d9d,pass,
male,FJ2541,Trachea,respiratory,1172,2196,"[[-0.013124099932610989, 1.3632011413574219, -0.022633999586105347], [0.01279709953814745, 1.4734711647033691, 0.010053999722003937]]",7128199738d31b0940d4d70eff5ea4d50527dce0b61ee1496e13e08edf7b41e2,pass,
male,FJ2542,Left coccygeus,muscular,1078,1380,"[[0.00248219002969563, 0.8661612272262573, -0.09124095737934113], [0.04869230091571808, 0.9068002104759216, -0.062032200396060944]]",8c35c03ef680a9f56914f67b9bf9a87825bdcd0fe968c834764bc0b9da1c7a61,pass,
male,FJ2543,External anal sphincter,muscular,229,344,"[[0.0032906599808484316, 0.8317521810531616, -0.08309140056371689], [0.01484409999102354, 0.8530172109603882, -0.061360400170087814]]",280ac7cd2c5cc829d7809f6f1068510a473f4194f8febdc05150b89e37c68f6c,pass,
male,FJ2544,Left iliococcygeus,muscular,1812,1982,"[[0.0006764439749531448, 0.8542081713676453, -0.08490510284900665], [0.049079399555921555, 0.8997402191162109, -0.011921700090169907]]",9f8e1573da58294f148e89a959ba3a25cfe50c5c54f434d608328cce736cdeb1,pass,
male,FJ2545,Left pubococcygeus,muscular,1261,1592,"[[0.0031847399659454823, 0.8452882170677185, -0.08950439840555191], [0.03534169867634773, 0.8926212191581726, 0.0004189999890513718]]",1c9cc57424029e43479be8715fdc6259c6a94878046b948c57f8e9cae774ea02,pass,
male,FJ2546,Left puborectalis,muscular,2073,1796,"[[0.003255479969084263, 0.8411561846733093, -0.07860250025987625], [0.032624199986457825, 0.8698992133140564, 0.002804999938234687]]",c0e4f32078e1d8c4facbdf1b6e721d44ccaf0e57e1e3adef1ce37432021244bf,pass,
male,FJ2547,Right coccygeus,muscular,1213,1396,"[[-0.0487137995660305, 0.866189181804657, -0.09129048138856888], [-0.0024764901027083397, 0.9067351818084717, -0.06196150183677673]]",791515a3e6328c30f1c04220679ad1de7624e950f3dbf7e97a4dcbca0a780261,pass,
male,FJ2548,External anal sphincter,muscular,240,350,"[[-0.014787400141358376, 0.8317211866378784, -0.08305609971284866], [-0.003281950019299984, 0.8529722094535828, -0.061275601387023926]]",8657fdec1de04bed3db37ec96d8260474f03d8f08f8b8813ed3d833afc35d92b,pass,
male,FJ2549,Right iliococcygeus,muscular,2045,1812,"[[-0.04918840155005455, 0.8542051911354065, -0.08494710177183151], [0.0438464991748333, 0.8998332023620605, -0.011805799789726734]]",2625214159862147c48788852d6f9389f46171d61fb97d5361ecaa720998ef0f,pass,
male,FJ2550,Right pubococcygeus,muscular,1946,1906,"[[-0.03540650010108948, 0.8453571796417236, -0.0895180031657219], [0.02825470082461834, 0.8927342295646667, 0.0005300000193528831]]",605d457670dd5995e8edff44ff09cb031e54f935c176411c6e13a70d8661f472,pass,
male,FJ2551,Right puborectalis,muscular,3088,2172,"[[-0.0324660986661911, 0.8411192297935486, -0.07869429886341095], [0.024609500542283058, 0.8699272274971008, 0.0028029999230057]]",9407b72b178262911b18e7c18d7b58ed494d65638718e410eb1f43734ec5eb3f,pass,
male,FJ2552,Tendinous arch of levator ani,connective,210,310,"[[0.023825999349355698, 0.8648291826248169, -0.06360729783773422], [0.049078598618507385, 0.8983901739120483, 0.002428000094369054]]",0686f71ad75cf5d2c999cb5b045d36f6e2c2895c4c322af8d837db59844d9715,pass,
male,FJ2553,Tendinous arch of levator ani,connective,224,344,"[[-0.04910629987716675, 0.8647592067718506, -0.06370619684457779], [-0.023763500154018402, 0.898445188999176, 0.002460000105202198]]",5a34b11eb4ae970b765e078376d3097f6daca7948269e5e759a25ea1fa5301bc,pass,
male,FJ2554,Right major alar cartilage,skeletal,210,350,"[[-0.015031499788165092, 1.5539711713790894, 0.07265599817037582], [-0.0010971099836751819, 1.5687512159347534, 0.10782500356435776]]",888da3aeffcd2afa1681123a4e28dc8806253b114245ca895d6fc1b265f355ab,pass,
male,FJ2555,Left major alar cartilage,skeletal,236,388,"[[0.00012385200534481555, 1.554051160812378, 0.07265499979257584], [0.014012600295245647, 1.5688612461090088, 0.10782700031995773]]",1e83629d1b2329269951e915b3f7d39920bf64e492affa93ff36ab8496d8c112,pass,
male,FJ2556,Left lateral nasal cartilage,respiratory,296,380,"[[-0.0003457480052020401, 1.560441255569458, 0.0708170011639595], [0.013625100255012512, 1.588941216468811, 0.10845299810171127]]",8533d0093ff4a0f75322d6b3f9cb15e7f3467aae503558140d0da692f0c06633,pass,
male,FJ2557,Septal nasal cartilage,respiratory,263,342,"[[-0.002946780063211918, 1.5572311878204346, 0.06503000110387802], [0.0017147499602288008, 1.5909712314605713, 0.10836800187826157]]",5959fa24cf8446462bc8aab7e15e106c1dc445d4f1862458240b19fe247ccca7,pass,
male,FJ2558,Right lateral nasal cartilage,respiratory,312,408,"[[-0.014600500464439392, 1.5607411861419678, 0.0709099993109703], [-0.0008188619976863265, 1.5889111757278442, 0.10845600068569183]]",eaa6f36205e7ea7e1b64474cb48bcca6f5609a4b82c3b56a5fb8c9b838e990d1,pass,
male,FJ2561,Spleen,lymphatic,624,1206,"[[0.05563409999012947, 1.1297211647033691, -0.05380389839410782], [0.11386799812316895, 1.199951171875, 0.04126200079917908]]",a88b83fcda580e482a530bf258edf778dbdef67d0053348e520e151a752a3260,pass,
male,FJ2562,Splenic artery,arterial,744,900,"[[0.001940830028615892, 1.1469411849975586, -0.010970699600875378], [0.10045599937438965, 1.1726611852645874, 0.03758100047707558]]",8846eccbaf7510c016515d97b9e6ac72e62fb9cd439c954f097c5d790b58f002,pass,
male,FJ2563,Esophagus,digestive,173,296,"[[-0.008810630068182945, 1.1941511631011963, -0.0336126983165741], [0.02340110018849373, 1.4685012102127075, 0.024246999993920326]]",fc14917236025771bc9c567d5f82f4732ec4af11edd6e8fc4e6d9e8ebaf4dcec,pass,
male,FJ2564,Stomach,digestive,852,1686,"[[-0.028772199526429176, 1.1179912090301514, -0.01852010004222393], [0.10552400350570679, 1.2350012063980103, 0.09437000006437302]]",f12e2af2c0acd937f17ab3f20e4f8a89771dd2ac839383a4d56b09547ae9f8b7,pass,
male,FJ2565,Appendix,digestive,241,436,"[[-0.08842360228300095, 0.9436982274055481, -0.018215300515294075], [-0.018863100558519363, 0.9617671966552734, 0.02078999951481819]]",d2690720d4481b8fd6767a18542a7f72d3cb03c5e1fccf039caa3710f3f4a686,pass,
male,FJ2566,Ascending colon,digestive,1176,2112,"[[-0.12678299844264984, 0.9464632272720337, -0.009269599802792072], [-0.06389830261468887, 1.132121205329895, 0.045570001006126404]]",fea15a3e229c178f8385fbf52b5261412968db9076f69037ec3097e179c889a8,pass,
male,FJ2567,Descending colon,digestive,1572,2844,"[[-0.017916500568389893, 0.9004431962966919, -0.04971880093216896], [0.11726800352334976, 1.1394212245941162, 0.04161699861288071]]",ab0ee9e858a6b78763459eabf91c1c78925e0e5e7625817172ec1d6609e83a81,pass,
male,FJ2568,Taenia libera,digestive,7258,4974,"[[-0.10249699652194977, 0.9047132134437561, -0.03925300016999245], [0.098471499979496, 1.1072012186050415, 0.07602299749851227]]",9e5c114789e0795fe3b56025f8fd69dbbd228c43f1b908ec2e539b4aae35200f,pass,
male,FJ2569,Taenia mesocolica,digestive,8142,5260,"[[-0.08382479846477509, 0.9421932101249695, -0.03612849861383438], [0.08596300333738327, 1.1290911436080933, 0.06139000132679939]]",841af677e790da8bf1c0446d94a2d359d4117c53b40ad911a47756f4c653bad6,pass,
male,FJ2570,Taenia omentalis,digestive,4521,3502,"[[-0.12460599839687347, 0.9115452170372009, -0.0490012988448143], [0.11671999841928482, 1.1339812278747559, 0.09553900361061096]]",ed59cd1273696f385a24be1ecb07d562c23cfcd06558273522d95626765335e0,pass,
male,FJ2571,Rectum,digestive,823,1538,"[[-0.026214800775051117, 0.8354381918907166, -0.0887008011341095], [0.03541500121355057, 0.9519602060317993, -0.0264212004840374]]",d936de0561d841b5cd0e5d4a442b9e7377f4d9c6f0619c23cc998c2017748f3a,pass,
male,FJ2572,Transverse colon,digestive,1350,2416,"[[-0.08875060081481934, 1.0715532302856445, 0.007085000164806843], [0.09660959988832474, 1.1428412199020386, 0.09693100303411484]]",43a8bd11bd0f2a6f2eef390f2af3c30f35c90dc0c30552d82b42f6e3e303d00b,pass,
male,FJ2573,Duodenum,digestive,883,1678,"[[-0.06562429666519165, 1.0637202262878418, 0.0038930000737309456], [0.0323294997215271, 1.1552212238311768, 0.0569240003824234]]",f5c8a7b577e4a853ff78c6f689e614c96a88cbd4b2638b3f6dabb4509c7704f9,pass,
male,FJ2574,Proximal part of ileum,digestive,196,378,"[[-0.07744160294532776, 0.9911692142486572, 0.022856000810861588], [-0.030491499230265617, 1.0307471752166748, 0.0736289992928505]]",4c99de251625eeba984b0816e298c6c7e3c6099d6bdf88bce1056f2e9a1b2464,pass,
male,FJ2575,Proximal part of ileum,digestive,144,276,"[[0.06043810024857521, 0.9326992034912109, 0.03415000066161156], [0.101842001080513, 0.9911541938781738, 0.05629599839448929]]",b9a4287bdf42a52d5f1659759e76abc5281baba8e946723d762740c731af8a3d,pass,
male,FJ2576,Middle part of ileum,digestive,94,172,"[[0.050634998828172684, 0.9312812089920044, 0.03568100184202194], [0.08202789723873138, 0.9549171924591064, 0.06065399944782257]]",022ed2190d860a82d3379aaa39150683cd733a8e2546e327c232bd89618636cd,pass,
male,FJ2577,Middle part of ileum,digestive,173,312,"[[0.020461199805140495, 0.933951199054718, 0.03707199916243553], [0.07734899967908859, 0.9649521708488464, 0.07148099690675735]]",62414742cc3c5a7f054af15b2371f0b614133d567aef908f4d1e4dd20a4a0e94,pass,
male,FJ2578,Middle part of ileum,digestive,158,286,"[[-0.007183980196714401, 0.9408401846885681, 0.05114100128412247], [0.04302680119872093, 0.9757422208786011, 0.07475300133228302]]",9dcd9bf574e69cf38b66c036aa79130d026923966265a81ecd45bb6a6c38afa3,pass,
male,FJ2579,Middle part of ileum,digestive,149,278,"[[-0.03133609890937805, 0.9480862021446228, 0.04600699990987778], [0.013180100359022617, 0.981482207775116, 0.0737679973244667]]",e27f5b8566302b5722258621f4b2ed0ab8c5a32b1b19208b5e498b053a494571,pass,
male,FJ2580,Middle part of ileum,digestive,176,344,"[[-0.06102769821882248, 0.9380841851234436, 0.03655099868774414], [-0.010936499573290348, 0.9844632148742676, 0.07163400202989578]]",7659d956741d86b86a657ff460fc0eef59ba64a8dd7ec3a434c75e7c9d9cdd52,pass,
male,FJ2581,Middle part of ileum,digestive,118,198,"[[-0.05909480154514313, 0.9352911710739136, 0.035555001348257065], [-0.01886169984936714, 0.9603871703147888, 0.06037599965929985]]",13bed8df0cede96b492d4b549ec1c394153b88ead416f559dee7fbc0be9e237e,pass,
male,FJ2582,Middle part of ileum,digestive,114,212,"[[-0.04177730157971382, 0.9194641709327698, 0.037620000541210175], [-0.014279600232839584, 0.9585952162742615, 0.060019999742507935]]",0f513d73dc6b18e66870b2a345162df79820a0370c4d81cada4a7e94a3801902,pass,
male,FJ2583,Middle part of ileum,digestive,101,196,"[[-0.03467969968914986, 0.9167512059211731, 0.03691000118851662], [0.0007640229887329042, 0.9506552219390869, 0.059794001281261444]]",35abf3545ea074760aacc841afacb5cdeb96e7b48224200f285a03dbf228b362,pass,
male,FJ2584,Middle part of ileum,digestive,116,228,"[[-0.020568499341607094, 0.9152582287788391, 0.036708999425172806], [0.0037224700208753347, 0.9504042267799377, 0.06015099957585335]]",d6a35cb04bdd2fcf319088c9f0bbe6008cb52a3ecb01282015d9d7dbc8176130,pass,
male,FJ2585,Proximal part of ileum,digestive,157,286,"[[-0.0742897018790245, 0.990128219127655, 0.02376200072467327], [-0.037386998534202576, 1.0179781913757324, 0.06111999973654747]]",9b9b59fb2910a35a3bb64fe70b54e9eb836c2078d77b903c256f5d8861027897,pass,
male,FJ2586,Middle part of ileum,digestive,141,260,"[[-0.020192500203847885, 0.9153751730918884, 0.033025000244379044], [0.02214300073683262, 0.9588742256164551, 0.05925299972295761]]",238725660f2c7c657f5aebe11295f09fe68c67e8a52171ec758abeabe993bf3a,pass,
male,FJ2587,Distal part of ileum,digestive,117,228,"[[0.0013629100285470486, 0.9152352213859558, 0.036612000316381454], [0.028018200770020485, 0.9599311947822571, 0.05850199982523918]]",3206016e3db90755c91383729380f409575c160b729c9d150a81cc6915be7f1a,pass,
male,FJ2588,Distal part of ileum,digestive,141,264,"[[0.005249150097370148, 0.9139652252197266, 0.03809799998998642], [0.0566943995654583, 0.9417691826820374, 0.06283500045537949]]",30ad8480594782d012392d94aed73e364274e54502122982ff627568250395ee,pass,
male,FJ2589,Distal part of ileum,digestive,168,326,"[[-0.0013640100369229913, 0.8923162221908569, 0.021049000322818756], [0.056543800979852676, 0.9300302267074585, 0.05702099949121475]]",247f661bf4f9b1752e0f7cdf575781564aa65237b26610e6d8ddf76d60c5a3b2,pass,
male,FJ2590,Distal part of ileum,digestive,97,184,"[[-0.009469790384173393, 0.8834012150764465, 0.020563000813126564], [0.017597699537873268, 0.9206361770629883, 0.043786000460386276]]",3cedc38f882fc893ead1e37a420a6f6cee656cae00f12867461a78ff2ca7defc,pass,
male,FJ2591,Distal part of ileum,digestive,118,226,"[[-0.019295599311590195, 0.8836572170257568, 0.021770000457763672], [0.01026930008083582, 0.9266241788864136, 0.04402400180697441]]",fe0cc2f149425036301c327412651b29ca52347e131a0492c1e2cd2fe051729d,pass,
male,FJ2592,Distal part of ileum,digestive,129,236,"[[-0.04404829815030098, 0.8878791928291321, 0.023259999230504036], [-0.0017863899702206254, 0.9270122051239014, 0.044631000608205795]]",cac0ed43bf43e06a4f53db0d601b2cd44b555728b1efe487e611651f11e51e6d,pass,
male,FJ2593,Distal part of ileum,digestive,134,262,"[[-0.046492598950862885, 0.8915662169456482, 0.02281400002539158], [-0.02227660082280636, 0.9252852201461792, 0.044197000563144684]]",b0adcdc920606356b00e97f74d281415b0e22eb466ffef37bf42965abf4ad3ec,pass,
male,FJ2594,Distal part of ileum,digestive,113,220,"[[-0.05170470103621483, 0.9080811738967896, 0.02228200063109398], [-0.0229032002389431, 0.9380221962928772, 0.04249599948525429]]",c7d61e680c05c8fce5f328a829d9de64a78a3640a4258f6ddaf8b30c03798d64,pass,
male,FJ2595,Distal part of ileum,digestive,139,258,"[[-0.06065480038523674, 0.9054561853408813, 0.022224999964237213], [-0.02716889977455139, 0.9373381733894348, 0.043616000562906265]]",2525051af4de7d4246c60f7b34130d357baff0e09bf0a223c227ae83987189c7,pass,
male,FJ2596,Proximal part of ileum,digestive,135,226,"[[-0.0570853017270565, 0.9740701913833618, 0.03830699995160103], [-0.02937150001525879, 1.0090651512145996, 0.06807199865579605]]",bb2d9d100c0ae8d8d69e290ee3f4ac7e18fe5fbe5ad6f316ecc694f7cc85ff01,pass,
male,FJ2597,Distal part of ileum,digestive,106,202,"[[-0.07908699661493301, 0.9058352112770081, 0.01996999979019165], [-0.040376801043748856, 0.9359031915664673, 0.04370599985122681]]",333126cd2cedaa2d9bb91139c9f065521fe4d4437fea0320d043b573747d6298,pass,
male,FJ2598,Distal part of ileum,digestive,129,246,"[[-0.07990840077400208, 0.9218451976776123, 0.020002000033855438], [-0.05747710168361664, 0.9635751843452454, 0.043074000626802444]]",5e397a6c705e9dc26bbdeaa2c692f9eda9b0f727f697b8fcef0958ecb9647c7b,pass,
male,FJ2599,Ileocecal junction,digestive,155,286,"[[-0.07984410226345062, 0.9482141733169556, 0.007182000204920769], [-0.0513777993619442, 1.0013681650161743, 0.04128300026059151]]",0d7c923966b3c2682cc0d030cc97a6f58c8ffa9c418d3b64a194bc81db731777,pass,
male,FJ2600,Proximal part of ileum,digestive,136,256,"[[-0.0503057986497879, 0.9742051959037781, 0.04878799989819527], [-0.006380060221999884, 1.0091451406478882, 0.07746999710798264]]",bec118438ad3fdf5c9e9c801801c3e933bcb45f394836824ba251d380f5c91e6,pass,
male,FJ2601,Proximal part of ileum,digestive,125,208,"[[-0.02246450074017048, 0.9731491804122925, 0.056092001497745514], [0.016873100772500038, 1.0026792287826538, 0.07846099883317947]]",380669e8db676e314fe2401710a22a4297cb76a7d9bf80abd492e2143cb60da7,pass,
male,FJ2602,Proximal part of ileum,digestive,137,266,"[[-0.00260772998444736, 0.9724212288856506, 0.055282000452280045], [0.035798098891973495, 0.9985641837120056, 0.07976499944925308]]",2d6a0f2d089d9eec70229ef6f06984a216044008bfc65bdae87294d1076b1dfe,pass,
male,FJ2603,Proximal part of ileum,digestive,154,294,"[[0.015032700262963772, 0.9719612002372742, 0.04874600097537041], [0.060519300401210785, 0.9960461854934692, 0.07694300264120102]]",a5f08d70b38b01214e65e952ec6203b0f847c9809719db2da806837b36107cea,pass,
male,FJ2604,Proximal part of ileum,digestive,114,198,"[[0.038037098944187164, 0.9642782211303711, 0.04814700037240982], [0.06695429980754852, 0.995752215385437, 0.07063999772071838]]",6e95e6529c92e95e41a282556bd9c4334afce21189c86623f4f55de3542110b7,pass,
male,FJ2605,Proximal part of ileum,digestive,175,328,"[[0.03868670016527176, 0.9627941846847534, 0.03255600109696388], [0.10130299627780914, 0.991871178150177, 0.06886100023984909]]",36fe91cc2848f990ae059c785090a76d9594e401a03120acbe7c74ecb8045ad8,pass,
male,FJ2606,Proximal part of jejunum,digestive,201,308,"[[0.01759210042655468, 1.0709471702575684, 0.024421000853180885], [0.0953454002737999, 1.1017612218856812, 0.046877000480890274]]",a36df2bd0e30395d396c50ed2b411d19a8dba6cff663286ceb0d02e09caa7f34,pass,
male,FJ2607,Middle part of jejunum,digestive,127,240,"[[0.05931999906897545, 1.0159071683883667, 0.02958500012755394], [0.10644099861383438, 1.0456562042236328, 0.06371600180864334]]",c794ae54d7773b5f5e94375d59931df2dd47eac8f67abd72a7e74d67cbf5fc3f,pass,
male,FJ2608,Middle part of jejunum,digestive,133,262,"[[0.07350610196590424, 0.995596170425415, 0.029095999896526337], [0.10662099719047546, 1.0463721752166748, 0.05401799827814102]]",14c320f13b4c4d3ad6991cb717622f3e89761443d15d67b73134592fc5f619d6,pass,
male,FJ2609,Middle part of jejunum,digestive,98,192,"[[0.05536770075559616, 0.987318217754364, 0.03179199993610382], [0.09194819629192352, 1.0143301486968994, 0.06943999975919724]]",63d2f6654f83370ccd5dc5f88f4f5234873d77905963d46bd53b1fc877ec7114,pass,
male,FJ2610,Middle part of jejunum,digestive,155,294,"[[0.01890910044312477, 0.9877601861953735, 0.044477999210357666], [0.07557430118322372, 1.0221562385559082, 0.07927300035953522]]",394d3d0a272d0417066d5e9cc9a3588a5f3c0d48454d5f995dd1e99eb1a51851,pass,
male,FJ2611,Distal part of jejunum,digestive,123,226,"[[-0.001814540009945631, 0.9921112060546875, 0.05880200117826462], [0.04601629823446274, 1.0226331949234009, 0.08323399722576141]]",043d99a88833cf8427edbf03ab8a2eeb0811e785accf56167b38290ef66c1d45,pass,
male,FJ2612,Distal part of jejunum,digestive,130,240,"[[-0.031191900372505188, 1.0039951801300049, 0.058545999228954315], [0.02178579941391945, 1.0326381921768188, 0.08324400335550308]]",79e0d5415353bb20f1a7d8c16c3a688e3b08f8fdf78dce9a8e854b21d97abc56,pass,
male,FJ2613,Distal part of jejunum,digestive,91,176,"[[-0.007600869983434677, 0.9943162202835083, 0.06038599833846092], [0.021244900301098824, 1.030210256576538, 0.0832659974694252]]",42cd6176a3df6d51293c4a3d47b48ecd06686f1d82eae37ae0bed65e9be71141,pass,
male,FJ2614,Distal part of jejunum,digestive,119,230,"[[-0.0319862999022007, 1.0096611976623535, 0.05780300125479698], [0.009459010325372219, 1.0416312217712402, 0.0829629972577095]]",f71a32b3f68f91cd41c8a7dcb75307b0b66159e1e77ef6109606ad1b4b867b37,pass,
male,FJ2615,Distal part of jejunum,digestive,147,264,"[[-0.014403900131583214, 1.0244032144546509, 0.05685700103640556], [0.012222499586641788, 1.0623282194137573, 0.08242200314998627]]",9d37afd1f56bb6387882c280ae9dd34014f5803cda8ef4d849963ccd8674cd5a,pass,
male,FJ2616,Distal part of jejunum,digestive,227,432,"[[-0.050339099019765854, 1.042066216468811, 0.051732998341321945], [0.01190439984202385, 1.094871163368225, 0.07887999713420868]]",78691c084774016b04ec2ed4025b22504d228f4456752ba2a72af24828d944d9,pass,
male,FJ2617,Proximal part of jejunum,digestive,135,234,"[[0.05354449898004532, 1.0669472217559814, 0.03405899927020073], [0.09519989788532257, 1.0956611633300781, 0.06535500288009644]]",61d7f2d34f819eb1da365057ba80233fdcbe1adef0c5cfc796cc3ef3b6a7250d,pass,
male,FJ2618,Distal part of jejunum,digestive,117,222,"[[-0.049876000732183456, 1.0390502214431763, 0.05384499952197075], [-0.009605400264263153, 1.0788111686706543, 0.07829000055789948]]",52639fb4d0345ba31ed908c770878002ac53988d11174b737f0ffff61d034ded,pass,
male,FJ2619,Distal part of jejunum,digestive,141,258,"[[-0.07024779915809631, 1.0370211601257324, 0.05038600042462349], [-0.012529900297522545, 1.0658371448516846, 0.07863199710845947]]",bc76e77baa8b42435f29e814911338ccad0ff27212696d8d11092009c39b951b,pass,
male,FJ2620,Distal part of jejunum,digestive,154,284,"[[-0.08045859634876251, 1.0491422414779663, 0.02762099914252758], [-0.04703279957175255, 1.0904911756515503, 0.07055599987506866]]",8b74dab6408a0690304934e9b6f67e12608a0987b7286ad56fca73b1edd78d20,pass,
male,FJ2621,Distal part of jejunum,digestive,275,494,"[[-0.08705390244722366, 1.0101611614227295, 0.017489999532699585], [-0.029858700931072235, 1.089881181716919, 0.07507199794054031]]",59e3fb15f0c98b6114434333359ac48f3018f1d5c462a7f02c43f542dc93a531,pass,
male,FJ2622,Proximal part of jejunum,digestive,99,160,"[[0.05772069841623306, 1.0607762336730957, 0.034109000116586685], [0.09570640325546265, 1.081301212310791, 0.06539099663496017]]",1b309dfe04cb1796a7156e5c0ebaf3a628ddeb5fecdbdab1215366a673ad4200,pass,
male,FJ2623,Proximal part of jejunum,digestive,202,378,"[[0.019991200417280197, 1.0424702167510986, 0.033805001527071], [0.09983229637145996, 1.0814712047576904, 0.07946600019931793]]",b311ef363dbb26df1b78fee41fdaba402d890756008e303914462f2159814332,pass,
male,FJ2624,Proximal part of jejunum,digestive,94,172,"[[0.018322400748729706, 1.0427322387695312, 0.055332001298666], [0.040639299899339676, 1.0716562271118164, 0.08194699883460999]]",f970f4149208292f4c7a5856c894f95d3f061b0139dd33e84dcfa385999e5e48,pass,
male,FJ2625,Proximal part of jejunum,digestive,79,152,"[[0.015623699873685837, 1.0440622568130493, 0.05549899861216545], [0.04267679899930954, 1.0756711959838867, 0.08299600332975388]]",10c809a08f0b606ee617ef48080e0b662f6a849ad0e461a80dc9051f395c7510,pass,
male,FJ2626,Proximal part of jejunum,digestive,188,330,"[[0.008669019676744938, 1.021408200263977, 0.04792200028896332], [0.05086579918861389, 1.059948205947876, 0.0834290012717247]]",a4044f3502c93372d69a6c8167500bf9a38538450faaa6f56914d2e0bdab5895,pass,
male,FJ2627,Proximal part of jejunum,digestive,99,190,"[[0.03041839972138405, 1.0249571800231934, 0.0483429990708828], [0.06649880111217499, 1.0554912090301514, 0.07585100084543228]]",0e831376a59c37301dd55282b6c2d21ca0d7f0e2752d4c9a1cca9af0c1c98802,pass,
male,FJ2628,Middle part of jejunum,digestive,128,236,"[[0.04256949946284294, 1.0166542530059814, 0.04024200141429901], [0.07939200103282928, 1.055312156677246, 0.07115200161933899]]",7504ff50e713f511f7f824e24998ef05d887d71edb26b11bd873b27b11a528f0,pass,
male,FJ2629,Parenchyma of pancreas,digestive,1139,2258,"[[-0.04790480062365532, 1.0826611518859863, -0.004579199943691492], [0.0726701021194458, 1.156211256980896, 0.04637899994850159]]",664a02f1ce8069d33a3dcb9ffe2008e9da083eb990fdad1366817a74f1a58702,pass,
male,FJ2630,Pancreatic duct tree,digestive,2534,1956,"[[-0.056706901639699936, 1.098251223564148, 0.003869999898597598], [0.05912439897656441, 1.1466212272644043, 0.03840100020170212]]",95b631c75278a636c0f246543f4b0f73cb141b5ff6f0e8454d9d82c2ecd796d3,pass,
male,FJ2631,Trunk of anterior interventricular branch of left coronary artery,arterial,356,666,"[[0.033292800188064575, 1.2576512098312378, 0.020073000341653824], [0.0637907013297081, 1.3357311487197876, 0.06798999756574631]]",5824e7b547460ed9472b474b04b4f609610255272402c27f713bd15b08c3a7db,pass,
male,FJ2632,First right anterior branch of anterior interventricular branch of left coronary artery,arterial,91,108,"[[0.04501760005950928, 1.3067811727523804, 0.06365499645471573], [0.049955401569604874, 1.308571219444275, 0.06805399805307388]]",5360d057e052d8470a8e81578faf7a24c4b4950bc3f5b930764c8e0c77bd12ba,pass,
male,FJ2633,Diagonal branch of anterior descending branch of left coronary artery,arterial,283,424,"[[0.06569340080022812, 1.288311243057251, 0.020501000806689262], [0.07812269777059555, 1.3148411512374878, 0.040950000286102295]]",d5c4a5e340561ce4bf95f5dc69550683d65967f60dddde688f980ea5d0d3ddb3,pass,
male,FJ2634,Diagonal branch of anterior descending branch of left coronary artery,arterial,156,192,"[[0.07070290297269821, 1.305731177330017, 0.01970599964261055], [0.07364259660243988, 1.312021255493164, 0.03115200065076351]]",2e360391385bc8b91a12ffc56d2e044b36548c45ac7f1b97a5cc00257206de38,pass,
male,FJ2635,Diagonal branch of anterior descending branch of left coronary artery,arterial,363,526,"[[0.05329839885234833, 1.26012122631073, 0.056678999215364456], [0.06729839742183685, 1.305731177330017, 0.06810799986124039]]",dbfbc7a6d63d0a6939457dfee06a54ce5a9b1ce7e3d8eb73517353a509abf338,pass,
male,FJ2636,Diagonal branch of anterior descending branch of left coronary artery,arterial,275,408,"[[0.0593332014977932, 1.2829312086105347, 0.06284400075674057], [0.06275980174541473, 1.2975212335586548, 0.06728199869394302]]",b421c77006ba0cfc5c9fd727f871927c336c978da8b14f34c47fc823a900ec45,pass,
male,FJ2637,Diagonal branch of anterior descending branch of left coronary artery,arterial,142,158,"[[0.06293550133705139, 1.2608412504196167, 0.053245000541210175], [0.0687239021062851, 1.2637711763381958, 0.06132600083947182]]",186c64f919eec7d34a6d2b88cb08c72857caec8f38bb0dfdd3dfa73f6100c17c,pass,
male,FJ2638,Diagonal branch of anterior descending branch of left coronary artery,arterial,242,286,"[[0.07092969864606857, 1.2705111503601074, 0.05116499960422516], [0.0760108008980751, 1.2771011590957642, 0.06178300082683563]]",f14af99ccd3a85d19a01f7792b19216e653b4c902aea0fda7623e7eafed1ab18,pass,
male,FJ2639,Diagonal branch of anterior descending branch of left coronary artery,arterial,122,150,"[[0.07111140340566635, 1.2616912126541138, 0.04450700059533119], [0.07320889830589294, 1.2666511535644531, 0.05349700152873993]]",e2996de4cfafeaf56e427e6fedfa7e6588b10f75de31a69baab78a5abe63702d,pass,
male,FJ2640,Diagonal branch of anterior descending branch of left coronary artery,arterial,214,254,"[[0.06741449981927872, 1.257561206817627, 0.04603499919176102], [0.07320880144834518, 1.2666611671447754, 0.05349799990653992]]",f1dd7a187f2af09c3fe3c429f5372914e468024df12de52e6647534e82e0a0c7,pass,
male,FJ2641,Third right anterior branch of anterior interventricular branch of left coronary artery,arterial,305,408,"[[0.04626920074224472, 1.2597812414169312, 0.05858699977397919], [0.05462709814310074, 1.2836512327194214, 0.06894899904727936]]",7a9a2adb5e323ac2cee32c0e9b466bec3033ab5c9c0b4b6526f85f6df31a999d,pass,
male,FJ2642,Diagonal branch of anterior descending branch of left coronary artery,arterial,326,580,"[[0.050062600523233414, 1.2728811502456665, 0.03327000141143799], [0.07939130067825317, 1.3217211961746216, 0.04744099825620651]]",18955cb73dd6da5cfc8dbb4bc50e604d4e81857fa141591463be285ccc8eab03,pass,
male,FJ2643,Conus branch of anterior interventricular branch of left coronary artery,arterial,234,414,"[[0.03361779823899269, 1.317501187324524, 0.04307299852371216], [0.05041569843888283, 1.3251311779022217, 0.07178299874067307]]",a19b477b07fb03d34b9d707643536c6875f1150ef00854b91d0c86b091b718fe,pass,
male,FJ2644,Conus branch of anterior interventricular branch of left coronary artery,arterial,191,302,"[[0.02883180044591427, 1.3214112520217896, 0.06305799633264542], [0.043360501527786255, 1.3250612020492554, 0.07079499959945679]]",1d6edf29298f6fccf8092f71432f8473cd495b0a57902ede292930baf58ce54e,pass,
male,FJ2645,First right anterior branch of anterior interventricular branch of left coronary artery,arterial,222,314,"[[0.042176999151706696, 1.3016911745071411, 0.05268000066280365], [0.05314280092716217, 1.3136111497879028, 0.07108200341463089]]",49ff85a541a17499d83bc9641566bd1b13ab89ff022ccb36f8b75d6ff6a8633e,pass,
male,FJ2646,Second right anterior branch of anterior interventricular branch of left coronary artery,arterial,275,446,"[[0.037166401743888855, 1.274981141090393, 0.06089700013399124], [0.05454400181770325, 1.3004112243652344, 0.07276599854230881]]",9095d657f6a50721bb593d1e0835da5a76358b5a65f27cb985dda7ea3c1e7251,pass,
male,FJ2647,Third right anterior branch of anterior interventricular branch of left coronary artery,arterial,214,302,"[[0.04042699933052063, 1.2609411478042603, 0.060586001724004745], [0.04710410162806511, 1.2703711986541748, 0.06723800301551819]]",6769d482e7b0aae4a2f36795d71d414c3f6f6272724139d52ba207aeaaef50db,pass,
male,FJ2648,Diagonal branch of anterior descending branch of left coronary artery,arterial,203,286,"[[0.07436320185661316, 1.2882012128829956, 0.04096800088882446], [0.07709260284900665, 1.3011811971664429, 0.048183999955654144]]",11508ba1b1d5d4a56bc758409cfd35db3516cc3edc4e10e4ab41d344a6838a98,pass,
male,FJ2649,Circumflex branch of left coronary artery,arterial,325,646,"[[0.03435530140995979, 1.300491213798523, -0.012998799793422222], [0.0504986010491848, 1.334421157836914, 0.021939000114798546]]",0f2cdd351cc27591a58f618337c09eaa4ecae1adfb83f8d660a3c12162291d77,pass,
male,FJ2650,Circumflex branch of left coronary artery,arterial,304,374,"[[0.05528650060296059, 1.277791142463684, -0.01057360041886568], [0.0598176009953022, 1.2946511507034302, -0.004236599896103144]]",74605072710fe81752b479257d9c19f118a2c10b746b5c0f203403cbcdfe5059,pass,
male,FJ2651,Circumflex branch of left coronary artery,arterial,358,448,"[[0.05875600129365921, 1.2891812324523926, -0.007743800058960915], [0.07563319802284241, 1.2963311672210693, 0.015550999902188778]]",8481188546bc2c85c988b79224bf97e1b81150cdd30a77412b82a1efbfe2f666,pass,
male,FJ2652,Circumflex branch of left coronary artery,arterial,234,298,"[[0.06418559700250626, 1.2727612257003784, -0.0026805000379681587], [0.06824260205030441, 1.2877211570739746, 0.007278000004589558]]",96939eded0fdefb016bd815de255fe995b2903ed26452f9f4d8915f8f331e634,pass,
male,FJ2653,Circumflex branch of left coronary artery,arterial,229,248,"[[0.07374569773674011, 1.2664412260055542, 0.01944899931550026], [0.07683110237121582, 1.2767912149429321, 0.028307000175118446]]",329d524b9f83d71625f8dc50ce161093b102fae5936c2bb9ea8f4c595dad47a5,pass,
male,FJ2654,Circumflex branch of left coronary artery,arterial,147,166,"[[0.07416670024394989, 1.265931248664856, 0.031296998262405396], [0.07649160176515579, 1.270321249961853, 0.042844999581575394]]",6fef7cb4f1059ecfb8a438a6065e329c6c7b8e5dc115941538b3c25276d6cbc3,pass,
male,FJ2655,Coronary sinus,venous,319,602,"[[-0.005522400140762329, 1.275611162185669, -0.018891699612140656], [0.04326929897069931, 1.2947912216186523, 0.015564999543130398]]",5df5d58f69f399dc771980da1acfdd5c484e96b4b61112e9e0a30ede4fa91885,pass,
male,FJ2656,Great cardiac vein,venous,322,608,"[[0.03990880027413368, 1.2918912172317505, -0.018077200278639793], [0.048562198877334595, 1.3315712213516235, 0.026877999305725098]]",e3602afb631e6212a33b59dbc028e06fdc6d7dd638823a45d70aba765bda2eb4,pass,
male,FJ2657,Anterior interventricular vein,venous,227,318,"[[0.05460159853100777, 1.2601112127304077, 0.05600700154900551], [0.06237240135669708, 1.2836711406707764, 0.06820700317621231]]",02bb00dc63aa4db65bb152025a16d040736b6c07b09d0ec59b3176f1e9536ebf,pass,
male,FJ2658,Anterior interventricular vein,venous,261,404,"[[0.03827039897441864, 1.2819411754608154, 0.06053199991583824], [0.055420100688934326, 1.3014512062072754, 0.07280299812555313]]",49cb2c0e14cb07ed20070d7e7bc9d4ff61eabdfb4767b64095b9f18713f3b564,pass,
male,FJ2659,Anterior interventricular vein,venous,323,420,"[[0.05354560166597366, 1.2637312412261963, 0.057840000838041306], [0.06814569979906082, 1.3069312572479248, 0.06755299866199493]]",34e10a24d237b6f76cab8a9438ea469e955873acd6f5078dd761a16da8271c2e,pass,
male,FJ2660,Anterior interventricular vein,venous,182,232,"[[0.06597880274057388, 1.2668211460113525, 0.05468200147151947], [0.07291129976511002, 1.2794111967086792, 0.06654699891805649]]",b47dacdedb4d4ed0281ba3da9a91b6c8fa8e852b31dd30d101e9124fd76e5482,pass,
male,FJ2661,Anterior interventricular vein,venous,257,412,"[[0.04096759855747223, 1.3075811862945557, 0.05000400170683861], [0.05546180158853531, 1.315961241722107, 0.07074400037527084]]",99580741bde6478d619698e02b06020af809447fa12377666c19cf7fabc92fe5,pass,
male,FJ2662,Anterior interventricular vein,venous,125,236,"[[0.05129539966583252, 1.314941167831421, 0.037450000643730164], [0.0664089024066925, 1.3240011930465698, 0.04235700145363808]]",228c81f96631d949a5da2be9ca4dca75d8797bba36d0a97da1c0eca6b98ba8ef,pass,
male,FJ2663,Anterior interventricular vein,venous,178,258,"[[0.06499890238046646, 1.2991012334823608, 0.03756500035524368], [0.07460589706897736, 1.316521167755127, 0.045545000582933426]]",f1c3199078910db0565972421215ddeb2e5d08768d233afef49aaedeeba3f767,pass,
male,FJ2664,Anterior interventricular vein,venous,136,208,"[[0.06490310281515121, 1.3119912147521973, 0.02810399979352951], [0.07094570249319077, 1.3164012432098389, 0.03894200176000595]]",91aba3edb282026b659abed724f3daa3b82bc6e2c33fdac31fb28f43ee36ea8f,pass,
male,FJ2665,Anterior interventricular vein,venous,319,430,"[[0.045664701610803604, 1.2579611539840698, 0.024210000410676003], [0.059502001851797104, 1.331111192703247, 0.06835900247097015]]",98a09c3e0347d64de894df67a6e42df1e5398896ab6feec7dacb452b7cd05920,pass,
male,FJ2667,Marginal branch of right coronary artery,arterial,254,334,"[[0.01329750008881092, 1.2737512588500977, 0.06933800131082535], [0.033976998180150986, 1.2829612493515015, 0.07396300137042999]]",a094b4504e6ce6f8517bc74fe96c5edd1efce7eb95aeace8f1b7f3d4949ce997,pass,side_vs_body_midline: review regional laterality; cardiac/hepatic labels can legitimately cross midline
male,FJ2668,Marginal branch of right coronary artery,arterial,176,216,"[[0.023762300610542297, 1.279691219329834, 0.072332002222538], [0.03571759909391403, 1.2839012145996094, 0.07379700243473053]]",0d618fa562411d297ed4738c3a8addd06e6946314dc94354d3af048da91cb129,pass,side_vs_body_midline: review regional laterality; cardiac/hepatic labels can legitimately cross midline
male,FJ2670,Right conus artery,arterial,272,426,"[[0.007007909938693047, 1.325141191482544, 0.05158200114965439], [0.02687069959938526, 1.3371912240982056, 0.06962200254201889]]",12e7d26b9b62cae4e2737232bde8aa2a9e9689f5b54b3c3140ff8db80f2c6cc3,pass,side_vs_body_midline: review regional laterality; cardiac/hepatic labels can legitimately cross midline
male,FJ2671,First anterior ventricular branch of right coronary artery,arterial,292,442,"[[0.0004170479951426387, 1.3003511428833008, 0.059262000024318695], [0.024483200162649155, 1.3235411643981934, 0.0765170007944107]]",1fcb2d60982260fe6d257c8a42194c5dce294f3e149c67951cd1b1a3d964e187,pass,
male,FJ2672,Marginal branch of right coronary artery,arterial,348,558,"[[-0.01428959984332323, 1.272491216659546, 0.05857999995350838], [0.026030100882053375, 1.298221230506897, 0.07314500212669373]]",54043bf2926ee851b81bdcc68fb785333505b1f7e11236fcc1b99416780ef1ae,pass,
male,FJ2673,First anterior ventricular branch of right coronary artery,arterial,233,318,"[[0.011319500394165516, 1.3006112575531006, 0.07234600186347961], [0.03361450135707855, 1.3105812072753906, 0.07650899887084961]]",0da23ac397f2ef160fe9e42f605977cdba6c50d329a1fa47d88d40fe0c61bf56,pass,side_vs_body_midline: review regional laterality; cardiac/hepatic labels can legitimately cross midline
male,FJ2674,Marginal branch of right coronary artery,arterial,186,284,"[[0.003937200177460909, 1.2736711502075195, 0.06782399863004684], [0.015607600100338459, 1.2860411405563354, 0.07094699889421463]]",3ccd855c5370ebe0a6a632d6eef5734b5974bb872f81acc7edb2d29edea32dc4,pass,
male,FJ2675,Marginal branch of right coronary artery,arterial,148,200,"[[-0.0064147599041461945, 1.2812411785125732, 0.06408199667930603], [-0.00012613899889402092, 1.290641188621521, 0.06641200184822083]]",6244940a9b9c902417101f17a98df61561bee9a76bafb6fa2f4f0356338b5758,pass,
male,FJ2676,Right conus artery,arterial,227,292,"[[0.01843379996716976, 1.331551194190979, 0.06324200332164764], [0.03272389993071556, 1.3357511758804321, 0.06549300253391266]]",8658914097971b87175cfb9830f9948d8143d526b396f8b841b6f613287875b7,pass,side_vs_body_midline: review regional laterality; cardiac/hepatic labels can legitimately cross midline
male,FJ2677,First anterior ventricular branch of right coronary artery,arterial,194,248,"[[0.020933199673891068, 1.3049812316894531, 0.07416000217199326], [0.03417700156569481, 1.3095512390136719, 0.07631299644708633]]",8a8d2bff9c7984170b9ddac8299aaae90b2c75b39478b9572f23edcf824a51a4,pass,side_vs_body_midline: review regional laterality; cardiac/hepatic labels can legitimately cross midline
male,FJ2678,Middle cardiac vein,venous,289,462,"[[0.0016033099964261055, 1.2546712160110474, 0.008003000169992447], [0.07059670239686966, 1.28550124168396, 0.052960000932216644]]",cd92cb59f0e9a9776602e28bbf0c9cb582f4327570fbe3aa5506babb991f7aa7,pass,
male,FJ2679,Middle cardiac vein,venous,184,252,"[[0.0374951995909214, 1.2543412446975708, 0.041207000613212585], [0.042793601751327515, 1.2560012340545654, 0.05081000179052353]]",46a19db0b1800da14665dd750b13429367803c60b2d5567efa25cb2311577afd,pass,
male,FJ2680,Middle cardiac vein,venous,321,362,"[[0.049724701792001724, 1.2534911632537842, 0.03342000022530556], [0.06447850167751312, 1.256201148033142, 0.04289500042796135]]",7952080513a1b32d173c1905f39fb86b29093035812a4443ec7005a80c733138,pass,
male,FJ2681,Middle cardiac vein,venous,207,200,"[[0.05603870004415512, 1.2550312280654907, 0.04574799910187721], [0.060530100017786026, 1.2600512504577637, 0.0565200001001358]]",d05651e568e8abd5516a710b51beed23320857a1a89c0375098af3ce04a76461,pass,
male,FJ2682,Middle cardiac vein,venous,365,360,"[[0.057711999863386154, 1.2546411752700806, 0.04264499992132187], [0.06853319704532623, 1.2584311962127686, 0.0494379997253418]]",6c83164682b7c0febc6e1c91c4d650c92b446ac9bf0d32690663c21f8810cd58,pass,
male,FJ2683,Middle cardiac vein,venous,178,168,"[[0.06493449956178665, 1.2573812007904053, 0.05133099853992462], [0.06964869797229767, 1.263051152229309, 0.055528998374938965]]",9b41cf78e0cae0f4408553897e439b710cb54a82393f2ad2c7a4dbf1f5902c20,pass,
male,FJ2684,Middle cardiac vein,venous,187,258,"[[0.016545699909329414, 1.2560211420059204, 0.024303000420331955], [0.02365880087018013, 1.261701226234436, 0.042514000087976456]]",1cedf515607cac41ad39f27a782d3abd04b37693eac464ffa3cdf6aa9951440c,pass,
male,FJ2685,Middle cardiac vein,venous,170,234,"[[0.02283879928290844, 1.255641222000122, 0.04167100042104721], [0.03222699835896492, 1.2573411464691162, 0.04945699870586395]]",24d985a3c82670f23e856b6857c4002895bb9c1c6885367ab751ccf45513c2d9,pass,
male,FJ2686,Middle cardiac vein,venous,216,274,"[[0.02074429951608181, 1.2564711570739746, 0.04165799915790558], [0.028117600828409195, 1.258601188659668, 0.05263499915599823]]",285fcaa3f76bd641af9d5732fc8312f77bcaf9b6222c7777a4dc515200d4eb05,pass,
male,FJ2687,Middle cardiac vein,venous,453,542,"[[0.003867790102958679, 1.2564412355422974, 0.015169999562203884], [0.030759600922465324, 1.2709312438964844, 0.025700999423861504]]",e0d7be744b4ed8c23a7d73cacdff921571594a7a382e72269397d6b3e4186aeb,pass,
male,FJ2688,Middle cardiac vein,venous,308,298,"[[0.020114999264478683, 1.257311224937439, 0.012218999676406384], [0.03208950161933899, 1.2597912549972534, 0.01737299934029579]]",5b7725c578c0571bbf091b5efb6b344fee940f7addff332e3428999f78374329,pass,
male,FJ2689,Middle cardiac vein,venous,169,268,"[[0.043703798204660416, 1.2526311874389648, 0.02996700070798397], [0.050911400467157364, 1.2567112445831299, 0.04003800079226494]]",d6ffc806ab566f256b6f53ee752962cd2958a3420098ef1195468fd706ebaf9b,pass,
male,FJ2690,Middle cardiac vein,venous,226,354,"[[0.038577601313591, 1.2537611722946167, 0.03604799881577492], [0.047278501093387604, 1.2573411464691162, 0.05429999902844429]]",be1fc7aa00acfc455de9d2a9e87785768e34d87ff957319a562b64efe53f4ec8,pass,
male,FJ2691,Middle cardiac vein,venous,125,156,"[[0.04396450147032738, 1.2533411979675293, 0.027401000261306763], [0.04624519869685173, 1.2552212476730347, 0.03623500093817711]]",8864c9e8b7ac7a530d834b1af6fe4d12b83febc667b672bb9744658e14b4c289,pass,
male,FJ2692,Posterior interventricular branch of right coronary artery,arterial,339,466,"[[-0.000852186989504844, 1.2539912462234497, 0.019236000254750252], [0.06552120298147202, 1.268551230430603, 0.05104599893093109]]",4951c318f6396572274f3635c687b478abd706a97710ce5bfd0c8122c2660cdd,pass,
male,FJ2693,Posterior interventricular branch of right coronary artery,arterial,278,408,"[[-0.0007809540256857872, 1.25304114818573, 0.017587000504136086], [0.05764070153236389, 1.2695112228393555, 0.038001999258995056]]",9ec604aba4b3d7d43676800847d62bcdb2082c3949c6e9b30503736484b357d5,pass,
male,FJ2694,Posterior interventricular branch of right coronary artery,arterial,287,392,"[[0.017739299684762955, 1.25589120388031, 0.018092000856995583], [0.03447850048542023, 1.260561227798462, 0.022363999858498573]]",ae065b387046168a932a551c8b86fb300a07836c02ca9a6911e9057e3a1a341e,pass,side_vs_body_midline: review regional laterality; cardiac/hepatic labels can legitimately cross midline
male,FJ2695,Posterior interventricular branch of right coronary artery,arterial,163,236,"[[0.03764139860868454, 1.2530611753463745, 0.028965000063180923], [0.046478498727083206, 1.2567611932754517, 0.03478100150823593]]",fedb359e00c6b7546d1481fc2f264766e528af276ffee78321dedff815b48248,pass,side_vs_body_midline: review regional laterality; cardiac/hepatic labels can legitimately cross midline
male,FJ2696,Posterior interventricular branch of right coronary artery,arterial,265,304,"[[0.017456600442528725, 1.256081223487854, 0.02846500091254711], [0.03157820180058479, 1.2594112157821655, 0.05379800125956535]]",bb72cb7e273fc1135ad06354329076a228fc8148b194fde81136fffcaf2a4a29,pass,side_vs_body_midline: review regional laterality; cardiac/hepatic labels can legitimately cross midline
male,FJ2697,Posterior interventricular branch of right coronary artery,arterial,187,218,"[[0.03879909962415695, 1.2540011405944824, 0.040869999676942825], [0.04155829921364784, 1.256641149520874, 0.053360000252723694]]",aa236ea60a54915db0cf843fb2a2cc575f6d6127361c5572f391ec67dacc6459,pass,side_vs_body_midline: review regional laterality; cardiac/hepatic labels can legitimately cross midline
male,FJ2698,Posterior interventricular branch of right coronary artery,arterial,193,198,"[[0.03945989906787872, 1.2540111541748047, 0.04519699886441231], [0.04511139914393425, 1.257021188735962, 0.05417000129818916]]",9d1512e53696e06241d327ae1b960f9d1e99b2357c4bcaf69bcdb88f21e4ba38,pass,side_vs_body_midline: review regional laterality; cardiac/hepatic labels can legitimately cross midline
male,FJ2699,Posterior interventricular branch of right coronary artery,arterial,126,126,"[[0.06037160009145737, 1.2560112476348877, 0.04988100007176399], [0.06687849760055542, 1.259581208229065, 0.05343500152230263]]",cf2e5c49873db078559c8a65d3903eaa262aa082184d244108a6231037dcc91f,pass,side_vs_body_midline: review regional laterality; cardiac/hepatic labels can legitimately cross midline
male,FJ2700,Posterior interventricular branch of right coronary artery,arterial,197,280,"[[0.056449901312589645, 1.2554612159729004, 0.04828700050711632], [0.06273949891328812, 1.2596012353897095, 0.05587000027298927]]",71517da9b312747bf82afea1c23cd6f2f0f537955978d2afc900f7383b10d55d,pass,side_vs_body_midline: review regional laterality; cardiac/hepatic labels can legitimately cross midline
male,FJ2701,Posterior vein of left ventricle,venous,309,490,"[[0.016184300184249878, 1.2569712400436401, -0.009041599929332733], [0.07128950208425522, 1.2792911529541016, 0.03388499841094017]]",5399f8b484eb6f5186c76f6c167d60d0e77d64f43ff739336264021c3f483dd0,pass,
male,FJ2702,Posterior vein of left ventricle,venous,227,252,"[[0.07037390023469925, 1.2605712413787842, 0.03298899903893471], [0.07445819675922394, 1.2662111520767212, 0.04425700008869171]]",715b3c11feab19748a1e4e9a18c262befda16d1cac6c36742e6c2b7a2f3ded48,pass,
male,FJ2703,Left marginal vein,venous,256,416,"[[0.040358301252126694, 1.2697511911392212, -0.01722720079123974], [0.07741930335760117, 1.2954912185668945, 0.03905700147151947]]",80b220950e1882331b65a87403b7434b44d27f0d0e72fc2a7653718f972e0b78,pass,
male,FJ2704,Left marginal vein,venous,192,274,"[[0.07337590306997299, 1.2652912139892578, 0.018730999901890755], [0.07706929743289948, 1.2789212465286255, 0.031000999733805656]]",5e081cbab454e0451ade69759babb2181573d403f3be4465e28227515ed46f19,pass,
male,FJ2705,Left marginal vein,venous,184,236,"[[0.056836698204278946, 1.2766711711883545, -0.009474299848079681], [0.06208319962024689, 1.2919611930847168, -0.0015803000424057245]]",cb3bc09b1953ec1421d1a850d781d5fa72c71508609516179430dc268c74c30a,pass,
male,FJ2706,Posterior vein of left ventricle,venous,330,344,"[[0.029198000207543373, 1.2655411958694458, -0.008110100403428078], [0.048830099403858185, 1.2702511548995972, -0.004237600136548281]]",963f9fdf1a19e1af272367ad6c777451bb1233bc9e049165adc6fe16ed4eb55e,pass,
male,FJ2707,Posterior vein of left ventricle,venous,370,496,"[[0.04062759876251221, 1.2531912326812744, 0.0032240001019090414], [0.049995701760053635, 1.2605011463165283, 0.02099199965596199]]",20ee9bfe186fbb06aec49ddad4c88236401a50b6d5aa96c197da0d23d4ce74b4,pass,
male,FJ2708,Posterior vein of left ventricle,venous,376,434,"[[0.049185000360012054, 1.2589912414550781, 0.004110000096261501], [0.06828010082244873, 1.2695611715316772, 0.010648000054061413]]",47a6bcfab1f2d50a304f26b3f906a6c6d865e2ba66841021fff9b4a020f09a5f,pass,
male,FJ2709,Posterior vein of left ventricle,venous,326,422,"[[0.05952230095863342, 1.2535111904144287, 0.013481000438332558], [0.06416449695825577, 1.257911205291748, 0.03476300090551376]]",0d3d67011990d1a613dcf9a19bf8d8cf1dbb6a5813f54d724245cf103c67a9cd,pass,
male,FJ2710,Posterior vein of left ventricle,venous,175,224,"[[0.03865300118923187, 1.2674912214279175, -0.012445899657905102], [0.04518879950046539, 1.2755812406539917, -0.007121900096535683]]",9e2a9c4b5bef5c29283e623d961f4dd5df540846ad533f9b45c4155f61e345ab,pass,
male,FJ2711,Posterior vein of left ventricle,venous,170,182,"[[0.04407839849591255, 1.2532211542129517, 0.017020000144839287], [0.04584880173206329, 1.2546311616897583, 0.02253199927508831]]",e22099c4edcbab5e71516bcc18c892718ee66b785e4654d8764356e2974592d7,pass,
male,FJ2712,Posterior vein of left ventricle,venous,119,126,"[[0.0657539963722229, 1.2581311464309692, 0.019881000742316246], [0.07023639976978302, 1.2617311477661133, 0.025565000250935555]]",838107d1364052f4ddfe66da7d81ecdd9af1226497da3f742ba4b235c9c7ab6d,pass,
male,FJ2713,Posterior vein of left ventricle,venous,303,300,"[[0.07053539901971817, 1.2607011795043945, 0.030407000333070755], [0.07620610296726227, 1.269341230392456, 0.04290999844670296]]",5ac55a22a22306e437a707876ad76d555f835d749edc7f6b0e666e94fda305ab,pass,
male,FJ2714,First posterior ventricular branch of right coronary artery,arterial,307,488,"[[0.019339000806212425, 1.2561111450195312, -0.006588300224393606], [0.06832239776849747, 1.2728712558746338, 0.030561000108718872]]",55fd25e6091ccbd0da4cee6959069eebbc15d47cc88dae46ceaf85977228c718,pass,side_vs_body_midline: review regional laterality; cardiac/hepatic labels can legitimately cross midline
male,FJ2715,First posterior ventricular branch of right coronary artery,arterial,185,218,"[[0.06756539642810822, 1.2578612565994263, 0.029697999358177185], [0.07359260320663452, 1.2649712562561035, 0.0344959981739521]]",e6b1177ef7fd251a3668e42829e131bb390478111873aed47af9174658457e04,pass,side_vs_body_midline: review regional laterality; cardiac/hepatic labels can legitimately cross midline
male,FJ2716,First posterior ventricular branch of right coronary artery,arterial,188,232,"[[0.06755220144987106, 1.2577612400054932, 0.029802000150084496], [0.072080098092556, 1.262991189956665, 0.03910699859261513]]",0f2c94617da6877597338f3fd5d06da123bffcd6f751607c8e27ee3b45cca416,pass,side_vs_body_midline: review regional laterality; cardiac/hepatic labels can legitimately cross midline
male,FJ2717,First posterior ventricular branch of right coronary artery,arterial,255,332,"[[0.0262254998087883, 1.267381191253662, -0.011368299834430218], [0.04233010113239288, 1.2731411457061768, -0.0047605000436306]]",b7533848d15ed88a4aa53540334bedc01ad988b23c8476eb38e3fe1341deaa13,pass,side_vs_body_midline: review regional laterality; cardiac/hepatic labels can legitimately cross midline
male,FJ2718,First posterior ventricular branch of right coronary artery,arterial,139,186,"[[0.03877050057053566, 1.2622212171554565, -0.004524500109255314], [0.044868700206279755, 1.266181230545044, -0.000687299994751811]]",d18adaf6b6d7660746774629448b7f197c736c0b8ef97f27a28a2bf73c606a87,pass,side_vs_body_midline: review regional laterality; cardiac/hepatic labels can legitimately cross midline
male,FJ2719,First posterior ventricular branch of right coronary artery,arterial,297,376,"[[0.042874500155448914, 1.254311203956604, 0.004652999807149172], [0.046439800411462784, 1.2596712112426758, 0.016788000240921974]]",94aff6c9725dcab3fccf6d31218da47f3f4d8de2491fdafb5e9e0725f23f4383,pass,side_vs_body_midline: review regional laterality; cardiac/hepatic labels can legitimately cross midline
male,FJ2720,First posterior ventricular branch of right coronary artery,arterial,231,318,"[[0.053370699286460876, 1.2580212354660034, 0.00685400003567338], [0.06519889831542969, 1.2671412229537964, 0.009305000305175781]]",361cf7eac07c402acafd4c4f3f60a1c3ccc21eb167ffa1fcff6593f0a96323d0,pass,side_vs_body_midline: review regional laterality; cardiac/hepatic labels can legitimately cross midline
male,FJ2721,First posterior ventricular branch of right coronary artery,arterial,197,254,"[[0.06182429939508438, 1.2562311887741089, 0.015893999487161636], [0.07233010232448578, 1.2672911882400513, 0.0200009997934103]]",d29e6997c17c356e219adc3eb71776c4e6c136f354f40b8244fac21b595272b2,pass,side_vs_body_midline: review regional laterality; cardiac/hepatic labels can legitimately cross midline
male,FJ2722,First posterior ventricular branch of right coronary artery,arterial,236,308,"[[0.06098959967494011, 1.2536811828613281, 0.016930999234318733], [0.06352440267801285, 1.257181167602539, 0.0343950018286705]]",0dd8363cba79ffd1d66edeb5e5561d647561ac6a1b38ed9649e37b084a38003e,pass,side_vs_body_midline: review regional laterality; cardiac/hepatic labels can legitimately cross midline
male,FJ2723,Trunk of right coronary artery,arterial,498,990,"[[-0.02171199955046177, 1.266051173210144, -0.0066559999249875546], [0.020693400874733925, 1.3391112089157104, 0.06249399855732918]]",e30c332ae381578f045ed793826ceb507d12aa6dd6bac4992da7298a1fb386c2,pass,
male,FJ2724,Small cardiac vein,venous,210,402,"[[-0.020833300426602364, 1.2801811695098877, 0.04721900075674057], [-0.001885459991171956, 1.3192411661148071, 0.06043099984526634]]",cde9912bdd195a20fcaa8d4384c98ebd379ab3bdc73267c91d487288422d767c,pass,
male,FJ2725,Anterior cardiac vein,venous,257,392,"[[-0.0035955000203102827, 1.3060811758041382, 0.058775998651981354], [0.029523300006985664, 1.3210911750793457, 0.07576499879360199]]",5f61258fd4c56336e796b894a879221639efa93cdccdbc2d001c974143d80af0,pass,
male,FJ2727,Right marginal vein,venous,380,518,"[[-0.020749999210238457, 1.2568111419677734, 0.04837299883365631], [0.05483350157737732, 1.2843612432479858, 0.05671500042080879]]",12bd26cfb6cd28a7c28d483f1c04c2d17532a560d67c43c7fb9e5680bf784832,pass,
male,FJ2728,Right marginal vein,venous,186,274,"[[-0.005138580221682787, 1.2797812223434448, 0.0654049962759018], [0.0023426099214702845, 1.2919511795043945, 0.06685999780893326]]",9dee07d3683639f5e3d7a9510578c0dad1aab85e17f923518840e9b659a4471d,pass,
male,FJ2729,Right marginal vein,venous,153,216,"[[0.012474499642848969, 1.27117121219635, 0.06783899664878845], [0.028108200058341026, 1.2817611694335938, 0.07240799814462662]]",2ef73e5408bb3f95e5b3006611ec77618fb7c9f9f0832a4df97e3ef9ccf2ffdc,pass,side_vs_body_midline: review regional laterality; cardiac/hepatic labels can legitimately cross midline
male,FJ2730,Anterior cardiac vein,venous,186,270,"[[0.01444070041179657, 1.3010611534118652, 0.0731780007481575], [0.027478499338030815, 1.3113912343978882, 0.07661999762058258]]",fcea66c09a85bc41b5ec61447bbd6a0a925378cd5facd155c3d872853d0d10cb,pass,
male,FJ2731,Small cardiac vein,venous,383,750,"[[-0.02031650021672249, 1.2647111415863037, 0.014356999658048153], [0.00599490012973547, 1.2819411754608154, 0.048928000032901764]]",e2f8d006bb6283b02524c1c01a2d33659d1bfd07cd9bd9c327e8b03c3c9e4dea,pass,
male,FJ2732,Septal branch of anterior interventricular artery,arterial,417,466,"[[0.04599880054593086, 1.2833311557769775, 0.05037200078368187], [0.0557221993803978, 1.2913612127304077, 0.06674499809741974]]",4cbe58346edc00b780c2484d4708aff5a053f77f7eaa483cfd3ecb473502ce00,pass,
male,FJ2733,Septal branch of anterior interventricular artery,arterial,284,328,"[[0.0419624000787735, 1.2992511987686157, 0.04926300048828125], [0.054195698350667953, 1.3051211833953857, 0.06430800259113312]]",5933a6751bf2027725fbae01b87952b1756353f59a6d80f8ff2a8e2b324d82fb,pass,
male,FJ2734,Septal branch of anterior interventricular artery,arterial,253,332,"[[0.04262780025601387, 1.314501166343689, 0.038054000586271286], [0.052446398884058, 1.3215311765670776, 0.0529789999127388]]",e54b472cd5b44b40e9242c7068ea76a27f995a0884eaf121bd9e19800896b61a,pass,
male,FJ2735,First septal branch of right posterior interventricular artery,arterial,282,324,"[[0.009282300248742104, 1.2610712051391602, 0.018672000616788864], [0.014900599606335163, 1.2779711484909058, 0.026334000751376152]]",e363ce013ec728eb95c64b720455939bd5c2140d69746eb767a59a273fa29c06,pass,side_vs_body_midline: review regional laterality; cardiac/hepatic labels can legitimately cross midline
male,FJ2736,Second septal branch of right posterior interventricular artery,arterial,281,318,"[[0.02267399989068508, 1.2571911811828613, 0.028382999822497368], [0.030008699744939804, 1.2742111682891846, 0.031846001744270325]]",1eaefc0ee3432b2db366547cef70334ac58002c4f6958f998cbfeeeea798a060,pass,side_vs_body_midline: review regional laterality; cardiac/hepatic labels can legitimately cross midline
male,FJ2737,Trunk of left coronary artery,arterial,121,204,"[[0.02338930033147335, 1.3320611715316772, 0.01730399951338768], [0.034405000507831573, 1.3389312028884888, 0.02342499978840351]]",b5753a1bc47049998c7015c3816f05e2b126c5bcff75cf9d181c37f52009c826,pass,
male,FJ2738,Left genioglossus,muscular,1583,2542,"[[-0.0015063099563121796, 1.506081223487854, 0.01728999987244606], [0.007271590176969767, 1.5342612266540527, 0.06454599648714066]]",85daddfb97fe0f836f4f6b5b2b1c8ffe8ecfb1766519d0b84c73f61ac8324b4d,pass,
male,FJ2739,Left hyoglossus,muscular,876,1392,"[[0.0037882199976593256, 1.503461241722107, 0.021839000284671783], [0.011698099784553051, 1.5271612405776978, 0.051412999629974365]]",7d7e3f9e0134254bfb044341423c9580d3f71b6e574e8399972cbf6c3ca7fd58,pass,
male,FJ2740,Left inferior pharyngeal constrictor,respiratory,1514,2178,"[[-0.0008107770117931068, 1.4634112119674683, -0.014619199559092522], [0.018820300698280334, 1.5284111499786377, 0.0027489999774843454]]",f5583f0daf96b616a248f9e405f3ae333abd8809768309457fcf8bf3758bf8aa,pass,
male,FJ2741,Left levator veli palatini,muscular,1668,2708,"[[0.0014093699865043163, 1.5418012142181396, -0.011819499544799328], [0.031311601400375366, 1.5750612020492554, 0.010106000117957592]]",77d6d943ee772351ba7a4f3e647e4a0b629bf7bb99dca9fae4cf1fe1178a8755,pass,
male,FJ2742,Right middle pharyngeal constrictor,respiratory,1673,2536,"[[-0.0006629640120081604, 1.50822114944458, -0.00863409973680973], [0.017650600522756577, 1.5484611988067627, 0.02293200045824051]]",415ccf9be0939cd7f941aff1e3d8564fa7511494c258ef8211badff5b3468085,pass,
male,FJ2743,Left palatopharyngeus,respiratory,4580,9108,"[[-0.0019919099286198616, 1.466361165046692, -0.01094529964029789], [0.018502699211239815, 1.5543911457061768, 0.004308000206947327]]",a41dc1a3dbd15f840259c1a4feb0a67f802af217a0b426cb11b7d69935637722,pass,
male,FJ2744,Left pterygomandibular raphe,connective,414,570,"[[0.025386299937963486, 1.5390511751174927, 0.01852400042116642], [0.03371550142765045, 1.561041235923767, 0.030344000086188316]]",c273a1b7ab992534909a59614c2a036620c71792dbd84ecc6a66e3b8118a6bd9,pass,
male,FJ2745,Left salpingopharyngeus,respiratory,1140,2012,"[[0.007165980059653521, 1.5357412099838257, -0.0134656997397542], [0.02098429948091507, 1.5769011974334717, 0.006316999904811382]]",67d133b08310ab88cb35481aaf11298e76a2560b0b21e6c503856450604050d1,pass,
male,FJ2746,Left stylopharyngeus,respiratory,687,978,"[[0.011729099787771702, 1.506681203842163, -0.015920700505375862], [0.03909299895167351, 1.5609312057495117, 0.007860999554395676]]",a03cfa0f3621937ca891e3b06f77ae26435fdf85b2b3c490e0eab199a7a05529,pass,
male,FJ2747,Left superior pharyngeal constrictor,respiratory,2342,3378,"[[-0.0006479640142060816, 1.5242712497711182, -0.004920800216495991], [0.03229369968175888, 1.5778712034225464, 0.02777699939906597]]",97910b3e6509edb69945a6dbc840f8fb46a387a57823c2c88ca7f0dff8b9bd7d,pass,
male,FJ2748,Left tensor veli palatini,muscular,1799,3050,"[[0.0007708449847996235, 1.5391112565994263, 9.999999747378752e-05], [0.016656899824738503, 1.5814212560653687, 0.02049200050532818]]",b722dbdbd13d8ee71f1af6c7f16269237024bd7bd6aae9c48dbf1356a38c5dcc,pass,
male,FJ2749,Pharyngeal raphe,connective,6023,4006,"[[-0.0016754999523982406, 1.4637012481689453, -0.015124299563467503], [0.0005744990194216371, 1.5785212516784668, -0.0006176999886520207]]",8d70f5ce3c88a0444a6b5f33c6bc45a3a9b1964df574637ea5a299ac3762843f,pass,
male,FJ2750,Right genioglossus,muscular,1272,2080,"[[-0.008583609946072102, 1.5060611963272095, 0.017242999747395515], [-0.0006507029756903648, 1.534271240234375, 0.06454099714756012]]",058f827e6b2e1423ca45cb94911d8042ecf7c8d91210f25df5f17c292408e22c,pass,
male,FJ2751,Right hyoglossus,muscular,836,1352,"[[-0.012969199568033218, 1.5034712553024292, 0.021832000464200974], [-0.005097140092402697, 1.527191162109375, 0.05141900107264519]]",69a8affa5d8b495c8ad1212f02c4c917a2d606c4286faca1ae82c9466d6000ad,pass,
male,FJ2752,Right inferior pharyngeal constrictor,respiratory,1535,2216,"[[-0.0201456006616354, 1.4634212255477905, -0.014619199559092522], [-0.0005914539797231555, 1.5283912420272827, 0.0027540000155568123]]",6da3e1f47d5f2fe7eec309aea62cf52bf4e69d5634f5f6a68611baf170c13d48,pass,
male,FJ2753,Right levator veli palatini,muscular,1708,2708,"[[-0.032665301114320755, 1.5418012142181396, -0.011813700199127197], [-0.0025738300755620003, 1.5751012563705444, 0.010088999755680561]]",8004d7d32497040d9b6aca2136d8f5070e704e4813e0ddd6d309a795755887c5,pass,
male,FJ2754,Left middle pharyngeal constrictor,respiratory,1632,2508,"[[-0.019207099452614784, 1.5081112384796143, -0.008670399896800518], [-0.0004219539987388998, 1.548571228981018, 0.02330699935555458]]",371c33d64f09162104f84e02239d29c9e9ee5ab893068b2afcd1ff8e86374057,pass,
male,FJ2755,Right palatopharyngeus,respiratory,4574,9108,"[[-0.019805900752544403, 1.466361165046692, -0.010945900343358517], [0.0006800710107199848, 1.554381251335144, 0.004315000027418137]]",3205de04a07284fbaeadd8425809c34988e8cb8687ccf900a8a052b8393f2788,pass,
male,FJ2756,Right pterygomandibular raphe,connective,381,544,"[[-0.03503179922699928, 1.5390411615371704, 0.018516000360250473], [-0.02669139951467514, 1.561041235923767, 0.03032599948346615]]",9b55501b6d95c4536e8136aff691b2590bd93e513a1163a737f0e7d125f6d4fa,pass,
male,FJ2757,Right salpingopharyngeus,respiratory,1142,2012,"[[-0.02228749915957451, 1.5357412099838257, -0.013462400063872337], [-0.008492300286889076, 1.5769011974334717, 0.006306999828666449]]",715c666008016ec4f2229d3b36de2d7201de585eec447dd74aaab4f96c3b220e,pass,
male,FJ2758,Right stylopharyngeus,respiratory,3069,5664,"[[-0.04038919880986214, 1.4940412044525146, -0.015934599563479424], [-0.012635299935936928, 1.560791254043579, 0.008346999995410442]]",ae4637a6b4d7aaf1f335da48a8e89fd9e42fe51dac85d18bb21e9a47fd779420,pass,
male,FJ2759,Right superior pharyngeal constrictor,respiratory,2401,3418,"[[-0.03361229971051216, 1.5242712497711182, -0.004920800216495991], [-0.0006603910005651414, 1.5778712034225464, 0.027765000239014626]]",6d1bc2ae014cfc18f2ebd7f6f5deeef460e16b7026455dbf1be426959fcf6ed2,pass,
male,FJ2760,Right tensor veli palatini,muscular,1752,3050,"[[-0.017973799258470535, 1.5391112565994263, 9.999999747378752e-05], [-0.0020690499804913998, 1.5814611911773682, 0.02049499936401844]]",6b04dc4abe8af245b9d86ea395ffa4f066fa33587581f1d15ae7faa398e61904,pass,
male,FJ2761,Tongue,digestive,265,502,"[[-0.019970599561929703, 1.5090712308883667, 0.010472999885678291], [0.018800299614667892, 1.5454312562942505, 0.06990399956703186]]",86b0584530ebfaae9aff2e2a3a8b13bbcdbb5569b803ae972a0e1e78fac0ac90,pass,
male,FJ2762,Uvular muscle,muscular,699,1254,"[[-0.003241519909352064, 1.5467112064361572, -0.0021174000576138496], [0.001756999990902841, 1.5560011863708496, 0.002391000045463443]]",8c383ff80546e6f9725bcd198b3d8bafea4543cf3013db96136bed220b306d92,pass,
male,FJ2763,Left stylohyoid ligament,connective,982,1266,"[[0.01166240032762289, 1.5114612579345703, -0.01315279956907034], [0.040857501327991486, 1.556321144104004, 0.02339000068604946]]",57e54059b8adbcc28648cfd3eca8d7e867d329a1dfdedda9a6cf4b7acf1b7012,pass,
male,FJ2764,Right stylohyoid ligament,connective,949,1266,"[[-0.04216979816555977, 1.511451244354248, -0.013153799809515476], [-0.012967599555850029, 1.556301236152649, 0.023385999724268913]]",37405fee7a6c89d4796afcd12b87ad9e173bb4dd62500ae0c8d91f75616b133c,pass,
male,FJ2765,Left sublingual gland,digestive,143,230,"[[0.0073022302240133286, 1.5189611911773682, 0.04096899926662445], [0.019881000742316246, 1.5320911407470703, 0.063571996986866]]",681824118413691d9f7dcf43fab17e3c30cf113afa1a56302153e06fc8503003,pass,
male,FJ2766,Left submandibular gland,digestive,123,228,"[[0.01439720019698143, 1.5165512561798096, 0.018590999767184258], [0.03026610054075718, 1.53891122341156, 0.04151900112628937]]",1f3216769da890fabe964e13ea776f2cf60434e85264be46678bc975c5220d7f,pass,
male,FJ2767,Right sublingual gland,digestive,141,240,"[[-0.021194899454712868, 1.5189311504364014, 0.04094599932432175], [-0.008598900400102139, 1.532151222229004, 0.0636179968714714]]",71f2ac6b7dd5176f7c0b2979b839fc5a7504efb34d357c319f84db8235ddecb7,pass,
male,FJ2768,Right submandibular gland,digestive,121,226,"[[-0.031553901731967926, 1.5165512561798096, 0.018611999228596687], [-0.015683099627494812, 1.5389411449432373, 0.041349999606609344]]",924de1413d91d9f813e3e37f757f8abfdb1644b4f843b69f3a029d3e5228aafe,pass,
male,FJ2769,Cricoid cartilage,skeletal,838,1514,"[[-0.012166500091552734, 1.4653111696243286, -0.007383500225841999], [0.010860499925911427, 1.4828312397003174, 0.011469000019133091]]",76ce1ff57c2e5af3a0e4abf8b7a037ff6c207b07a26a74a1055c15a53db7696d,pass,
male,FJ2770,Epiglottis,respiratory,1821,1780,"[[-0.008559949696063995, 1.486861228942871, 0.008231000043451786], [0.007234429940581322, 1.516341209411621, 0.01590000092983246]]",7e8d3250ad9ddb9d79b4f80075ecf12426e66066c53d7815997e9275b4559232,pass,
male,FJ2771,Hyo-epiglottic ligament,connective,1004,1028,"[[-0.0011223700130358338, 1.4900212287902832, 0.010622000321745872], [-0.0001918600028147921, 1.5131511688232422, 0.025120999664068222]]",eaec5b14cde4828a96742849d35b7a18c439ec97aa646ef69d62dbd8ff7c534e,pass,
male,FJ2772,Hyoid bone,skeletal,604,1036,"[[-0.01952419988811016, 1.5004812479019165, -0.005565000232309103], [0.01825059950351715, 1.5189712047576904, 0.028999999165534973]]",ab4edc57830e4287b40ade88183f39aa68096d8b3413f020b18cdf64e0ef6d8f,pass,
male,FJ2773,Left cuneiform cartilage,skeletal,91,174,"[[0.003319690003991127, 1.4921811819076538, 0.00019299999985378236], [0.005064980126917362, 1.495441198348999, 0.0028699999675154686]]",83568febf3ff8ff7f984cf5dd4d682f8c49c4e708cc8aecf7317af644377e43b,pass,
male,FJ2774,Left aryepiglotticus,muscular,4468,2602,"[[0.003555180039256811, 1.4875311851501465, -0.003216699929907918], [0.007854560390114784, 1.5105412006378174, 0.008818999864161015]]",db6a399f9767c01712f80ab144ae0573b72cce4a36320a2bd377dc6a39d04704,pass,
male,FJ2775,Left arytenoid cartilage,skeletal,280,528,"[[0.0011824299581348896, 1.4816012382507324, -0.00462420005351305], [0.006722149904817343, 1.4897412061691284, 0.0026809999253600836]]",c4a2f26b3e871d55825f09414bac264ee3b5a2f512301e15c5f26f25b20eb671,pass,
male,FJ2776,Left corniculate cartilage,skeletal,109,134,"[[0.0016489799600094557, 1.4891612529754639, -0.004898999817669392], [0.00312757003121078, 1.4906611442565918, -0.003283299971371889]]",6b317c5fb60ab1a1c5d95c858f38391f6005fb978ab2197f2c71086314690158,pass,
male,FJ2777,Left conus elasticus,connective,1280,1626,"[[-0.0050259800627827644, 1.4700311422348022, -0.0024957999121397734], [0.008171480149030685, 1.4828412532806396, 0.015641000121831894]]",b351cd59e11a4771578b35f70f62d63abf8d4e535d37500a815dcfc495245e82,pass,
male,FJ2778,Left lateral crico-arytenoid,muscular,1438,2266,"[[0.005964810028672218, 1.4725311994552612, -0.002742399927228689], [0.010428999550640583, 1.4833412170410156, 0.007313999813050032]]",3d828767090aa9c248cfec8185f420ce6bc82995fd5f7bc8a85d719e5d74d668,pass,
male,FJ2779,Left lateral thyrohyoid ligament,connective,411,694,"[[0.014927700161933899, 1.5060112476348877, -0.007435500156134367], [0.01866460032761097, 1.5171111822128296, -0.0024526999332010746]]",9ab3bea895a313050ff0d0f3fd98f547096405277e521c71150fa6628ca13102,pass,
male,FJ2780,Left oblique arytenoid,muscular,1713,2008,"[[-0.007297240197658539, 1.4817111492156982, -0.0063773998990654945], [0.005655650049448013, 1.4883311986923218, -0.003221699967980385]]",fac41f2b954dc6aac3e69ab89874c737e412b23d0e95d8aa43f6ddd4e49eb3dc,pass,
male,FJ2781,Oblique part of left cricothyroid,muscular,1860,2498,"[[0.0035397999454289675, 1.466401219367981, -0.006494699977338314], [0.011853699572384357, 1.479531168937683, 0.009690999984741211]]",1dd4e982dd7c95806e55810c3a94abeed04f97a7c2b9ef47e9f0b82e747c515e,pass,
male,FJ2782,Left posterior crico-arytenoid,muscular,1200,2098,"[[0.0009708330035209656, 1.468671202659607, -0.007337700109928846], [0.010085100308060646, 1.483011245727539, -0.0015939000295475125]]",0121ac23619e682b57add65a05fdebcf7c704376b88dc44b21ae7ff032bd5f6b,pass,
male,FJ2783,Straight part of left cricothyroid,muscular,1710,2096,"[[0.0009601960191503167, 1.4663511514663696, 0.004616000223904848], [0.010695399716496468, 1.4766712188720703, 0.011489000171422958]]",15dc61c2ff4d2ccea702a90c6f04d1cc4358877c9a007f3a37e96a470856f364,pass,
male,FJ2784,Left thyro-arytenoid,muscular,1318,1928,"[[0.0010885200463235378, 1.4804311990737915, -0.004144299775362015], [0.007023639976978302, 1.4896211624145508, 0.016697000712156296]]",04b34584fc5855b419020d1355db9aa142b09a25ec95ec0b3c7a23395a39544f,pass,
male,FJ2785,Left thyro-arytenoid,muscular,2168,2636,"[[-0.0010376999853178859, 1.4837212562561035, -0.0013243999565020204], [0.007461660075932741, 1.5080811977386475, 0.01751900091767311]]",05f512a8766e8338e4cdbc65271a633c0580c1d7a9a3451e90e1216b09046a19,pass,
male,FJ2786,Left thyrohyoid membrane,connective,1073,1612,"[[0.003982730209827423, 1.4940712451934814, -0.006477000191807747], [0.01825070008635521, 1.5162211656570435, 0.021980000659823418]]",5a26dad14d31a1cc71e72e69b28eb0d4a861b4e31e03b534271f8ae01bc5f7d8,pass,
male,FJ2787,Left vocal ligament,connective,1832,1116,"[[0.0001172339980257675, 1.4818811416625977, 0.00177800003439188], [0.002309720031917095, 1.4828412532806396, 0.01510199997574091]]",ce4a6222bbf90c1b07c66f1bbecfcd81c8af389f736b8386fc689d08b1b5a160,pass,
male,FJ2788,Left vocalis,muscular,180,252,"[[0.0011831000447273254, 1.4818111658096313, 0.0008999999845400453], [0.0027655200101435184, 1.4832412004470825, 0.014979000203311443]]",99cbb54e5325f414cec0e8504811da801f277109e7e45a18c442e0da9d91fa0a,pass,
male,FJ2789,Median cricothyroid ligament,connective,1265,1236,"[[-0.004015230108052492, 1.469621181488037, 0.008958999998867512], [0.002707419916987419, 1.4825612306594849, 0.016766000539064407]]",b4e9e358e2f5405f49c51b9117b78168c4e59828dfaba82a26b7c792af389320,pass,
male,FJ2790,Median thyrohyoid ligament,connective,1155,1598,"[[-0.009173969738185406, 1.4845912456512451, 0.018490999937057495], [0.007899999618530273, 1.5022212266921997, 0.026048000901937485]]",5341cf102363f1cdcd25fed9e2a21f761c5eca71dc7e711e365f4362a82d8454,pass,
male,FJ2791,Right aryepiglotticus,muscular,3302,2066,"[[-0.009168799966573715, 1.4875311851501465, -0.003221099963411689], [0.004821740090847015, 1.510561227798462, 0.008820000104606152]]",87c638f8f6de752124641750a3d593fdd4801b62d9a9d466565a07f5a575ddc5,pass,
male,FJ2792,Right arytenoid cartilage,skeletal,279,534,"[[-0.00801790039986372, 1.4815912246704102, -0.004606400150805712], [-0.0025149700231850147, 1.4897211790084839, 0.0026710000820457935]]",839a880c02695846b4b2f22bc8638dbb256c38b3ce46b312e7e027f366df5e21,pass,
male,FJ2793,Right corniculate cartilage,skeletal,108,172,"[[-0.0044685001485049725, 1.4891512393951416, -0.004896500147879124], [-0.0029540499672293663, 1.4907112121582031, -0.003316699992865324]]",47371dcb1fb8afdf73d0c9c2c1bc98531577bd638d45d4c846c97016fa551de6,pass,
male,FJ2794,Right conus elasticus,connective,3074,2412,"[[-0.009472589939832687, 1.4700711965560913, -0.002475599991157651], [-0.00215000007301569, 1.4828811883926392, 0.0156909991055727]]",a7c6c4ee76a7404cba63fd99adc1af99a4d608b06888f0f6805d225b1b0baf0c,pass,
male,FJ2795,Right cuneiform cartilage,skeletal,88,170,"[[-0.006377339828759432, 1.4917612075805664, 0.0001990000018849969], [-0.004460880067199469, 1.495251178741455, 0.002389000030234456]]",0c00896f1afa4d37b0b0a1c44bcb7e50dec741ec33343fe539d557a514407fa4,pass,
male,FJ2796,Right lateral crico-arytenoid,muscular,1357,2206,"[[-0.011734800413250923, 1.4725412130355835, -0.0027401000261306763], [-0.007283669896423817, 1.4833412170410156, 0.007311999797821045]]",38ec160e8a29470b46758e49e4b63787bfa7c20b9959d18f66d90b8470af7e54,pass,
male,FJ2797,Right lateral thyrohyoid ligament,connective,418,716,"[[-0.019979899749159813, 1.5060511827468872, -0.007422099821269512], [-0.01621519960463047, 1.5171011686325073, -0.00245520006865263]]",4d040ffb958eced0962bc827ae7bef496ac6a29975111b25f391c84adcf163d1,pass,
male,FJ2798,Right oblique arytenoid,muscular,1668,1966,"[[-0.0069692498072981834, 1.4817211627960205, -0.0063819000497460365], [0.005970759782940149, 1.488341212272644, -0.0032333999406546354]]",61d8932686a5358dd522d95fd846b9787489b20dbba8f48b528e171c4edc59ca,pass,
male,FJ2799,Oblique part of right cricothyroid,muscular,1714,2460,"[[-0.013166399672627449, 1.466401219367981, -0.006490199826657772], [-0.00484406016767025, 1.4795111417770386, 0.009689000435173512]]",19e4cff2e66274574f790a97914fea1bf7270c1e34296b34e6d430d8bbbacd72,pass,
male,FJ2800,Right posterior crico-arytenoid,muscular,1160,2094,"[[-0.011375200003385544, 1.4686611890792847, -0.0073401001282036304], [-0.0022849200759083033, 1.483031153678894, -0.0016084000235423446]]",6ce178480dfec2b0e38ad7f3033aba1c6e02b0493c6877ed686ae47542e43d45,pass,
male,FJ2801,Straight part of right cricothyroid,muscular,977,1160,"[[-0.01201970037072897, 1.4663811922073364, 0.004662000108510256], [-0.0022863000631332397, 1.4766712188720703, 0.011486000381410122]]",7ea1d7dbccc77a0a44fb347a04da52f4e427b172b3fd55a4b7b7204a69902158,pass,
male,FJ2802,Right thyro-arytenoid,muscular,1362,1970,"[[-0.008365309797227383, 1.4804612398147583, -0.004157499875873327], [-0.0023984399158507586, 1.4896012544631958, 0.01670599915087223]]",2914ce594e4763ad3c0480d69f55e5cd22f57f63dfd54af08759eead1212dc51,pass,
male,FJ2803,Right thyro-arytenoid,muscular,2384,2870,"[[-0.008759019896388054, 1.4837411642074585, -0.0013416999718174338], [-0.0002617579884827137, 1.5080811977386475, 0.01751900091767311]]",9edd0a7ca95420da3270d9c7c672798910d4aa3496d65b925dacee6e6dfe90fd,pass,
male,FJ2804,Right thyrohyoid membrane,connective,988,1496,"[[-0.01955460011959076, 1.4940311908721924, -0.006485200021415949], [-0.005292269866913557, 1.5162512063980103, 0.021964000537991524]]",dcf8f45fa4cba61fa9899c62ea936b8ac450bb946726af7fce89f791e3aa9837,pass,
male,FJ2805,Right vocal ligament,connective,717,600,"[[-0.0035955801140516996, 1.48189115524292, 0.0017839999636635184], [-0.0014276299625635147, 1.4828811883926392, 0.015111000277101994]]",2d85bc164f41ca2fc8f2a614e88ed8e1d9e2d5dfe2b7a8240dcfe95865c0e4f2,pass,
male,FJ2806,Right vocalis,muscular,169,252,"[[-0.004087029956281185, 1.4818111658096313, 0.0008800000068731606], [-0.0025070100091397762, 1.4832412004470825, 0.014971000142395496]]",ba43a2bea8e93b2c80e20067d1b4210d9fb7d2882f4676fae43b98dd3b997326,pass,
male,FJ2807,Thyro-epiglottic ligament,connective,989,878,"[[-0.0023052298929542303, 1.4827911853790283, 0.014020999893546104], [0.0008680640021339059, 1.4893012046813965, 0.01787699945271015]]",a95b92de5178b14f5ed79155458be8181b508fe46cf237be43f242c8408bc5a2,pass,
male,FJ2808,Thyroid cartilage,skeletal,1081,2058,"[[-0.019980300217866898, 1.469521164894104, -0.008493900299072266], [0.01868250034749508, 1.5090411901474, 0.022445999085903168]]",713e3b35acfd8777868c47adbc31de998d5ff3ad22074357c00d32a4069195a7,pass,
male,FJ2809,Transverse arytenoid,muscular,2642,2914,"[[-0.008016170002520084, 1.4815212488174438, -0.0052998000755906105], [0.006694419775158167, 1.4877612590789795, -0.002224900061264634]]",597fa336035ce1544a283f4ee9ef16e84388bf6d1c3b373374f466587ad279d4,pass,
male,FJ2810,Skin,integumentary,22902,44744,"[[-0.3340040147304535, 1.3877787807814457e-17, -0.1452392041683197], [0.332753986120224, 1.7194311618804932, 0.1467829942703247]]",9228da5984b62d388f6f93d6285f64f10dbdf7d16cb70f2e206032e2dc7ccf89,pass,
male,FJ2811,External ear,sensory,894,1350,"[[-0.08444429934024811, 1.5578712224960327, -0.03333809971809387], [0.08309850096702576, 1.614821195602417, 0.0038250000216066837]]",38c7eebbbf2b59f62e9bd62d5e5d3c2201cd5b09317fc96ddf90bd9c8ab894da,pass,
male,FJ2812,Eyebrow,integumentary,13875,6174,"[[-0.05680219829082489, 1.6125311851501465, 0.054924000054597855], [0.05555209890007973, 1.6239311695098877, 0.08349300175905228]]",0fcd9cd00e138d2071cb54ad87b3be3dfcfb021c282a65000fdf5c3593914ae6,pass,
male,FJ2813,Hair of head,integumentary,5751,5592,"[[-0.08307799696922302, 1.5243412256240845, -0.1302323043346405], [0.08126279711723328, 1.7296911478042603, 0.07137200236320496]]",968beda687c150fe17b5ec5915cecd564780fa8fdd5e72013ce8e4fbae3add1a,pass,
male,FJ2814,Lip,integumentary,2013,1134,"[[-0.02601410076022148, 1.5267212390899658, 0.07458300143480301], [0.024721799418330193, 1.5432711839675903, 0.09235399961471558]]",ae4617a709fbdbc66f927ff191491184168a00a3c94819d6676778ea148e9ee8,pass,
male,FJ2815,Pubic hair,integumentary,5308,2718,"[[-0.0618089996278286, 0.8433722257614136, 0.04984800145030022], [0.05995729938149452, 0.9070112109184265, 0.08720699697732925]]",edb8ffe85996204e0631766c58a83bffb8e1177dda00ca4c4287801a278a0d5d,pass,
male,FJ2816,Caudate lobe of liver,digestive,600,1176,"[[-0.03382699936628342, 1.1719611883163452, 0.004528000019490719], [0.011257600039243698, 1.2466611862182617, 0.040355999022722244]]",acc2ec8bc7c229c8ec5ba297e6031713815be7b517187b51c859d1f1b9d0a825,pass,
male,FJ2817,Gallbladder,digestive,649,1292,"[[-0.06328170001506805, 1.129181146621704, 0.0301510002464056], [-0.02684039995074272, 1.1695711612701416, 0.0785600021481514]]",ae1d3afa7954e6a0d96a67c8edc6aaae4543e0807011295ab8ea2639035b3a30,pass,
male,FJ2818,Hepatovenous segment II,venous,1757,3150,"[[0.0025250299368053675, 1.1977312564849854, -0.008442699909210205], [0.09436679631471634, 1.2512011528015137, 0.10003899782896042]]",5a398e0bd340a867c033a4d3df70a2ea6b386a26355bbd70be54142368e67a5e,pass,
male,FJ2819,Hepatovenous segment III,venous,1312,2270,"[[-0.0015463399467989802, 1.1646811962127686, 0.019538000226020813], [0.07344760000705719, 1.2312911748886108, 0.10234799981117249]]",311b41ddc83507adf67f534a689d80d4efa07eccda148b35c7dd326c0f5ceaa2,pass,
male,FJ2820,Hepatovenous segment IV,venous,3872,3946,"[[-0.04628700017929077, 1.1389211416244507, 0.020800000056624413], [0.01145359966903925, 1.2574411630630493, 0.10053200274705887]]",8f5bfb9c7fd4b7821ab5591e264e49c9005869291c78539455017651e9e3ef58,pass,
male,FJ2821,Hepatovenous segment V,venous,1809,2516,"[[-0.10458400100469589, 1.1245311498641968, 0.00788899976760149], [-0.02630539983510971, 1.1941012144088745, 0.09869000315666199]]",ad57f784c723aea70afb56f1617622c9de19591b50a2fe19e878cf8f2a00238d,pass,
male,FJ2822,Hepatovenous segment VI,venous,2263,4278,"[[-0.11457499861717224, 1.1060712337493896, -0.055480800569057465], [-0.021419299766421318, 1.1885912418365479, 0.06493300199508667]]",e9de672bb0bf4fc3f9e1f5158c92d4b5072c3e43a48a9b445329eaa17ddf9a14,pass,
male,FJ2823,Hepatovenous segment VIII,venous,2454,4214,"[[-0.11504100263118744, 1.168261170387268, -0.056655000895261765], [-0.020191999152302742, 1.2529511451721191, 0.05181200057268143]]",f8457d8bef388d217d69640ad7f0cc0488426771b4b673bb305179dc334fd385,pass,
male,FJ2824,Hepatovenous segment VIII,venous,2793,4750,"[[-0.10932900011539459, 1.186291217803955, -0.029105499386787415], [-0.017518600448966026, 1.2612411975860596, 0.09872999787330627]]",a993cf65d68ae5dbc7128669fbe82efff41001fcb2782e30ca75bc91ef367bc8,pass,
male,FJ2881,Left posterior basal segmental artery,arterial,194,384,"[[0.06327340006828308, 1.2096911668777466, -0.07230529934167862], [0.08292809873819351, 1.325741171836853, -0.030685899779200554]]",57e6ee4c162dac1f4e4d002f9c93bdf505336563f9a7a3d8f7022ee15526f0f8,pass,
male,FJ2882,Left lateral basal segmental artery,arterial,64,58,"[[0.10364499688148499, 1.2230511903762817, -0.05416160076856613], [0.10781600326299667, 1.2388012409210205, -0.03970570117235184]]",239d46f5fccd55f5b062778151f608b5ab3a1bcccb5ded2f65dcc1d4fe09ac05,pass,
male,FJ2883,Left anterior basal segmental artery,arterial,312,528,"[[0.05638739839196205, 1.2237812280654907, -0.03932420164346695], [0.1250620037317276, 1.3369512557983398, 0.027701999992132187]]",82bf24cd336b77cc6cbd899767484f4845a05c083f5407777a5c1afb88b83d22,pass,
male,FJ2884,Left medial basal segmental artery,arterial,208,330,"[[0.07164879888296127, 1.2417712211608887, -0.037494998425245285], [0.1148890033364296, 1.3141112327575684, 0.04212399944663048]]",1a8fc71fa94e54661b0be2f49ad68ea269e97e886cf6cea27e87e764c0c9ca17,pass,
male,FJ2885,Left medial basal segmental artery,arterial,197,320,"[[0.08185020089149475, 1.2786412239074707, -0.028391800820827484], [0.11902900040149689, 1.3018012046813965, 0.001322000054642558]]",25ece9694346adcdb2d06cb64cc41cccb7f3df8e0c255616bde79b8f400b70ee,pass,
male,FJ2886,Left anterior basal segmental artery,arterial,94,122,"[[0.1093830019235611, 1.2155312299728394, -0.005783800035715103], [0.12543199956417084, 1.2525712251663208, -0.00039160001324489713]]",a88dd08badb75383004d3a1edefd61806d8489503c23b233d790837e8a3415d4,pass,
male,FJ2887,Left anterior basal segmental artery,arterial,87,102,"[[0.11032799631357193, 1.2426111698150635, -0.004697199910879135], [0.12321300059556961, 1.253141164779663, 0.013965999707579613]]",ec601ee5162f4ef73721a4ef993174865ad21ff6947076bb2377f39eeb8508f1,pass,
male,FJ2888,Left superior segmental artery,arterial,310,552,"[[0.037317998707294464, 1.3351712226867676, -0.060330700129270554], [0.05749959871172905, 1.371381163597107, -0.030929600819945335]]",95fcfbfbf4822ce0087d4424beda55c01bbd8c8b0cc6b50fddf3064219608b83,pass,
male,FJ2889,Left superior segmental artery,arterial,85,94,"[[0.04653109982609749, 1.3579212427139282, -0.05980519950389862], [0.05434099957346916, 1.3689912557601929, -0.05721540004014969]]",323bcd16dd69ff184f994bac1fb69ccaf1c6d66e4d9e00dcbe8908877e37d7c7,pass,
male,FJ2890,Left superior segmental artery,arterial,89,110,"[[0.050554901361465454, 1.3464411497116089, -0.05694679915904999], [0.07179349660873413, 1.3610912561416626, -0.05341289937496185]]",76df5425a8ab522a354e82e6c0a43250cf0bbf55b3a1a7b502f7693b6c753e79,pass,
male,FJ2891,Left superior segmental artery,arterial,193,356,"[[0.041065800935029984, 1.3042511940002441, -0.04646240174770355], [0.05508989840745926, 1.3449212312698364, -0.03274590149521828]]",e8881a1031e38c9261cd0265fc4f5f45bc7dabc6686f244b51e59c2fde7f3fc2,pass,
male,FJ2892,Left posterior basal segmental artery,arterial,110,140,"[[0.0733724981546402, 1.215861201286316, -0.07135959714651108], [0.08350729942321777, 1.2341111898422241, -0.06229240074753761]]",6962d60aaa10592697faaebba09b0b7aa46670cedc9f265f40ef36b00df05567,pass,
male,FJ2893,Left superior segmental artery,arterial,85,122,"[[0.04255880042910576, 1.307281255722046, -0.05037280172109604], [0.049700699746608734, 1.3236511945724487, -0.04202660173177719]]",3d166fc13838b571e0e4b8f421c5ffde57ee36834c3844f037b6e1180593b143,pass,
male,FJ2894,Left superior segmental artery,arterial,222,380,"[[0.05149409919977188, 1.3289111852645874, -0.06515739858150482], [0.08103740215301514, 1.3452812433242798, -0.03518820181488991]]",0e9dfc25274f74d8ecd2d7d865896189ff56b34d5ec02dc522f8a18897a7f35b,pass,
male,FJ2895,Left superior segmental artery,arterial,93,130,"[[0.06977219879627228, 1.321161150932312, -0.05988699942827225], [0.0928914025425911, 1.334861159324646, -0.04692170023918152]]",1524db4432536e0dbfa931b61d048bfd6a3158c7fe6a0635ca33a482dae38de6,pass,
male,FJ2896,Inferior lingular artery,arterial,267,464,"[[0.05016300082206726, 1.25766122341156, -0.036035701632499695], [0.09674300253391266, 1.3466012477874756, 0.07113800197839737]]",ef7004fb262670fc7ee1f0d506225394de3b630effde8b6ebb53f4208c5526d9,pass,
male,FJ2897,Inferior lingular artery,arterial,231,348,"[[0.08909069746732712, 1.2712411880493164, 0.014605999924242496], [0.10476099699735641, 1.303301215171814, 0.05324200168251991]]",58508e447a0b1d56546e571a91e398be89e227e7455ee7fe83a53c8834a40f2f,pass,
male,FJ2898,Superior lingular artery,arterial,276,460,"[[0.04801259934902191, 1.3044111728668213, -0.03706759959459305], [0.10701499879360199, 1.3489011526107788, 0.0298250000923872]]",b0014e6eb9c6eb1feb1f0b083daf68d1067e21728f51fe02192e7ef71904e139,pass,
male,FJ2899,Superior lingular artery,arterial,85,84,"[[0.10108400136232376, 1.310151219367981, 0.010092999786138535], [0.11110500246286392, 1.3190011978149414, 0.015259999781847]]",cb8bcd91c934e535846d855adae06e429a53f7cd0566806b28c78eee78db0d41,pass,
male,FJ2900,Superior lingular artery,arterial,132,208,"[[0.08357690274715424, 1.3304011821746826, -0.020861400291323662], [0.1074799969792366, 1.3371212482452393, -0.0027485000900924206]]",7e5c5dcc0e97d19d0f5e0fe9a0a4ace35d4d6745dbc0e66a511cec8680fb54c8,pass,
male,FJ2901,Superior lingular artery,arterial,105,200,"[[0.09728950262069702, 1.3257712125778198, -0.021257100626826286], [0.10743500292301178, 1.3329311609268188, -0.011444799602031708]]",8dccf40aa79382efe87d2ab16ca9885a3a42c9c0f3b9958b39ce151cd6f8b723,pass,
male,FJ2902,Left anterior segmental artery,arterial,310,526,"[[0.04746419936418533, 1.3441911935806274, -0.03388430178165436], [0.08713550120592117, 1.3652012348175049, 0.01832200028002262]]",a2e3a1c3acfd977d2fc6dc62f159fab4d8aab2403f5d18c2b233236691d1e0a1,pass,
male,FJ2903,Left posterior basal segmental artery,arterial,213,360,"[[0.03942219913005829, 1.2255911827087402, -0.06755799800157547], [0.08255329728126526, 1.2822011709213257, -0.04441709816455841]]",908d3274b7c690c5444f55da73a2bf5553f758e4687a89307e892e137cffadc1,pass,
male,FJ2904,Left anterior segmental artery,arterial,127,210,"[[0.07923880219459534, 1.342751145362854, 0.010219000279903412], [0.09345930069684982, 1.3581712245941162, 0.022783000022172928]]",787d5aeb09d3d56dd0b555300abe5e595a4d172418848945d89dd834b5630742,pass,
male,FJ2905,Left anterior segmental artery,arterial,146,278,"[[0.07907400280237198, 1.3584911823272705, 0.012893999926745892], [0.08296430110931396, 1.3618911504745483, 0.026660999283194542]]",1337b2154fde1e043c078c11c85703a88a8dc3201f114dbdc4bcb23bf57955e0,pass,
male,FJ2906,Left anterior segmental artery,arterial,217,382,"[[0.04222720116376877, 1.324831247329712, -0.021749399602413177], [0.061634499579668045, 1.358761191368103, 0.060694001615047455]]",ca9b431a725e061122e527d218a992c3103e0a5505cc2fd6d5da559dc1826ec6,pass,
male,FJ2907,Left anterior segmental artery,arterial,131,150,"[[0.04291599988937378, 1.342881202697754, 0.029053999111056328], [0.055257901549339294, 1.3548612594604492, 0.0415010005235672]]",3e5fcffc825207affde01a0c368b5c56ea4b1db0b9e92697dd62ee11c5dfa37d,pass,
male,FJ2908,Left anterior segmental artery,arterial,307,544,"[[0.031019899994134903, 1.3516712188720703, -0.02256920002400875], [0.06228730082511902, 1.3688712120056152, 0.03068999946117401]]",25f9bc004e6c83bb17e8c0aae1140a28fc61cbdb2ace829c4642d2e1ec9f77a4,pass,
male,FJ2909,Left anterior segmental artery,arterial,101,120,"[[0.049793899059295654, 1.357911229133606, 0.01859300024807453], [0.05537959933280945, 1.3683412075042725, 0.03297799825668335]]",59a4347e9f4f0c90ba489f2d992a3ccb68dca29bba2a994d86adfc4837a11b31,pass,
male,FJ2910,Left anterior segmental artery,arterial,133,190,"[[0.055726099759340286, 1.3539412021636963, 0.009200000204145908], [0.07020220160484314, 1.3635412454605103, 0.036242999136447906]]",f7d858ec37f8ec0420553e7883d7311fdffdd9df3d9f0085f55374ece1f9fbdd,pass,
male,FJ2911,Left posterior segmental artery,arterial,173,298,"[[0.037590399384498596, 1.3510812520980835, -0.045361101627349854], [0.07345929741859436, 1.3976311683654785, -0.014155800454318523]]",cd53a2a57e17dcd6f6a18e3f4a9807d0e7f01ac781b51ab89243759ed0ef42da,pass,
male,FJ2912,Left posterior segmental artery,arterial,117,148,"[[0.0686194971203804, 1.3798412084579468, -0.04525100067257881], [0.08067770302295685, 1.3870712518692017, -0.02355330064892769]]",1ee9c750e7cefa15a4ed6483080d85c585565f8532006c921848473cd12923b1,pass,
male,FJ2913,Left posterior segmental artery,arterial,122,192,"[[0.06384459882974625, 1.3697211742401123, -0.03830850124359131], [0.08090069890022278, 1.3759812116622925, -0.017497099936008453]]",7d57eb6ff8aab5370f1eb1f623dde97394df586b5b8d5676f07e46f0a70754ea,pass,
male,FJ2914,Left posterior basal segmental artery,arterial,78,90,"[[0.047804299741983414, 1.223501205444336, -0.06979119777679443], [0.0578216016292572, 1.2378312349319458, -0.06295689940452576]]",7b5f605633365c783248eacd5ec635e2de216e89700666041cea180fce37f603,pass,
male,FJ2915,Left apical segmental artery,arterial,189,356,"[[0.0270237997174263, 1.3535912036895752, -0.021901600062847137], [0.05322039872407913, 1.4266011714935303, -0.0017713999841362238]]",c8e75342f2e967ff1b444aa302c3d8728ada88259ec200b3b0a663362cb6a67b,pass,
male,FJ2916,Left apical segmental artery,arterial,119,170,"[[0.045530401170253754, 1.3806512355804443, -0.030870499089360237], [0.05266740173101425, 1.4210412502288818, -0.010947300121188164]]",2da1f1e1bd9c330f3ed2681c75f7486043ef54fee5b31547faec9d5bd8bd9bcf,pass,
male,FJ2917,Left apical segmental artery,arterial,132,194,"[[0.01964939944446087, 1.4077211618423462, -0.011146600358188152], [0.043591901659965515, 1.4226912260055542, -0.007432099897414446]]",2e4cb19fb9866143587439ab100341a9deb21f4cc5e0bd5d3f56bc7d163d4833,pass,
male,FJ2918,Left apical segmental artery,arterial,122,186,"[[0.04755479842424393, 1.3918812274932861, -0.021421199664473534], [0.05677499994635582, 1.4083411693572998, -0.013245499692857265]]",ae7604485cdcea0c82ccac113c0bded8f76e375efda422bae2335fb2392bca0d,pass,
male,FJ2919,Left posterior basal segmental artery,arterial,238,400,"[[0.06256259977817535, 1.2663911581039429, -0.07792399823665619], [0.07745619863271713, 1.304941177368164, -0.03701910004019737]]",1d4d27b2b39977ed42681af95453cb11f6ef2c53cf78bf8ae2e0541d242cef89,pass,
male,FJ2920,Left posterior basal segmental artery,arterial,140,216,"[[0.05573190003633499, 1.2382911443710327, -0.0713329017162323], [0.06797129660844803, 1.2792911529541016, -0.05431260168552399]]",c757f4cfd3ba19bf6eb29ce4a6160802658d898bf2966fb07bc0174b83543e80,pass,
male,FJ2921,Left lateral basal segmental artery,arterial,191,376,"[[0.06303390115499496, 1.2144712209701538, -0.04288430139422417], [0.12385000288486481, 1.3233011960983276, -0.00993490032851696]]",e5dbf1f39c8faca41bfdcccde586deaf988f64b2910e744251605f3f2e14b3da,pass,
male,FJ2922,Left lateral basal segmental artery,arterial,141,206,"[[0.09094160050153732, 1.204821228981018, -0.04708009958267212], [0.11020799726247787, 1.2737212181091309, -0.037071600556373596]]",b943856aa7f194cedff8a6bb323cbf3f933d22a49c71f95d34a1f29e29f3c9ff,pass,
male,FJ2923,Left lateral basal segmental artery,arterial,143,220,"[[0.11190100014209747, 1.201221227645874, -0.030927099287509918], [0.11777400225400925, 1.2364912033081055, -0.021990999579429626]]",425c50b2da6e4ad37318af48ce7d0437a0a180c5daa707a2e6fa0c42e168f5a6,pass,
male,FJ2924,Left pulmonary artery,arterial,601,1198,"[[0.014764400199055672, 1.304401159286499, -0.04191169887781143], [0.07904859632253647, 1.3721412420272827, 0.03655499964952469]]",20b6b3ac351f3df594b790f42d2704272e7510ee588616b4a93cb60a2e6cafa2,pass,
male,FJ2925,Left superior pulmonary vein,venous,209,414,"[[0.03474939987063408, 1.3295612335205078, -0.01787620037794113], [0.055167801678180695, 1.3513312339782715, -0.000391999987186864]]",2db4e684c1d5b16fc306795ff317797e40c2ccdfdfc9601a5591d2456dc0b27a,pass,
male,FJ2926,Left posterior segmental vein,venous,131,224,"[[0.04412129893898964, 1.3722811937332153, -0.015642700716853142], [0.08205950260162354, 1.3784312009811401, -0.0008307999814860523]]",c6e791d6f1d0d50fbe25680c26f4de45fb69fbbfb59a94aa1443384c61133953,pass,
male,FJ2927,Left posterior segmental vein,venous,170,316,"[[0.043172501027584076, 1.3620011806488037, -0.03667420148849487], [0.050758201628923416, 1.3969712257385254, -0.000699999975040555]]",ada13b1bbc8c6e3e0a517432921441ef8bf8b583716518a94f3cbcfbc5dc9a84,pass,
male,FJ2928,Left posterior segmental vein,venous,196,304,"[[0.04332609847187996, 1.3776111602783203, -0.03921879827976227], [0.08191470056772232, 1.3857312202453613, 0.00011800000356743112]]",5b503133c1cd75a767bf791c01da9287065b71f31ede5ac2393a3a6693bdfa16,pass,
male,FJ2929,Left posterior segmental vein,venous,97,148,"[[0.07683449983596802, 1.3837611675262451, -0.02969300001859665], [0.08880189806222916, 1.3883111476898193, -0.018420500680804253]]",1593b83eafb6047de022ffef4c17dbbc856f1a2af23ed18105ec9a51796d3109,pass,
male,FJ2930,Left anterior segmental vein,venous,193,378,"[[0.04075250029563904, 1.329281210899353, -0.016784800216555595], [0.09339459985494614, 1.3437612056732178, 0.027540000155568123]]",5f9045ac1c5c2648b6577910680d9dcc44342c22df9fd5a69aa9b7748adcaf61,pass,
male,FJ2931,Left anterior segmental vein,venous,140,224,"[[0.06394290179014206, 1.3304011821746826, -0.005417299922555685], [0.09443090111017227, 1.3394211530685425, 0.03465599939227104]]",639be764a2ed3452717fc52205c6ed156f394b61843250a09a0a17f0b4d70658,pass,
male,FJ2932,Left anterior segmental vein,venous,87,126,"[[0.0782093033194542, 1.3286012411117554, 0.01164500042796135], [0.08582159876823425, 1.3328311443328857, 0.02926800027489662]]",f7231846c414accd5ec200fa421e10c4a2d1f08671e0e41e17499a175c9fd479,pass,
male,FJ2933,Left superior pulmonary vein,venous,227,448,"[[0.033699799329042435, 1.297051191329956, -0.018452199175953865], [0.08181609958410263, 1.3362011909484863, 0.010847999714314938]]",dd072fd55b16e6e26523710bd515169bf329e4bcaf107b92a8feb68b2bcfdd5e,pass,
male,FJ2934,Inferior lingular vein,venous,147,252,"[[0.07678669691085815, 1.2549911737442017, 0.005582999903708696], [0.09068910032510757, 1.3028311729431152, 0.05789399892091751]]",3ce1ee5285dda98089f82cb56ee0c583370d2236442d8031a8aea3cec485f6ba,pass,
male,FJ2935,Inferior lingular vein,venous,114,134,"[[0.08727040141820908, 1.2526211738586426, 0.02228499948978424], [0.09514950215816498, 1.2797311544418335, 0.05796299874782562]]",71f2dbc0f9669b9d0243726302fe358d299a9612378db372f099ae67f0480c3b,pass,
male,FJ2936,Left apical segmental vein,venous,106,204,"[[0.027967000380158424, 1.344151258468628, -0.011949700303375721], [0.05474749952554703, 1.4340511560440063, 8.299999899463728e-05]]",784abe3591774772931b6fdbd13f6823f6a6a3072c516e8ec8d3e22ddda717ed,pass,
male,FJ2937,Superior lingular vein,venous,168,316,"[[0.04395110160112381, 1.302071213722229, -0.013712099753320217], [0.09408730268478394, 1.33328115940094, 0.04709700122475624]]",6bf4edddc1d17e3aff0556a2f75c2f2a4dbaa2bd952948ee8f710ffe7ed75de8,pass,
male,FJ2938,Superior lingular vein,venous,119,170,"[[0.06473500281572342, 1.3003212213516235, 0.009208000265061855], [0.07685810327529907, 1.3210711479187012, 0.04975099861621857]]",e5521198a324d4587fe222a83d9e3b8448f0e18b49917ff12e409ba3f2c44ba3,pass,
male,FJ2939,Left posterior segmental vein,venous,261,462,"[[0.03702399879693985, 1.307151198387146, -0.0700002983212471], [0.08029130101203918, 1.3292912244796753, -0.020894499495625496]]",0f0dadab4b8c2451f071e82c8bf0879d5b182b4a8e76e00ddf0470e38f9e641b,pass,
male,FJ2940,Left posterior segmental vein,venous,90,112,"[[0.07172419875860214, 1.3193812370300293, -0.06208350136876106], [0.07504619657993317, 1.3324311971664429, -0.05804239958524704]]",08cdfcae23d84a439359496ee16c35d29a088452f37c361a37bd724ab56bf48f,pass,
male,FJ2941,Left posterior segmental vein,venous,106,190,"[[0.060002099722623825, 1.311631202697754, -0.0744841992855072], [0.072775699198246, 1.315081238746643, -0.059315599501132965]]",5f71ae5e7e20a47df35ff6b099afb62fb4beec9fb339e50ca6521469edf567d8,pass,
male,FJ2942,Left posterior segmental vein,venous,105,168,"[[0.06393949687480927, 1.308251142501831, -0.07307100296020508], [0.06698980182409286, 1.315081238746643, -0.06508280336856842]]",b4b87ada4799d8bf74ca12ae7ba325b5e1970332de184c109b19dd8ea45e6b4d,pass,
male,FJ2943,Left posterior segmental vein,venous,108,174,"[[0.0658579021692276, 1.306671142578125, -0.07463070005178452], [0.0835781991481781, 1.315641164779663, -0.05174820125102997]]",c740cdca57dbc7435642cb0fff4549e6b0d1f01fc7516bff06cf0fd3d9aa5cbb,pass,
male,FJ2944,Left inferior pulmonary vein,venous,157,310,"[[0.04263310134410858, 1.279651165008545, -0.0464818999171257], [0.05601910129189491, 1.3076212406158447, -0.02198220044374466]]",ff933c8f54946016ed45400d18383c988fbb45e2cad7d5f5b8cdc1cffbfbd08d,pass,
male,FJ2945,Left posterior basal segmental vein,venous,169,298,"[[0.052180301398038864, 1.2231411933898926, -0.051687199622392654], [0.05968660116195679, 1.2836312055587769, -0.042540401220321655]]",2515ab522f8d03db86587bf71072d8364e49282e367fff199139f9ead05e6309,pass,
male,FJ2946,Left posterior basal segmental vein,venous,114,194,"[[0.05471070110797882, 1.2214511632919312, -0.05930830165743828], [0.058616600930690765, 1.2421412467956543, -0.04640670120716095]]",867c87d6d63bf71ad5aeaa83bd38bc4412044707fe12fb0da2f19bb0478db24a,pass,
male,FJ2947,Left apical segmental vein,venous,90,174,"[[0.02711929939687252, 1.3995412588119507, -0.0057875001803040504], [0.03942180052399635, 1.4211711883544922, -0.0016978000057861209]]",b806d43d1f8c81547c91d24bbe957453f92b07ad223ea913d4a224822f663237,pass,
male,FJ2948,Left posterior basal segmental vein,venous,82,102,"[[0.05827160179615021, 1.2191911935806274, -0.07402080297470093], [0.066560298204422, 1.23651123046875, -0.05897669866681099]]",105716adc89a973b2b9e3c281d88f883bf9613a3429c3a394322f188be9d0caa,pass,
male,FJ2949,Left posterior basal segmental vein,venous,115,182,"[[0.05635889992117882, 1.2234011888504028, -0.07651829719543457], [0.07038979977369308, 1.248651146888733, -0.047974999994039536]]",d9b74867fdd4f1817bed35613c3c1477290f34eb3ab3b2edd1c62a3b537264d5,pass,
male,FJ2950,Left inferior pulmonary vein,venous,164,324,"[[0.03763839974999428, 1.2885111570358276, -0.028158999979496002], [0.06536360085010529, 1.3079311847686768, -0.016509700566530228]]",680b7cd4e2b0dd99566c09afb4fb6b834351bb84716bd308e45ab341c4870816,pass,
male,FJ2951,Left lateral basal segmental vein,venous,143,264,"[[0.06044020131230354, 1.20513117313385, -0.04224430024623871], [0.10909199714660645, 1.292721152305603, -0.016668999567627907]]",eed6efc4dff32e874149110dabcb2a1333929ef12c6be8b9378d788acaedfad0,pass,
male,FJ2952,Left lateral basal segmental vein,venous,81,142,"[[0.10062599927186966, 1.212131142616272, -0.032468199729919434], [0.11177600175142288, 1.2366012334823608, -0.025645500048995018]]",674f04a23694c7d561ef01f29b37f438d9fc676474445d6b87c95079d8693a90,pass,
male,FJ2953,Left lateral basal segmental vein,venous,106,158,"[[0.07504069805145264, 1.2501811981201172, -0.02382970042526722], [0.11930599808692932, 1.2748311758041382, -0.016851700842380524]]",2308bffa3b641861aa74c1ec85620b3fa482513874c8d784ea61ce2444fee0fd,pass,
male,FJ2954,Left lateral basal segmental vein,venous,90,108,"[[0.09203240275382996, 1.232681155204773, -0.019833700731396675], [0.11839699745178223, 1.2640812397003174, -0.013033599592745304]]",7eae039be5090e660055e940521398b311b4a739d2d870b54064a08cbc2f747b,pass,
male,FJ2955,Left inferior pulmonary vein,venous,263,522,"[[0.03284889832139015, 1.2922312021255493, -0.02908170036971569], [0.07297419756650925, 1.3144712448120117, -0.008701800368726254]]",a7568371f91a604660409947d6b2407ead5b1b2ea02e8c4593cf486596a4814f,pass,
male,FJ2956,Left anterior basal segmental vein,venous,125,224,"[[0.0675961971282959, 1.218171238899231, -0.014088599942624569], [0.1190819963812828, 1.2980711460113525, 0.020965000614523888]]",f26113ddc0f54dea0740ed7ca36c2f740f9f789823c71a20c60a470f63dffc05,pass,
male,FJ2957,Left anterior basal segmental vein,venous,92,134,"[[0.10139500349760056, 1.2427412271499634, 0.00800199992954731], [0.11797299981117249, 1.2576812505722046, 0.03372099995613098]]",3147aa3f06745b06fc2d6e18ac94eeb45e597001de340660e368140d942b03e8,pass,
male,FJ2958,Left apical segmental vein,venous,176,294,"[[0.0421316996216774, 1.378141164779663, -0.008786999620497227], [0.059951599687337875, 1.4145112037658691, -0.0016069000121206045]]",d0f3a3ff83fc100449a882dab9245b713bf21442d37e265d9f436e3613a42f95,pass,
male,FJ2959,Left anterior basal segmental vein,venous,204,374,"[[0.06661500036716461, 1.2451112270355225, -0.014540799893438816], [0.11113200336694717, 1.2987111806869507, 0.03256300091743469]]",ac3cae394654bc9b90c5d1bf17e11a5800e72c59c48bdcca41b6c9442a1dedf9,pass,
male,FJ2960,Left anterior basal segmental vein,venous,94,150,"[[0.0785382017493248, 1.275591254234314, -0.008284400217235088], [0.10714899748563766, 1.289351224899292, 0.00885900016874075]]",fba90ff76536edf1b0b3e5af7bcee5fc76ae1bd63712c7f7d41f6217d0291f5d,pass,
male,FJ2961,Left apical segmental vein,venous,103,188,"[[0.03889089822769165, 1.3707811832427979, -0.0040962002240121365], [0.04691470041871071, 1.389721155166626, 0.02371400035917759]]",c92b74b32a338a20ebe8caa586d580efb17e702a5aa5ee5856bc1d95be5966c6,pass,
male,FJ2962,Left apical segmental vein,venous,116,198,"[[0.040717899799346924, 1.3767012357711792, 0.007354999892413616], [0.06012370064854622, 1.3815112113952637, 0.024948999285697937]]",db63a36f06e8402f52c2ae3f2e9fbf84ecdf55af69b0b918d74ca07ac818985e,pass,
male,FJ2963,Left apical segmental vein,venous,75,112,"[[0.0585206001996994, 1.3956111669540405, -0.0037646000273525715], [0.06725119799375534, 1.3987711668014526, -0.0018367000157013535]]",76bd56826604d7960ec8eb0ac591b0fbafbe4e05522451ebcc56aded8fe63313,pass,
male,FJ2964,Left apical segmental vein,venous,104,174,"[[0.05291970074176788, 1.4007911682128906, -0.004394100047647953], [0.05931289866566658, 1.409581184387207, -0.0021559998858720064]]",209d4e09201eca0d9e5b8780ac9f5cb484dcee35bf15b04cf2c1d6fadd50517e,pass,
male,FJ2965,Left posterior segmental vein,venous,100,142,"[[0.07028959691524506, 1.3727811574935913, -0.020566800609230995], [0.0773731991648674, 1.3814412355422974, -0.0074939001351594925]]",f36f7f10b6a3a158d482e48b48d49bc4f5f78010420823cd37b5601b6dfc7b2d,pass,
male,FJ2966,Pulmonary trunk,arterial,674,958,"[[0.011274700053036213, 1.334611177444458, 0.016516000032424927], [0.04207500070333481, 1.3717211484909058, 0.05886400118470192]]",e9b0e2ffe7d4d438b44f44ac7d80bd3c7a4d03d780651f2536d5c8b0ad7c4ac9,pass,
male,FJ2967,Apical part of right apical segmental artery,arterial,210,320,"[[-0.04415329918265343, 1.3596012592315674, -0.014933000318706036], [-0.021530600264668465, 1.4160212278366089, 0.0027459999546408653]]",7daefba84b8b353399f0e65fb46a5d19d990ab3237a743d2805e6d70cf43640c,pass,
male,FJ2968,Apical part of right posterior segmental artery,arterial,88,90,"[[-0.07074770331382751, 1.3849512338638306, -0.0530289001762867], [-0.06268239766359329, 1.3990812301635742, -0.047272101044654846]]",212f2f2141edd47ce7dd2ac30632a9703ad3436d5cf354ec3cf60115d59ef9a1,pass,
male,FJ2969,Apical part of right posterior segmental artery,arterial,100,120,"[[-0.064724400639534, 1.37856125831604, -0.058861199766397476], [-0.06133269891142845, 1.385971188545227, -0.049686498939991]]",70fdbe26bceca103437d90b3abef2f441470bcd75975fdac3f59ecd0a448ca06,pass,
male,FJ2970,Posterior part of right posterior segmental artery,arterial,254,438,"[[-0.0876075029373169, 1.3393511772155762, -0.05504529923200607], [-0.030165299773216248, 1.3640612363815308, -0.008321699686348438]]",f028045a2674acc64b14ad82732b8bb62a7ef565b93e6bacd76fc8276b18ac19,pass,
male,FJ2971,Posterior part of right posterior segmental artery,arterial,114,124,"[[-0.09887240082025528, 1.3578511476516724, -0.04869160056114197], [-0.0788004994392395, 1.3607611656188965, -0.03067610040307045]]",3f976d9abb21028c02c3d5bc3bbe7c5e615affdb020def767fb13011fefc7b74,pass,
male,FJ2972,Posterior part of right posterior segmental artery,arterial,145,196,"[[-0.08243139833211899, 1.358451247215271, -0.0584258995950222], [-0.0787414014339447, 1.3608912229537964, -0.047626398503780365]]",9231a6f7fe1909b7f6155ac13039c75c55adec32ef35fe72d915f0d0a5cf5ebe,pass,
male,FJ2973,Right upper lobar artery,arterial,280,400,"[[-0.04464679956436157, 1.3430912494659424, -0.014079700224101543], [0.004834650084376335, 1.3705211877822876, 0.006386000197380781]]",1a27996760c97d74fa9df5ee31ddfac56ebaca5ece2ecad18184aeb1d5ffd370,pass,
male,FJ2974,Posterior branch of right anterior segmental artery,arterial,158,288,"[[-0.09106539934873581, 1.3547712564468384, -0.00925340037792921], [-0.03942200168967247, 1.3703712224960327, 0.0009850000496953726]]",906db62326c4b4fb12377d321a7ea6b12c391d90c594161db675e40bce612082,pass,
male,FJ2975,Anterior branch of right anterior segmental artery,arterial,148,216,"[[-0.044665299355983734, 1.3405811786651611, -0.005515200085937977], [-0.027610599994659424, 1.3678611516952515, 0.0487390011548996]]",5882f53354a90e06ddc276fb9d92b8768be47fb1fd92563d79c71411e7dc0ff7,pass,
male,FJ2976,Anterior branch of right anterior segmental artery,arterial,87,96,"[[-0.03364880010485649, 1.3456811904907227, 0.03842400014400482], [-0.02090740017592907, 1.3503011465072632, 0.041005998849868774]]",545d34ebb06a6d6f69702b5d1d93fb52904aae18db49cd6b494bfb10f3dd07b2,pass,
male,FJ2977,Anterior branch of right anterior segmental artery,arterial,115,160,"[[-0.05603339895606041, 1.341811180114746, 0.02675599977374077], [-0.03727459907531738, 1.356491208076477, 0.04701299965381622]]",a2df1bfac56762877991855126f6a8f2c6b997ddc62350dc558170a00f4b20dc,pass,
male,FJ2978,Anterior part of right apical segmental artery,arterial,138,200,"[[-0.03887040168046951, 1.3692611455917358, -0.02695940062403679], [-0.02643989957869053, 1.425901174545288, -0.0077241999097168446]]",a745c18e03761bd544eac7201ba7293a24656a792e098583d9c7d925c9e2d81c,pass,
male,FJ2979,Anterior branch of right anterior segmental artery,arterial,106,124,"[[-0.04782180115580559, 1.3547312021255493, 0.024063000455498695], [-0.038217801600694656, 1.3652912378311157, 0.03887899965047836]]",f09c8b3b7a7805f66a0d1f4323fd1e5f95fd2ac042b9bfbba86df20a15ba5e62,pass,
male,FJ2980,Posterior branch of right anterior segmental artery,arterial,90,110,"[[-0.09317880123853683, 1.3607412576675415, -0.008006599731743336], [-0.07625369727611542, 1.3698111772537231, 0.0003110000106971711]]",aa941f08c2a7bbacad42ca3d84d3ff2165d365317baf7c6a9358fd9edc30d863,pass,
male,FJ2981,Posterior branch of right anterior segmental artery,arterial,208,318,"[[-0.08003219962120056, 1.3502612113952637, -0.0021921999286860228], [-0.07307489961385727, 1.3645612001419067, 0.008849999867379665]]",b0215928e649b7b9287de1eac3776bd5ac7770165f95b5232204e127dbb1483b,pass,
male,FJ2982,Anterior branch of lateral segmental artery,arterial,196,308,"[[-0.1110140010714531, 1.2752511501312256, 0.005423000082373619], [-0.04986650124192238, 1.3145211935043335, 0.03641499951481819]]",da8eeb3a150f06569ac4398ea0008b3cfd213fb519e1868e9c9c0b8caa99bff5,pass,
male,FJ2983,Posterior branch of lateral segmental artery,arterial,119,182,"[[-0.11359500139951706, 1.3005812168121338, 0.003350999904796481], [-0.059950899332761765, 1.3108512163162231, 0.01597600057721138]]",14ce7e0a00a903c95ee7607316adcf79a9722d22b05278eacce4a1d93d627e99,pass,
male,FJ2984,Posterior branch of lateral segmental artery,arterial,67,66,"[[-0.1056239977478981, 1.3062912225723267, -0.0012004999443888664], [-0.0900358036160469, 1.3157411813735962, 0.008786999620497227]]",f6dd78212ae977b9148332fba2e7dd467c78d15289ccdb1630f54372c6cb20e5,pass,
male,FJ2985,Anterior branch of lateral segmental artery,arterial,79,74,"[[-0.09514839947223663, 1.2701212167739868, 0.026722999289631844], [-0.08360689878463745, 1.2878211736679077, 0.04621800035238266]]",ca664c4072d08e935ebda3308c85a18ff2dba3f0563ec60ac361d3dd49c17fd6,pass,
male,FJ2986,Superior branch of medial segmental artery,arterial,71,64,"[[-0.061672601848840714, 1.2803312540054321, 0.0480789989233017], [-0.0538485012948513, 1.2904711961746216, 0.0717570036649704]]",b998baad9039c0f79a233c08023b39c9abf6489e09b781cb1f37c58ca6fa2677,pass,
male,FJ2987,Inferior branch of medial segmental artery,arterial,85,100,"[[-0.049298498779535294, 1.2696812152862549, 0.03445899859070778], [-0.0313744992017746, 1.295281171798706, 0.05538199841976166]]",9ab7a1187d57668d5e37abeeef263eb34960b977608560caed1cf247bc7c6e46,pass,
male,FJ2988,Inferior branch of medial segmental artery,arterial,124,170,"[[-0.055673401802778244, 1.291871190071106, 0.01928500086069107], [-0.03950969874858856, 1.3059011697769165, 0.06129499897360802]]",010a8bb3393e1b1f34894bbd8d1931662ae85bfb6aa4f1d64d572b5e1408cb9e,pass,
male,FJ2989,Anterior part of right apical segmental artery,arterial,267,430,"[[-0.03248479962348938, 1.4075212478637695, -0.0379193015396595], [-0.024591099470853806, 1.4165911674499512, -0.022178199142217636]]",629792e4a4162d844cbf456ae967ff1764c262fb2756b222656574bc19b6ae3b,pass,
male,FJ2990,Superior branch of medial segmental artery,arterial,235,448,"[[-0.07709900289773941, 1.2871812582015991, -0.019998200237751007], [-0.036603499203920364, 1.3377711772918701, 0.06303200125694275]]",4b575e411e22949d0d80f65c80f5081dde25babf865c5ae0d15b28d19712d26c,pass,
male,FJ2991,Lateral branch of right superior segmental artery,arterial,184,302,"[[-0.08349999785423279, 1.3170812129974365, -0.07905749976634979], [-0.03550000116229057, 1.3397612571716309, -0.012732399627566338]]",7a3ef7bfce1cdcc60ad827366efb6a77e3c2fef81e573cff69f90913b200e8be,pass,
male,FJ2992,Lateral branch of right superior segmental artery,arterial,140,166,"[[-0.07702240347862244, 1.3283212184906006, -0.061648398637771606], [-0.05789079889655113, 1.3403011560440063, -0.05323119834065437]]",0f4ba3f3e53d5fbc0362cf0ea158d7dd72e97bef87f468a7092e48a5f44669c6,pass,
male,FJ2993,Lateral branch of right superior segmental artery,arterial,57,52,"[[-0.08269190043210983, 1.3296011686325073, -0.059732601046562195], [-0.07106920331716537, 1.3327012062072754, -0.05598749965429306]]",0ca7c46c86bd739ab6202d17276c04ffb731facf37498fb109ed7530ccddb31e,pass,
male,FJ2994,Medial branch of right superior segmental artery,arterial,161,226,"[[-0.04505769908428192, 1.299451231956482, -0.0699952021241188], [-0.03171589970588684, 1.3388911485671997, -0.03207160159945488]]",dd35b50ee40aec6d8bd03b1ca235232555f1ad34ed4a5185132a2d097cd0cd9e,pass,
male,FJ2995,Medial branch of right superior segmental artery,arterial,260,422,"[[-0.056494198739528656, 1.3095911741256714, -0.07416480034589767], [-0.03796669840812683, 1.3206912279129028, -0.06724660098552704]]",b5fc2b6fb79fee6f16d8b65b082bc1576048622d29f781448de33a1c7a3ffe45,pass,
male,FJ2996,Medial branch of right superior segmental artery,arterial,184,266,"[[-0.04068110138177872, 1.3193211555480957, -0.06672880053520203], [-0.03271880000829697, 1.3288811445236206, -0.06408389657735825]]",49ce8e8e811b52b487bb15326194ad69f2e623c81299176f88f9a8b832162688,pass,
male,FJ2997,Superior branch of right superior segmental artery,arterial,169,278,"[[-0.060046400874853134, 1.3334811925888062, -0.06265729665756226], [-0.03881080076098442, 1.3702411651611328, -0.022168800234794617]]",e10f0be010fab2bd8d562e0aec2768906f032faee57f635254506807c45e36c0,pass,
male,FJ2998,Superior branch of right superior segmental artery,arterial,161,230,"[[-0.06315240263938904, 1.3592911958694458, -0.060524601489305496], [-0.05263340100646019, 1.3623212575912476, -0.05632409825921059]]",9d308d518c568096f57873da4c883c078a49203c8aa83489a18d33c4b2b67778,pass,
male,FJ2999,Superior branch of right superior segmental artery,arterial,303,468,"[[-0.047862399369478226, 1.3428312540054321, -0.055335599929094315], [-0.0341963991522789, 1.360531210899353, -0.05027519911527634]]",12e32ab2959941961e524931246ededf44c630db9c006c307f4c7cbb1137ed7e,pass,
male,FJ3000,Anterior part of right apical segmental artery,arterial,129,192,"[[-0.030732199549674988, 1.412541151046753, -0.030657699331641197], [-0.027611499652266502, 1.421511173248291, -0.02594440057873726]]",9ea30475a8d29b3b2d4e895ead12e079ca04b7ed697d2210a8ac7fc7f58bd94b,pass,
male,FJ3001,Lateral branch of right anterior basal segmental artery,arterial,224,382,"[[-0.10628800094127655, 1.2819311618804932, -0.041009899228811264], [-0.048541199415922165, 1.3203412294387817, -0.01783839985728264]]",f1a17274dcb98b4138008f7e9e9e68b48a0cd138fd1f2a55b73e00081f8d77f0,pass,
male,FJ3002,Basal branch of right anterior basal segmental artery,arterial,101,130,"[[-0.11430200189352036, 1.2697112560272217, -0.02492400072515011], [-0.07725770026445389, 1.2903212308883667, -0.011364299803972244]]",0176daab4061a8189d0668e5b488d79d328fca9ccfff6eb63170de6909561599,pass,
male,FJ3003,Basal branch of right anterior basal segmental artery,arterial,199,254,"[[-0.10892800241708755, 1.2640012502670288, -0.01742980070412159], [-0.10398200154304504, 1.2752811908721924, -0.0054477001540362835]]",b77ccb1b165bec1dabd7ded0034571b39126686a724dcfdc4e911b092d3a7b55,pass,
male,FJ3004,Lateral branch of right lateral basal segmental artery,arterial,111,190,"[[-0.10441900044679642, 1.223751187324524, -0.0540333017706871], [-0.0984295979142189, 1.2382512092590332, -0.04640340059995651]]",6fb13e382997693838539dbf816adf33558e6390298e8dd829996e2ae7318219,pass,
male,FJ3005,Lateral branch of right lateral basal segmental artery,arterial,172,294,"[[-0.10989099740982056, 1.2238411903381348, -0.04996410012245178], [-0.05007439851760864, 1.2916611433029175, -0.03788340091705322]]",7cb730a2aa4f67025cf3379010569c821a05845d0f4061369d9495b15a2cc55e,pass,
male,FJ3006,Lateral branch of right lateral basal segmental artery,arterial,182,360,"[[-0.1006539985537529, 1.2579611539840698, -0.05050700157880783], [-0.0685420036315918, 1.2696112394332886, -0.04470739886164665]]",4dab393b6318f3297b2bbb672e742c2708eb1401c0df3a1edd6172d1a5e092c4,pass,
male,FJ3007,Lateral branch of right lateral basal segmental artery,arterial,190,254,"[[-0.09204349666833878, 1.2567912340164185, -0.04800190031528473], [-0.07996290177106857, 1.2639912366867065, -0.03933839872479439]]",0a8a5b3fd0319ddfa9a02b7d1ee15b35b6ebf6c72d9a7bb2995169708f124a81,pass,
male,FJ3008,Mediobasal branch of right posterior basal segmental artery,arterial,157,252,"[[-0.059426598250865936, 1.2161911725997925, -0.06211329996585846], [-0.0458700992166996, 1.312231183052063, -0.026009999215602875]]",51f36b7f68d87a48f53b6b5e9b7770c6a7a5e9cead969fe429c7f98d70f98e1a,pass,
male,FJ3009,Accessory subsuperior branch of right posterior basal segmental artery,arterial,110,138,"[[-0.05569170042872429, 1.2531812191009521, -0.06193369999527931], [-0.03760639950633049, 1.2865612506866455, -0.03960840031504631]]",eb0ab984168df7eec9cce8e19568c7f1173103be072b0540d3f077075cde17d0,pass,
male,FJ3010,Accessory subsuperior branch of right posterior basal segmental artery,arterial,75,68,"[[-0.04638189822435379, 1.2511111497879028, -0.06611250340938568], [-0.044397201389074326, 1.2619612216949463, -0.05275240167975426]]",00c633cb3f4aa55055f21dce0671c2135f2a3f8bdd01133ea9ebd7f6b59087f8,pass,
male,FJ3011,Anterior part of right apical segmental artery,arterial,118,152,"[[-0.03473129868507385, 1.4178612232208252, -0.025468900799751282], [-0.0304493997246027, 1.426131248474121, -0.01995749957859516]]",17bf0f0a652cb371dc95417651cb70308500c826e5709e303d0ce557c65820e2,pass,
male,FJ3012,Mediobasal branch of right posterior basal segmental artery,arterial,71,70,"[[-0.05477619916200638, 1.2166012525558472, -0.0680444985628128], [-0.04864240065217018, 1.2245612144470215, -0.058437101542949677]]",d717d0c2231770a255c53662cf394cec3c9c947200ba9e9b54496cbe30f2a938,pass,
male,FJ3013,Laterobasal branch of right posterior basal segmental artery,arterial,246,408,"[[-0.08041620254516602, 1.2331211566925049, -0.07825300097465515], [-0.050990600138902664, 1.255851149559021, -0.04966859892010689]]",8faf1728f6da62f7e11515a095345a767e38b9355c3f805661c0153272cc2c76,pass,
male,FJ3014,Laterobasal branch of right posterior basal segmental artery,arterial,209,336,"[[-0.07006099820137024, 1.2277811765670776, -0.07565630227327347], [-0.05824410170316696, 1.2448712587356567, -0.05940530076622963]]",06e307833865eac3fa674ef35ac826390f59717c18e9a403762f11780072ffc2,pass,
male,FJ3015,Apical part of right apical segmental artery,arterial,100,110,"[[-0.04160439968109131, 1.4054611921310425, -0.011986199766397476], [-0.03705430030822754, 1.4205012321472168, -0.005207099951803684]]",3726494e2e37b4cdfbe1e9a22d80cd550ce2c7c67e56004f0f4de0e91c6eb996,pass,
male,FJ3016,Apical part of right apical segmental artery,arterial,228,324,"[[-0.037866998463869095, 1.3957911729812622, -0.01009180024266243], [-0.0344805009663105, 1.402291178703308, 0.01619100011885166]]",bd2a0ac7f5bca9cb8c15f3eb3fe31d126f138f29fa2df58a4aad72bdf4ad5437,pass,
male,FJ3017,Apical part of right apical segmental artery,arterial,142,202,"[[-0.043143898248672485, 1.3997511863708496, 0.005200999788939953], [-0.03578539937734604, 1.4068212509155273, 0.008870000019669533]]",1324f9ee6625d44b0172deeeed577dd77c1f3e7b9557abbad3e07f0a11b23abd,pass,
male,FJ3018,Apical part of right posterior segmental artery,arterial,437,804,"[[-0.06692089885473251, 1.359701156616211, -0.05286800116300583], [-0.022176099941134453, 1.401401162147522, -0.0067229000851511955]]",f9f315fd3fcf56ea39ab14e2949e726a6291ce9375272eea6ed0f9190fe38273,pass,
male,FJ3019,Right pulmonary artery,arterial,336,668,"[[-0.05894549936056137, 1.302511215209961, -0.037035200744867325], [0.03693800047039986, 1.3721212148666382, 0.031199999153614044]]",a651e47d3b36a156ecf15c3d49547990a04f363c997461e0af46b161d50ae46b,pass,
male,FJ3020,Right superior pulmonary vein,venous,171,324,"[[-0.037140801548957825, 1.3130412101745605, -0.01166869979351759], [-0.014016400091350079, 1.339881181716919, 0.006535999942570925]]",ee3302c9c875a23529a0a35388d8514eddc1899d1ba09ada42100dac7b223f54,pass,
male,FJ3021,Inferior part of right anterior segmental vein,venous,157,252,"[[-0.044592101126909256, 1.333571195602417, 0.0036379999946802855], [-0.028319399803876877, 1.344521164894104, 0.03914500027894974]]",d6ca8e803a20aea96bc84f11b8283946f4297f4da0b883bfed6f58f412e1a6b6,pass,
male,FJ3022,Right posterior segmental vein,venous,135,218,"[[-0.05886190012097359, 1.335151195526123, -0.0412927009165287], [-0.042544398456811905, 1.3462811708450317, 0.007445999886840582]]",50539157f8f6be68d7fdf49051c1c876f4f397b479e7a4cf1f8cf93d1aab2eeb,pass,
male,FJ3023,Right posterior segmental vein,venous,108,166,"[[-0.08131170272827148, 1.3669111728668213, -0.05002199858427048], [-0.05400019884109497, 1.3743412494659424, -0.010545199736952782]]",3b4677609682cbef15cbe895ae07234e51e4df7bbb79113326d3feb35800b94e,pass,
male,FJ3024,Right posterior segmental vein,venous,77,110,"[[-0.07559649646282196, 1.3701812028884888, -0.0479653999209404], [-0.07294200360774994, 1.3762211799621582, -0.039629898965358734]]",e421ab999f1cccfe6ddb74b3d3ef42de52dd37ce3b5e8144d835515f11c42149,pass,
male,FJ3025,Right posterior segmental vein,venous,100,164,"[[-0.05623650178313255, 1.3922111988067627, -0.0257617998868227], [-0.04444029927253723, 1.4126511812210083, -0.01830179989337921]]",853bda9edf7cb80fd37b33f91c53ed6cf3071200bb50970a4c9e75afd84f544e,pass,
male,FJ3026,Right posterior segmental vein,venous,106,188,"[[-0.05697369948029518, 1.3975611925125122, -0.038637999445199966], [-0.04562060162425041, 1.410121202468872, -0.027965299785137177]]",6f6d699ecfd648ec84cf0b0c6490535a502d7c5c07f6fe45c9d19e995dcc80da,pass,
male,FJ3027,Superior part of right anterior segmental vein,venous,171,298,"[[-0.05249999836087227, 1.3409712314605713, 0.0061599998734891415], [-0.03902830183506012, 1.3670212030410767, 0.027015000581741333]]",5d12d0516a7ca062c0f2a330d8d8ff6fb3a2fbb508692039bbbf97f46acf0dec,pass,
male,FJ3028,Right anterior segmental vein,venous,107,194,"[[-0.08324039727449417, 1.339981198310852, 0.0001140000022132881], [-0.045743800699710846, 1.3485212326049805, 0.006041999906301498]]",7180ff2819158b2be8a3f0a0fff17be888ced762b032dc26b195926fba95e885,pass,
male,FJ3029,Right anterior segmental vein,venous,86,124,"[[-0.08389890193939209, 1.3433911800384521, 0.002391000045463443], [-0.07232499867677689, 1.3509211540222168, 0.004947000183165073]]",c6bfcac7f1c79d3d48e26809677fa03377a55dfbf86573b1bd83dfd30e3fcb58,pass,
male,FJ3030,Superior part of medial segmental vein,venous,228,420,"[[-0.046932999044656754, 1.2787811756134033, -0.01027739979326725], [-0.020220700651407242, 1.324011206626892, 0.06587299704551697]]",15800954ce19d848f7d4122d530c3219952614c3d2f61e073274de35979b82af,pass,
male,FJ3031,Trunk of right apical segmental vein,venous,139,264,"[[-0.037707600742578506, 1.3326011896133423, -0.0006573999999091029], [-0.02413319982588291, 1.3741412162780762, 0.010784000158309937]]",654db06c0d7674aeca59ceb9223b61ac5d51fef058aaf202119265cc2c561131,pass,
male,FJ3032,Inferior part of medial segmental vein,venous,239,448,"[[-0.046008601784706116, 1.2708911895751953, -0.010777899995446205], [-0.019046800211071968, 1.3246911764144897, 0.049063000828027725]]",f1fec27cdb9ca9617563773e5720717719588ad4b9abf15012598ae6a2e93599,pass,
male,FJ3033,Inferior part of medial segmental vein,venous,71,100,"[[-0.05629409849643707, 1.2704311609268188, 0.020747000351548195], [-0.04243909940123558, 1.286641240119934, 0.05063600093126297]]",1121e24c1f6bc66e00d73d9132fe8e998cd91bdf419fb67aad471147a0af53ce,pass,
male,FJ3034,Anterior part of lateral segmental vein,venous,193,382,"[[-0.07394800335168839, 1.290041208267212, -0.010800199583172798], [-0.01901019923388958, 1.320911169052124, 0.014158000238239765]]",1226d5af32410821e2da4440ed1ad842a78ec3d4a6d240b398db4e07e90280e2,pass,
male,FJ3035,Anterior part of lateral segmental vein,venous,106,204,"[[-0.10751199722290039, 1.289121150970459, 0.009909000247716904], [-0.06829089671373367, 1.2938412427902222, 0.024754000827670097]]",bd903858e4e92aada8f249fa31514546862f9b017208d5360d09f7c5b36e2b1a,pass,
male,FJ3036,Anterior part of lateral segmental vein,venous,158,302,"[[-0.09522449970245361, 1.2912712097167969, -0.005849500186741352], [-0.06618309766054153, 1.314501166343689, 0.011931000277400017]]",f8c25fedbf6c3fbf58fe1683ea901ff74fe5218bca674f2d2c25a3c4706d75c3,pass,
male,FJ3037,Posterior part of lateral segmental vein,venous,171,334,"[[-0.08702979981899261, 1.2841511964797974, -0.0023493000771850348], [-0.04188159853219986, 1.3024811744689941, 0.05971299856901169]]",cec221e665d8a934f8cefbedf306de2e45ca8fd876563a31640f1bfeb7a9c53a,pass,
male,FJ3038,Posterior part of lateral segmental vein,venous,127,232,"[[-0.1027349978685379, 1.2836711406707764, 0.024900000542402267], [-0.06254380196332932, 1.2890311479568481, 0.04944700002670288]]",1baa8c15a737ba84ea47f99425f4b1a34a8f363b09931e073df37fdb69a80e9c,pass,
male,FJ3039,Posterior part of lateral segmental vein,venous,114,206,"[[-0.07480619847774506, 1.274921178817749, 0.023120999336242676], [-0.060799598693847656, 1.2894312143325806, 0.06904599815607071]]",9ba0ee04c55f0fc3c4244789ceda725ac1e52570579de9ebd086929faf4dfb9f,pass,
male,FJ3040,Right inferior pulmonary vein,venous,113,196,"[[-0.033806800842285156, 1.2893911600112915, -0.02395709976553917], [-0.006283020135015249, 1.3070012331008911, -0.01097949966788292]]",25e0346a6c975f3f611c0b6547615b0273f86d61a3e6576f9ac353d18eb8d7d9,pass,
male,FJ3041,Right posterior basal segmental vein,venous,155,302,"[[-0.08880119770765305, 1.2126011848449707, -0.06221679970622063], [-0.027765100821852684, 1.2951011657714844, -0.018241100013256073]]",863369e5e16543e77c359ca774b6309d3d2cb4ccb2e09a9e3caace4100c61016,pass,
male,FJ3042,Anterior part of right apical segmental vein,venous,134,188,"[[-0.035360898822546005, 1.374521255493164, 0.0032599999103695154], [-0.023787200450897217, 1.3940612077713013, 0.024779999628663063]]",69b67c1ac03a50a10366b16315d398bb5f4f964266c4576ef7ea6ca94994d42d,pass,
male,FJ3043,Right posterior basal segmental vein,venous,145,234,"[[-0.05167189985513687, 1.2191911935806274, -0.04570480063557625], [-0.032402001321315765, 1.2728211879730225, -0.03201989829540253]]",73486403a81d40773c74ca2b0664a0b6df16f46ad93a06ee87766a9ca1a57d93,pass,
male,FJ3044,Right posterior basal segmental vein,venous,95,120,"[[-0.04678900167346001, 1.2296512126922607, -0.06060139834880829], [-0.03285929933190346, 1.244591236114502, -0.0407136008143425]]",0c7426bd2ebb1c422639979107b636b4ddaa610081d78a86af1aeb151f30948a,pass,
male,FJ3045,Right posterior basal segmental vein,venous,126,204,"[[-0.06034810096025467, 1.2371811866760254, -0.06020990014076233], [-0.0575140006840229, 1.2565912008285522, -0.04254480078816414]]",d5a122f5d74e88db534747530e19ce3798e3e5c4308baf29394f03254f707af1,pass,
male,FJ3046,Right posterior basal segmental vein,venous,118,172,"[[-0.06812849640846252, 1.2386411428451538, -0.05072750151157379], [-0.05558830127120018, 1.2634812593460083, -0.038216300308704376]]",8da8fdb65866b17e86856ce4a98e6f7ef80edc7fbb67f3510f3abe291a3a5948,pass,
male,FJ3047,Right posterior basal segmental vein,venous,127,218,"[[-0.10470599681138992, 1.2222611904144287, -0.05591379851102829], [-0.07117190212011337, 1.244941234588623, -0.04890739917755127]]",a5ea32d4ba6bebe17b95d827f8c779b5cb19acea6395049ef84791dafb6db212,pass,
male,FJ3048,Right posterior basal segmental vein,venous,101,170,"[[-0.09433989971876144, 1.2186012268066406, -0.062164198607206345], [-0.08676250278949738, 1.2357412576675415, -0.053728800266981125]]",53ce37db20e84c9a31d9b2c68875d30524d20b6e9b5d221bd3c259309a3663ef,pass,
male,FJ3049,Right anterior basal segmental vein,venous,162,304,"[[-0.06750459969043732, 1.2714011669158936, -0.06333740055561066], [-0.02462190017104149, 1.2995011806488037, -0.01750659942626953]]",1a0a7d67c098c626ba3756840d6d2aeeb5c977c6773c96f1c79e8a3753d3eb4d,pass,
male,FJ3050,Right superior segmental vein,venous,179,342,"[[-0.10702600330114365, 1.2915412187576294, -0.03944230079650879], [-0.016594400629401207, 1.3065712451934814, -0.013637599535286427]]",5630d5476c90bbaf38f9d511357b20e59eabf36df24955c5ea8a1a9c9e879271,pass,
male,FJ3051,Right superior segmental vein,venous,190,308,"[[-0.07985179871320724, 1.3019112348556519, -0.05764779821038246], [-0.02786250039935112, 1.3316712379455566, -0.020357400178909302]]",53612847b7e0b883ad78697d757f0b1ec012bb0810b23f30f1ae62b72efcda71,pass,
male,FJ3052,Right superior segmental vein,venous,67,100,"[[-0.07501920312643051, 1.3228812217712402, -0.06590130180120468], [-0.07190129905939102, 1.327761173248291, -0.05561269819736481]]",f85bbad386f5c25be8733bbe21c80a57328bd9a979eee93ff99817a76f1ec688,pass,
male,FJ3053,Anterior part of right apical segmental vein,venous,103,178,"[[-0.04947260022163391, 1.3888511657714844, 0.012040999718010426], [-0.02943740040063858, 1.3936212062835693, 0.016797000542283058]]",209a0e3197cc0a69882014142487264a9395fea0d194fc54604572cf3601185d,pass,
male,FJ3054,Right medial basal segmental vein,venous,143,206,"[[-0.06440339982509613, 1.3109911680221558, -0.06899479776620865], [-0.05551090091466904, 1.3247312307357788, -0.054552800953388214]]",2accae697e4c7464ff48faef3955df4064598e03cc35c548c9af12039f79cb6d,pass,
male,FJ3055,Right medial basal segmental vein,venous,73,80,"[[-0.057550098747015, 1.3169611692428589, -0.06416899710893631], [-0.04173300042748451, 1.321791172027588, -0.06212709844112396]]",445594fd0fe375100005ebf1b3fb2d92a82cf439152072f37a48103a42b8c059,pass,
male,FJ3056,Right anterior basal segmental vein,venous,129,250,"[[-0.048389799892902374, 1.2606712579727173, -0.05846429988741875], [-0.038141101598739624, 1.2887612581253052, -0.034424200654029846]]",7e836bad1dc53fd4188b3a2f0dc0170114864315bcd9b96e055da9ab494d7fad,pass,
male,FJ3057,Right posterior basal segmental vein,venous,89,122,"[[-0.042032498866319656, 1.2544212341308594, -0.030618300661444664], [-0.03463299944996834, 1.2874212265014648, -0.025863900780677795]]",dcd75abec0c204464ce31ee4c5b14d4e8cc9ea6fe2deffe89c2d6fcf99400128,pass,
male,FJ3058,Right posterior basal segmental vein,venous,98,170,"[[-0.037309300154447556, 1.2566112279891968, -0.029292499646544456], [-0.028614699840545654, 1.2755612134933472, -0.025668000802397728]]",6e635bbeb6816e08688088e99d3ccde7ca8ab17cc7b0aecd59c93151bf790459,pass,
male,FJ3059,Right lateral basal segmental vein,venous,144,258,"[[-0.11379799991846085, 1.2408511638641357, -0.03965890035033226], [-0.02805040031671524, 1.2954312562942505, -0.017513399943709373]]",53dbfc497033c137e8af6224855834711eb5e61ae6d1bf5aad73dcf43bf4cc43,pass,
male,FJ3060,Right lateral basal segmental vein,venous,88,150,"[[-0.10233800113201141, 1.272651195526123, -0.026207299903035164], [-0.045403800904750824, 1.2849512100219727, -0.011745999567210674]]",0bcab9757d7e9067c9665ba1d0404d51182893155fbeceafe79c891766ca2127,pass,
male,FJ3061,Right lateral basal segmental vein,venous,85,152,"[[-0.11361099779605865, 1.2647912502288818, -0.02623800002038479], [-0.0968393012881279, 1.2686011791229248, -0.020795300602912903]]",d6413be0571f4f1463355b29a82403f9e17a212ebe309bdc27b5a152e1510a01,pass,
male,FJ3062,Right lateral basal segmental vein,venous,106,190,"[[-0.11360900104045868, 1.2584612369537354, -0.03247909992933273], [-0.07846610248088837, 1.2713111639022827, -0.01822659932076931]]",f663f6cbb464d65de4fae07366476e92b0429901c8b26cde903694a560fc1d61,pass,
male,FJ3063,Right superior segmental vein,venous,97,134,"[[-0.03436329960823059, 1.2887412309646606, -0.04114620015025139], [-0.02557080052793026, 1.305881142616272, -0.024108199402689934]]",8dfa49eaa3eff6d16d7406c1f72af107173ae583a320ccdcd746fccface1d904,pass,
male,FJ3064,Apical part of right apical segmental vein,venous,130,226,"[[-0.032823000103235245, 1.3700611591339111, -0.00579879991710186], [-0.02278370037674904, 1.4244811534881592, 0.007526999805122614]]",11a25eeb7d705d3299209051fe1f4bd81725a4b1fda0920ec27827a245a2f54b,pass,
male,FJ3065,Right superior segmental vein,venous,95,146,"[[-0.03974840044975281, 1.2894212007522583, -0.04503900185227394], [-0.03178739920258522, 1.3053911924362183, -0.025180300697684288]]",df04b515f9f68c6aa5f89423f50bba9dc415921aadc54b63c1b3e6f9f4e07847,pass,
male,FJ3066,Right superior segmental vein,venous,99,134,"[[-0.06486529856920242, 1.2813111543655396, -0.05092880129814148], [-0.0524263009428978, 1.3013511896133423, -0.03024359978735447]]",8049992708d368e01295093e000d2fe1135f357671967480b84233dcf19fd7ec,pass,
male,FJ3067,Apical part of right apical segmental vein,venous,107,204,"[[-0.034450799226760864, 1.3990812301635742, -0.005498699843883514], [-0.024543199688196182, 1.409521222114563, 0.0025239998940378428]]",e626b31f46975cbda9120415573d37243d0aa55b5e98180304e4204aa0cdf000,pass,
male,FJ3068,Apical part of right apical segmental vein,venous,81,102,"[[-0.026156600564718246, 1.4054611921310425, -0.0009480000007897615], [-0.02012920007109642, 1.4142111539840698, 0.0018080000299960375]]",83fec8d92105771096879cf27b03fc909c1b6e415dba9fd44b3829b43afc1bf1,pass,
male,FJ3069,Right posterior segmental vein,venous,185,356,"[[-0.05553650110960007, 1.3261711597442627, -0.010820100083947182], [-0.030460700392723083, 1.356801152229309, 0.007818000391125679]]",2913b16079745850dc3b8453675423d24eed4ad4840f564c9433f201603bf18a,pass,
male,FJ3070,Right posterior segmental vein,venous,125,216,"[[-0.057910799980163574, 1.3522611856460571, -0.037370599806308746], [-0.05063470080494881, 1.4102911949157715, -0.006078400183469057]]",ea46dd014237cdc23e24dcd8260c410fe0f5b461dac11d55e70fca626a6f18e2,pass,
male,FJ3071,Anterior superior tributary of right hepatic biliary tree,digestive,279,466,"[[-0.0795971006155014, 1.182021141052246, 0.03079799935221672], [-0.027442200109362602, 1.2294212579727173, 0.051010001450777054]]",784e99f17ab1e7d5f5bb24eadd205c0c8a89a180e5ffd4a44417f149aa32c4fd,pass,
male,FJ3072,Anterior inferior tributary of right hepatic biliary tree,digestive,739,846,"[[-0.08343420177698135, 1.160521149635315, 0.03126399964094162], [-0.04390820115804672, 1.2304612398147583, 0.07459700107574463]]",15142a38c068469b2c8f4e89692699d7643182371213c2ac88617cc20989bec8,pass,
male,FJ3073,Anterior superior segmental branch of right portal vein,venous,262,492,"[[-0.08012279868125916, 1.1827311515808105, 0.031014999374747276], [-0.014909699559211731, 1.2302112579345703, 0.04904099926352501]]",5a462b9e5166433cbbcf97eefa7022782e5c84906e0192f99b02f434430651a0,pass,
male,FJ3074,Anterior inferior segmental branch of right portal vein,venous,509,800,"[[-0.0909235030412674, 1.1608011722564697, -0.014589100144803524], [-0.03929239884018898, 1.2302511930465698, 0.07432500272989273]]",ca253032476914c260ea7a0878a18cc30a2dfd623de6436ff5b197061d42fae7,pass,
male,FJ3075,Anterior inferior segmental hepatic artery,arterial,726,814,"[[-0.08444920182228088, 1.1610212326049805, 0.032419998198747635], [-0.043818701058626175, 1.2305711507797241, 0.07496999949216843]]",2d518d513bde2b0ee7a6f87349d9f9e1f926a3a52da9a4d57d9e53d0e61d9e83,pass,
male,FJ3076,Anterior superior segmental hepatic artery,arterial,247,476,"[[-0.07980819791555405, 1.1854912042617798, 0.03158099949359894], [-0.018039699643850327, 1.2305811643600464, 0.0509600006043911]]",f06ac156344fade1d652a606672b79b0a1f73fc4ce8d4a5a39523617430e25b5,pass,
male,FJ3077,Caudate lobe branch of left hepatic artery,arterial,204,344,"[[-0.01848669908940792, 1.1904011964797974, 0.016956999897956848], [0.0019086699467152357, 1.210401177406311, 0.05379499867558479]]",344503d89a722d1f15ccb477724263f1845206c75dccde6bba74bcd2fd5448dc,pass,
male,FJ3078,Common hepatic artery,arterial,184,348,"[[-0.015322299674153328, 1.1533211469650269, 0.02689100056886673], [0.005790700204670429, 1.1635311841964722, 0.04266899824142456]]",db028c7d6fb2654eca0510dbc138c97ac634f691d4b80026a0fdf737b88aa39f,pass,
male,FJ3079,Common hepatic duct,digestive,315,626,"[[-0.043682001531124115, 1.0977212190628052, 0.007056000176817179], [-0.017862999811768532, 1.1819812059402466, 0.04450799897313118]]",f3f8b62d6aceee7ac74b90b75c112efc8305c498bac0870e34d86adce3850aad,pass,
male,FJ3080,Cystic duct,digestive,155,276,"[[-0.029680199921131134, 1.157271146774292, 0.02844100072979927], [-0.0208979994058609, 1.1694612503051758, 0.03778599947690964]]",3eea3a4ac3db719f1b9539aaffc287fb778b9c94283c8836149f5eeb7949ea1b,pass,
male,FJ3081,Hepatic artery proper,arterial,176,348,"[[-0.022417400032281876, 1.159641146659851, 0.03881499916315079], [-0.01144069992005825, 1.18985116481781, 0.051458001136779785]]",df05ae956fb59384641dd22ba250841093ab5cec41a3ed810df036f659ce84c2,pass,
male,FJ3082,Pre-hepatic portal vein,venous,396,788,"[[-0.021443400532007217, 1.1404411792755127, 0.023593999445438385], [-0.007094449829310179, 1.1892411708831787, 0.044199999421834946]]",c63f55710bb738f4650287a359fdf572ad08ba3a836e65134ee08ef8e144fbcf,pass,
male,FJ3083,Anterior inferior segmental tributary of middle hepatic vein,venous,311,616,"[[-0.0755114033818245, 1.156021237373352, 0.01895200088620186], [-0.01348700001835823, 1.2503511905670166, 0.07146299630403519]]",fbcb879fca8b32e62cbe02c404c14a97966161d96c00162ecaa5d751f6005be5,pass,
male,FJ3084,Medial inferior segmental tributary of middle hepatic vein,venous,334,664,"[[-0.03117069974541664, 1.2041212320327759, 0.034825000911951065], [-0.007356440182775259, 1.2468812465667725, 0.08670400083065033]]",fcd67ce4ce404a23af64430447e82fe6e92c0f6821cc67754471dde5c35d9bd8,pass,
male,FJ3085,Medial inferior segmental tributary of middle hepatic vein,venous,155,306,"[[-0.029402799904346466, 1.1945011615753174, 0.07252699881792068], [-0.026110300794243813, 1.2254211902618408, 0.08281499892473221]]",a2ef212d0980d13f6e9986de45fe4ed6ccffb7f391335806f8573733460392aa,pass,
male,FJ3086,Anterior inferior segmental tributary of middle hepatic vein,venous,150,288,"[[-0.06889359652996063, 1.1519112586975098, 0.06827600300312042], [-0.05588990077376366, 1.198061227798462, 0.07826100289821625]]",1e80a6a0d69c1ce341a3570070981c6449562ad080d1db0626440b6062d75f56,pass,
male,FJ3088,Lateral superior tributary of left hepatic biliary tree,digestive,251,408,"[[0.0037548900581896305, 1.204281210899353, 0.029559999704360962], [0.05766350030899048, 1.2405911684036255, 0.056804999709129333]]",030b4e3ba367f79dc154c730a48a6364f0fc45becc771904fcd7d6637bdf271e,pass,
male,FJ3089,Lateral inferior tributary of left hepatic biliary tree,digestive,364,520,"[[0.007462129928171635, 1.2018111944198608, 0.054377999156713486], [0.052149899303913116, 1.2142112255096436, 0.09088800102472305]]",250ccdbfed8f7a5c682cd4c7adfa5dfae2abe4351ff654d0d84a226ae343d957,pass,
male,FJ3090,Lateral superior tributary of left hepatic biliary tree,digestive,318,462,"[[0.025332899764180183, 1.186881184577942, 0.050276998430490494], [0.05641689896583557, 1.2342312335968018, 0.09823200106620789]]",460460deba1fd8b742a7917a8474def8116a92d0abd7d2139033d0dc3e49172b,pass,
male,FJ3091,Lateral superior segmental hepatic artery,arterial,219,370,"[[0.0021792498882859945, 1.205471158027649, 0.028558000922203064], [0.057447098195552826, 1.241651177406311, 0.05951499938964844]]",8f139c0dfe082ab6805166f2bb1814c24ad0377c22497fb28d12ea61aaf65c32,pass,
male,FJ3092,Lateral inferior segmental hepatic artery,arterial,273,442,"[[0.005373289808630943, 1.200991153717041, 0.056731998920440674], [0.051946498453617096, 1.2120511531829834, 0.09092800319194794]]",2c691dc59a46c66631791f90ea3ca42928a23f25a64c3ffab5e77e345bb82708,pass,
male,FJ3093,Lateral superior segmental hepatic artery,arterial,291,368,"[[0.025433499366044998, 1.1868112087249756, 0.05120699852705002], [0.05660659819841385, 1.234641194343567, 0.09852100163698196]]",bc59ef16cc9851c77403d10eacdd83efe1d94100f8e739cbdcd5aae8175031b4,pass,
male,FJ3094,Left duct of caudate lobe of liver,digestive,231,342,"[[-0.017638899385929108, 1.1860911846160889, 0.016920000314712524], [0.0014361799694597721, 1.2114711999893188, 0.054816000163555145]]",9c4bf3fbf8039246c2dab0f6302e8eb9bc667ed05878e856d54cbbad8f2142cb,pass,
male,FJ3095,Trunk of left hepatic artery,arterial,351,698,"[[-0.022032199427485466, 1.1853512525558472, 0.04705699905753136], [0.00521714985370636, 1.208861231803894, 0.05979600176215172]]",423a57c8a590c186361f5b6e2b72e4fc32bd7cae6eff4939063747ebf2214fd7,pass,
male,FJ3096,Left hepatic duct,digestive,372,736,"[[-0.02577259950339794, 1.1774011850357056, 0.0400409996509552], [0.0073944698087871075, 1.2081111669540405, 0.05740400031208992]]",fed08b494971910e25f310f9e40160099f1f42c5f8df4c5959f2f114d71ef19d,pass,
male,FJ3097,Lateral inferior segmental tributary of left hepatic vein,venous,347,654,"[[-0.022065799683332443, 1.2018811702728271, 0.019106000661849976], [0.013031399808824062, 1.2488611936569214, 0.06259699910879135]]",67f398d38aeed02264e8bc6b30bd6c65daadf70ba2ab5cd88ba1dbc4f6759126,pass,
male,FJ3098,Lateral superior segmental tributary of left hepatic vein,venous,289,566,"[[0.005371029954403639, 1.2123111486434937, 0.04071500152349472], [0.03372440114617348, 1.222581148147583, 0.0619099996984005]]",12549ac38dc799f144fb219baf9f289c64c766264d223ac9d72761801d84136b,pass,
male,FJ3099,Lateral inferior segmental tributary of left hepatic vein,venous,210,366,"[[0.015612199902534485, 1.1983811855316162, 0.05450800061225891], [0.030095700174570084, 1.2143912315368652, 0.07596199959516525]]",d4d9c86594a85f793b0bf5d09d36dcc35b91a9cfbb60056259bff5feb0978bd8,pass,
male,FJ3100,Lateral inferior segmental tributary of left hepatic vein,venous,192,348,"[[0.0265647005289793, 1.2026312351226807, 0.06657999753952026], [0.03859249874949455, 1.2076811790466309, 0.07792799919843674]]",3f269f31b2c8c4c3979ac398fb18ae9b8f1feb86639fc4ef98e9f61482253166,pass,
male,FJ3101,Medial superior segmental tributary of left hepatic vein,venous,280,554,"[[-0.009209569543600082, 1.2214912176132202, 0.03083300031721592], [0.0062203300185501575, 1.2352712154388428, 0.06201799958944321]]",4704eb452b99fef03dd0bf970728ce043d10eb16e2f25d360f676df28a4164fd,pass,
male,FJ3102,Trunk of left portal vein,venous,354,704,"[[-0.0212142001837492, 1.182191252708435, 0.03730800002813339], [0.008237290196120739, 1.216151237487793, 0.058299001306295395]]",4894889b42dc98800b17c26099f4de824e9fb99df91759c9c888e88b79874bef,pass,
male,FJ3103,Medial inferior tributary of left hepatic biliary tree,digestive,369,592,"[[-0.022412799298763275, 1.1789711713790894, 0.05433100089430809], [0.007844899781048298, 1.2119412422180176, 0.09583000093698502]]",bd453cb347059e8a327f5beedeb64a5a26b612715ac3f5e47f6075f7c96033a6,pass,
male,FJ3104,Medial superior tributary of left hepatic biliary tree,digestive,301,488,"[[-0.03182920068502426, 1.2085212469100952, 0.05186900123953819], [-0.0006962449988350272, 1.2262011766433716, 0.06875400245189667]]",6a14d7ec4203214d7092bf886d5195efd5b75206b668face9d7c1e590160277b,pass,
male,FJ3105,Medial superior tributary of left hepatic biliary tree,digestive,354,466,"[[-0.024701900780200958, 1.2117412090301514, 0.06477399915456772], [-0.017245899885892868, 1.2267812490463257, 0.07919400185346603]]",f67a1b42e5cfbc3937de67df9e7b636608752909f78e1aa9e7e1df8f4dc07511,pass,side_vs_body_midline: review regional laterality; cardiac/hepatic labels can legitimately cross midline
male,FJ3106,Medial inferior segmental hepatic artery,arterial,356,622,"[[-0.022305499762296677, 1.1803611516952515, 0.05660700052976608], [0.004983399994671345, 1.2174712419509888, 0.09607800096273422]]",bd0bc13fd873ba3d5043a19f23521a32770925186f238fe785395209661fd867,pass,
male,FJ3107,Medial superior segmental hepatic artery,arterial,444,530,"[[-0.03110620006918907, 1.2111512422561646, 0.050985001027584076], [-0.008168510161340237, 1.226471185684204, 0.07903899997472763]]",7a58ec124300aa30057e203246612a2858bdbfc1178da7b258856dc4809c5f8a,pass,
male,FJ3108,Posterior inferior tributary of right hepatic biliary tree,digestive,369,618,"[[-0.08234649896621704, 1.146821141242981, 0.011486999690532684], [-0.02770189940929413, 1.1904011964797974, 0.04687200114130974]]",1cd5140f0d6af0a6a1dba191682a1222c1cfb33aa2db2602c88fac370dc9fd24,pass,
male,FJ3109,Posterior superior tributary of right hepatic biliary tree,digestive,211,294,"[[-0.0632162019610405, 1.1851311922073364, -0.0445839986205101], [-0.055111899971961975, 1.2133911848068237, 0.018435999751091003]]",f854857fda12eb81407da2a8fa20ef794b9bcaa9842f4063853486971c76efa1,pass,
male,FJ3110,Posterior superior tributary of right hepatic biliary tree,digestive,460,496,"[[-0.0918446034193039, 1.1708811521530151, -0.03282589837908745], [-0.045185498893260956, 1.217061161994934, 0.025805000215768814]]",f878463f8feccfc0ee134e2929b50db7056b9aed55ef483e86ce842204c38824,pass,
male,FJ3111,Posterior inferior segmental branch of right portal vein,venous,326,646,"[[-0.08315470069646835, 1.1467812061309814, 0.011266999877989292], [-0.024480300024151802, 1.1947911977767944, 0.043088000267744064]]",b16a0cc9d05f5006f03204b1de87a44aab4064fb7a3b49c1d667b937f68ac880,pass,
male,FJ3112,Posterior superior segmental branch of right portal vein,venous,165,322,"[[-0.06461440026760101, 1.1876012086868286, -0.04498299956321716], [-0.05717030167579651, 1.2139312028884888, 0.016161000356078148]]",64dbe1897a3b8eacdc6c8009b2cfe409d6881a03c3d088aaf7be8bb597d1c680,pass,
male,FJ3113,Posterior superior segmental branch of right portal vein,venous,383,500,"[[-0.10132899880409241, 1.1550211906433105, -0.03311239928007126], [-0.016459399834275246, 1.2177011966705322, 0.03911300003528595]]",6e2dfb503893b8893bf9527920c0353e0fa2cecb2cce02afc87ab316ab13d7ac,pass,
male,FJ3114,Posterior inferior segmental hepatic artery,arterial,343,520,"[[-0.08223909884691238, 1.1471911668777466, 0.01320900022983551], [-0.027333099395036697, 1.1922111511230469, 0.048673998564481735]]",60d1482fc108d1bc4c3f9ba4e64065c47eee0622a494e4326bc55cf305d60ec9,pass,
male,FJ3115,Posterior superior segmental hepatic artery,arterial,403,522,"[[-0.10139799863100052, 1.1556111574172974, -0.044697098433971405], [-0.01653989963233471, 1.212861180305481, 0.041606999933719635]]",0d9f8b90f1b6d9f1b3d33c149f6ab8216eee70a12301e679cf9398581637dae4,pass,
male,FJ3116,Posterior superior segmental hepatic artery,arterial,406,442,"[[-0.0918888971209526, 1.1914012432098389, -0.03328629955649376], [-0.045308198779821396, 1.2171212434768677, 0.0035719999577850103]]",d41c172570c0a00b5df754f36c5d5d0eac9b55ada682acd80b4e5f46d03ab25f,pass,
male,FJ3117,Trunk of right hepatic artery,arterial,223,442,"[[-0.03012930043041706, 1.1854112148284912, 0.045246999710798264], [-0.01802089996635914, 1.1912411451339722, 0.05100100114941597]]",c452132d8a2a130bedd1394833be572e9b1b9059c23ca60f1cc9109f9e5de235,pass,
male,FJ3118,Posterior inferior segmental tributary of right hepatic vein,venous,292,546,"[[-0.09799879789352417, 1.1530611515045166, -0.018043499439954758], [-0.016844499856233597, 1.2447712421417236, 0.02480899915099144]]",4cb70dbfb5a2ae46e215a2785686a2fb8651cae9a15c5c482a04b346427af8ab,pass,
male,FJ3119,Posterior superior segmental tributary of right hepatic vein,venous,281,558,"[[-0.08978209644556046, 1.1857211589813232, -0.028005000203847885], [-0.042896199971437454, 1.2309411764144897, -0.013064100407063961]]",627ab7f89de3f4e466223d28e270373574a6f2c64a5ab7c55ac716d148931a51,pass,
male,FJ3120,Posterior inferior segmental tributary of right hepatic vein,venous,247,478,"[[-0.0635083019733429, 1.1779011487960815, -0.031110599637031555], [-0.04893819987773895, 1.2262111902236938, -0.00210379995405674]]",79d8189b2317760453e43de5dddb6ef557fefb0b8608dacd4bacbc83328a0d54,pass,
male,FJ3121,Anterior superior segmental tributary of right hepatic vein,venous,422,818,"[[-0.09982889890670776, 1.1634912490844727, -0.02810549922287464], [-0.03929520025849342, 1.230701208114624, 0.041832998394966125]]",9780f18b3a3b05b8526dccdb2d66cbd7358db9dc21b6e636785fed64b3e6a689,pass,
male,FJ3122,Trunk of right portal vein,venous,105,206,"[[-0.028929099440574646, 1.1827311515808105, 0.037748999893665314], [-0.014944899827241898, 1.1919012069702148, 0.04420600086450577]]",11a30e5799f9c7df98076c72993ac65b83c26ca62ffbb6c90a067e5e1f023cbc,pass,
male,FJ3123,Right hepatic duct,digestive,115,226,"[[-0.03128410130739212, 1.1774611473083496, 0.040010999888181686], [-0.021766599267721176, 1.1856211423873901, 0.047471001744270325]]",0fbdbb34f72765cc250c4869dc21b08efb15e68c0c962b93e52c5019d34fdac2,pass,
male,FJ3124,Caudate lobe branch of left portal vein,venous,259,384,"[[-0.013321800157427788, 1.1958812475204468, 0.016485000029206276], [0.009560850448906422, 1.2121511697769165, 0.050301000475883484]]",87b550a8706da07224e1a1f310f197ee6d2581b3c0dd1ebbea4acc271c68dc07,pass,
male,FJ3125,Lateral inferior segmental branch of left portal vein,venous,439,850,"[[0.0028202501125633717, 1.1864111423492432, 0.05291400104761124], [0.052313901484012604, 1.2158511877059937, 0.09950099885463715]]",83bf948bd209e3488eb078b9d1975802913d8bd26713491c606b39994e5f59b5,pass,
male,FJ3126,Lateral superior segmental branch of left portal vein,venous,386,716,"[[0.002914709970355034, 1.2106611728668213, 0.028387000784277916], [0.057327501475811005, 1.2411612272262573, 0.07326900213956833]]",aec02c91d5c07c035f3beb2eca530c90f20a51ab8576b842ced7b5708966f3d6,pass,
male,FJ3127,Medial superior segmental branch of left portal vein,venous,549,950,"[[-0.03226590156555176, 1.2062312364578247, 0.050946999341249466], [-0.0031471499241888523, 1.2275111675262451, 0.07921600341796875]]",3763e87aa2fe177ef89eb076a009fed6fb0936d859916b888d4ab585e95af9e6,pass,
male,FJ3128,Medial inferior segmental branch of left portal vein,venous,428,844,"[[-0.023138800635933876, 1.1790411472320557, 0.05840799957513809], [0.008568920195102692, 1.2154512405395508, 0.09546799957752228]]",b9388d4d6a275e37771874b90c21c3dbe2bae27464302097c47faa47a818d428,pass,
male,FJ3129,Left adrenal gland,endocrine,791,1578,"[[0.02731500007212162, 1.1414512395858765, -0.03685940057039261], [0.07547789812088013, 1.1863212585449219, -0.016747500747442245]]",043f957efaadbdd7310d3bb403f724ffb2d5da1964705527c8106d1de977325b,pass,
male,FJ3130,Right adrenal gland,endocrine,734,1464,"[[-0.062534399330616, 1.123631238937378, -0.02489450015127659], [-0.03063019923865795, 1.1659111976623535, 0.0023419999051839113]]",c06bc1d6398de5c4e4acaa6259fc9be60fb9da903d4f31f1863905a42da8a249,pass,
male,FJ3131,Diaphragm,muscular,8469,15074,"[[-0.1223289966583252, 1.0639692544937134, -0.07408419996500015], [0.12084399908781052, 1.2706712484359741, 0.10532300174236298]]",eab36ee0add4945eed6b63bf965b0827a7954b0c42bb24caa25d8a2592a22dd7,pass,
male,FJ3132,Corpus cavernosum of penis,reproductive,698,1070,"[[-0.03210749849677086, 0.7865071892738342, -0.035496801137924194], [0.031102800741791725, 0.8667871952056885, 0.09561699628829956]]",7cda569aa1e69652f35e1b9d844b49483845b85c3c92b4e4c1d89c76d2817788,pass,
male,FJ3133,Corpus spongiosum of penis,reproductive,280,544,"[[-0.011280300095677376, 0.7871761918067932, -0.024984700605273247], [0.0099739795550704, 0.858342170715332, 0.08713600039482117]]",fab25d1510d489b0b3e42e66e171b354722984b745d1230061b64dde94c21038,pass,
male,FJ3134,Glans penis,reproductive,900,1328,"[[-0.015514500439167023, 0.7857502102851868, 0.07612500339746475], [0.01416740007698536, 0.8162271976470947, 0.10086099803447723]]",dc987bfae376b2727bbc8b0d48448e3178752f293dd5442f91198f3892eaa801,pass,
male,FJ3135,Left deferent duct,reproductive,689,822,"[[0.0025517100002616644, 0.772780179977417, -0.04743750020861626], [0.10250599682331085, 0.9358881711959839, 0.05480499938130379]]",abbd2cd30740e4c098e51db37bc98939e8a1dcabf89059daba48ed672853f712,pass,
male,FJ3136,Left epididymis,reproductive,180,230,"[[0.012996199540793896, 0.7773792147636414, 0.039329998195171356], [0.023883100599050522, 0.8030831813812256, 0.059579998254776]]",f8f376f634f1c5a87d473f82376975c017d597d861d8d20e491fb15c6599c958,pass,
male,FJ3137,Left seminal vesicle,reproductive,240,362,"[[0.002358479890972376, 0.8669542074203491, -0.04477719962596893], [0.03401400148868561, 0.8964282274246216, -0.025041699409484863]]",4f9a532b2293422842bb9dc507f176542a41aabb157c8495df5c01f0b817015e,pass,
male,FJ3138,Left testis,reproductive,107,210,"[[0.007497540209442377, 0.7678642272949219, 0.04135499894618988], [0.0275580994784832, 0.7967941761016846, 0.06351400166749954]]",0126b4895fe7ef8534c89472a27a10978f0eb757f4e5fa0871421335aeefcebd,pass,
male,FJ3139,Prostate,reproductive,223,442,"[[-0.017826199531555176, 0.8501942157745361, -0.0354950986802578], [0.016457799822092056, 0.8705502152442932, -0.0035391999408602715]]",6088f54d50f4d3ea99cc26712f53aa301ac4f6c84018c17b072b46c203958384,pass,
male,FJ3140,Right deferent duct,reproductive,667,736,"[[-0.08408430218696594, 0.7727012038230896, -0.04703639820218086], [-0.0038980699609965086, 0.9390102028846741, 0.054478999227285385]]",40d7d2dea42c34fd106ec8c128afd247e282dbc7385f47e6013cb975c0c14a19,pass,
male,FJ3141,Right epididymis,reproductive,115,76,"[[-0.02608340047299862, 0.7787951827049255, 0.04017600044608116], [-0.01671620085835457, 0.8029891848564148, 0.059386998414993286]]",1af82ad478d5e884ec9a95316a64b521c380eb1b0c1331694acfa103f272d11f,pass,
male,FJ3142,Right testis,reproductive,108,212,"[[-0.030845999717712402, 0.7686712145805359, 0.041189998388290405], [-0.010459699667990208, 0.7970991730690002, 0.06335499882698059]]",264fe949fc4503cc6c2ef6fe25246de2abab6f729e94258600b472c4c83eddbc,pass,
male,FJ3143,Right seminal vesicle,reproductive,232,354,"[[-0.03532379865646362, 0.866992175579071, -0.04512939974665642], [-0.003631460014730692, 0.896395206451416, -0.02494790032505989]]",0eb3ce6e6a4a8087c52d88e7fce5582155ccb732e170ea29eadd00a35732049e,pass,
male,FJ3144,Left ureter,urinary,441,760,"[[0.023268800228834152, 0.8961501717567444, -0.03838900104165077], [0.07916530221700668, 1.1506812572479248, 0.019624000415205956]]",d9054685037d6c6ee4971e063e43bc520548c07d0fb48001c2c9f11a4dcced50,pass,
male,FJ3145,Left kidney,urinary,762,1512,"[[0.03284969925880432, 1.062624216079712, -0.04035170003771782], [0.09038300067186356, 1.1685512065887451, 0.0001849999971454963]]",46b17893082d765b983ab82a05954113a19bd133a14cb032844f6dd47ee12c4e,pass,
male,FJ3146,Right ureter,urinary,551,818,"[[-0.07271409779787064, 0.889670193195343, -0.039611201733350754], [-0.009399290196597576, 1.1350312232971191, 0.01896899938583374]]",298bf13b92424d461a7dce7364bb3fc8645f78686630674321f21707e0aef75d,pass,
male,FJ3147,Right kidney,urinary,747,1480,"[[-0.08757539838552475, 1.0450011491775513, -0.03529990091919899], [-0.0304275993257761, 1.1493111848831177, 0.011776999570429325]]",e2bb55fa48c650f5d0ed14d0a007a33416f22be87ba7baee80ac06359a2d99b0,pass,
male,FJ3148,Urethra,urinary,269,306,"[[-0.0016082399524748325, 0.7866802215576172, -0.020047299563884735], [0.000300563988275826, 0.8706231713294983, 0.08416800200939178]]",c9c54221eced91d7c1959d6d74ac39930444ee6d2b584e119d2cb5b9e55b21ba,pass,
male,FJ3149,Urinary bladder,urinary,126,224,"[[-0.03414659947156906, 0.8678432106971741, -0.043474700301885605], [0.03262380138039589, 0.9081001877784729, 0.02824000082910061]]",1bba50005385da690f051da8b507c328178b23c761ed6ae46e6b1887a3371efa,pass,
male,FJ3150,Left lobe of thymus,lymphatic,491,824,"[[-0.0035099100787192583, 1.3356611728668213, 0.019742000848054886], [0.021814199164509773, 1.3947912454605103, 0.05928900092840195]]",a324ddde4951565b25dc494d25d774d923f49720f0f6ff5fe6478d73968eb2de,pass,
male,FJ3151,Right lobe of thymus,lymphatic,455,764,"[[-0.024754099547863007, 1.3392711877822876, 0.022129999473690987], [0.0024189099203795195, 1.4078612327575684, 0.04426699876785278]]",08e04f01dd8f163699590ce14e79362f814bcbdfd09da305deac1633127079d9,pass,
male,FJ3152,Right hip bone,skeletal,1036,1898,"[[-0.14487199485301971, 0.8302642107009888, -0.09888122230768204], [-0.002790299942716956, 1.035980224609375, 0.03901899978518486]]",4be27ed12b757f790be61d682c0d06b24d3ce3bf8f7e2fd03ce95a8b2392d6bb,pass,
male,FJ3153,Xiphoid process,skeletal,464,864,"[[-0.010337799787521362, 1.242131233215332, 0.09850899875164032], [0.01060390006750822, 1.2626111507415771, 0.11335299909114838]]",013a8f887c03fec04495c34005120457544e901a859a8933abfd52ec6d3ffa7c,pass,
male,FJ3154,Tenth thoracic vertebra,skeletal,1251,2160,"[[-0.03365679830312729, 1.1778812408447266, -0.09217750281095505], [0.032245200127363205, 1.235241174697876, -0.015942199155688286]]",a7311a507883ecf21b6f037124754119682e9ed32d0b39ea36b35c499dea5da5,pass,
male,FJ3155,Eleventh thoracic vertebra,skeletal,1238,2006,"[[-0.02672879956662655, 1.1539112329483032, -0.08695179969072342], [0.025559300556778908, 1.207381248474121, -0.007467600051313639]]",1ad563e7bc1748ca5bb4041f6d74415aaaeaa8d9a7a946956b62751d6f518586,pass,
male,FJ3156,Twelfth thoracic vertebra,skeletal,1228,2062,"[[-0.022386400029063225, 1.1280711889266968, -0.07743909955024719], [0.02105480059981346, 1.1797012090682983, 0.0013849999522790313]]",17f8fe84ac25ad1dd82ffbca02540364f346357fd1cdea819e3024d6e287d3e2,pass,
male,FJ3157,First lumbar vertebra,skeletal,1391,2404,"[[-0.03577980026602745, 1.0933111906051636, -0.07077760249376297], [0.03446140140295029, 1.1500911712646484, 0.009479999542236328]]",1a5b2f9f4c27d56324cd5b03699c15f0cd6dbc792be947de1089eb3e456316d2,pass,
male,FJ3158,First thoracic vertebra,skeletal,915,1398,"[[-0.037383001297712326, 1.4253312349319458, -0.08291330188512802], [0.035916201770305634, 1.455011248588562, -0.013128099963068962]]",258c8dc2c3690d71d212caf174cd305ec6158afd46b7653b624bf1fff253b666,pass,
male,FJ3159,Second lumbar vertebra,skeletal,1493,2492,"[[-0.04035089910030365, 1.0704271793365479, -0.06565120071172714], [0.0390608012676239, 1.1178711652755737, 0.014720000326633453]]",190c5cf7adc9660d246660f9b211cff8f38bba09d8933034549b19df3c7af05a,pass,
male,FJ3160,Second thoracic vertebra,skeletal,965,1570,"[[-0.0359220989048481, 1.4047012329101562, -0.08787950128316879], [0.03457840159535408, 1.4384711980819702, -0.01732419990003109]]",e91c8937eb59468446536dd171ccafbcabefc831465ae19d3d62d13af8c641d2,pass,
male,FJ3161,Third cervical vertebra,skeletal,1184,1766,"[[-0.02984279952943325, 1.4951112270355225, -0.06186690181493759], [0.028539299964904785, 1.5238511562347412, -0.012186800129711628]]",8cbe8257ed5a270e88d8bf9a8486a37f4ed5d46a96591e19fe8beef62c40f614,pass,
male,FJ3162,Third lumbar vertebra,skeletal,1420,2454,"[[-0.040143098682165146, 1.0458041429519653, -0.07048600167036057], [0.03884100168943405, 1.0878411531448364, 0.015352999791502953]]",80eca345f517e9a175b6d6680b0bbaa037394d423fd6e174333729f55cf2aa21,pass,
male,FJ3163,Third thoracic vertebra,skeletal,997,1696,"[[-0.03296609967947006, 1.3804512023925781, -0.09863989055156708], [0.03184090182185173, 1.4199612140655518, -0.023263700306415558]]",c1a1495f28a799af05c8af33487fb31c6ea22ed64263cee0503517a60d5f055d,pass,
male,FJ3164,Fourth cervical vertebra,skeletal,1288,2062,"[[-0.027753399685025215, 1.4827111959457397, -0.05930640175938606], [0.026377499103546143, 1.5102511644363403, -0.010891900397837162]]",c36d8bd366d3c9be7adb6cd110f1bf5cc6e6bdef01ca74f2db5fa7f796df8b92,pass,
male,FJ3165,Fourth lumbar vertebra,skeletal,1503,2630,"[[-0.04276610165834427, 1.0167752504348755, -0.07384379953145981], [0.04141540080308914, 1.0615131855010986, 0.010405000299215317]]",a06e295491bc7bbce13e1f779a1e4560cca5941845b1019dd542813b23e839e3,pass,
male,FJ3166,Fourth thoracic vertebra,skeletal,1004,1684,"[[-0.035461701452732086, 1.355851173400879, -0.09976573288440704], [0.03428199887275696, 1.3995212316513062, -0.03039509989321232]]",f9ae756f4d0dd3154a30eaf64d49ad22a8008a4765401f6e5fc0a2487df6643e,pass,
male,FJ3167,Fifth cervical vertebra,skeletal,1396,1934,"[[-0.029697800055146217, 1.4718811511993408, -0.06391750276088715], [0.02833320014178753, 1.4961011409759521, -0.009227399714291096]]",2ef371b9abac08476ecb3f7c3fbbd3088c466461a01cf04f0c84e0755314c06b,pass,
male,FJ3168,Fifth lumbar vertebra,skeletal,1469,2640,"[[-0.051000699400901794, 0.9827061891555786, -0.08175499737262726], [0.04957360029220581, 1.0329442024230957, -0.0009234999888576567]]",7c8faed959b9e8fc1e57a0cdf75ca004d3d986289a55a0b92440a2493112b0e1,pass,
male,FJ3169,Fifth thoracic vertebra,skeletal,1089,1832,"[[-0.036151498556137085, 1.3178812265396118, -0.10001855343580246], [0.03488970175385475, 1.3753812313079834, -0.03402340039610863]]",ca1417f0538952e90356cd5ba10fbd33faed9f6033cff9bca1e635c580a5f81b,pass,
male,FJ3170,Sixth cervical vertebra,skeletal,1257,1928,"[[-0.031265199184417725, 1.459741234779358, -0.07082059979438782], [0.02994769997894764, 1.4828511476516724, -0.008329000324010849]]",a48b7a4c6c4619476b15d7365897c28d77e5e8a97de03918bf92f97026414418,pass,
male,FJ3171,Sixth thoracic vertebra,skeletal,1127,1830,"[[-0.036371201276779175, 1.2874912023544312, -0.09880757331848145], [0.035033900290727615, 1.3471912145614624, -0.034779101610183716]]",2c527c6343049fe6d1cf5031331c28b97dfc4da1e2816f4f6571a773b7cd1170,pass,
male,FJ3172,Seventh cervical vertebra,skeletal,1162,1520,"[[-0.03322929888963699, 1.4428211450576782, -0.07873360067605972], [0.03193160146474838, 1.4699511528015137, -0.009968100115656853]]",fcec04ded2e0ce8298fc8cdf8956d327b102a5220b881a0078cb03177976aa0e,pass,
male,FJ3173,Seventh thoracic vertebra,skeletal,1223,2094,"[[-0.037226300686597824, 1.257431149482727, -0.09932851046323776], [0.03632060065865517, 1.319911241531372, -0.03302080184221268]]",448910ac682180fc3a84fa9b972d33068adc8967929463c76e1195809a5dd307,pass,
male,FJ3174,Eighth thoracic vertebra,skeletal,1195,2048,"[[-0.033659398555755615, 1.2318612337112427, -0.09906820207834244], [0.032152701169252396, 1.2911611795425415, -0.027972400188446045]]",ef0bfd544679dadc4203c01103646b8d57490ab164dcca9b36eadd7ef8c65b5f,pass,
male,FJ3175,Ninth thoracic vertebra,skeletal,1153,2040,"[[-0.034394800662994385, 1.2047512531280518, -0.09384393692016602], [0.03299799934029579, 1.2629512548446655, -0.0223471000790596]]",6372ab2a13c4f4d3a811477140a0df48f4ebcb54a7d56c244c4f0f2bc3460c71,pass,
male,FJ3176,Atlas,skeletal,1114,1514,"[[-0.04136459901928902, 1.5403212308883667, -0.05940420180559158], [0.04023069888353348, 1.5595412254333496, -0.012355799786746502]]",5f1b22a4dba045b6752874ab360197bc9845db8dc1420371529b020ab670e59e,pass,
male,FJ3177,Axis,skeletal,1408,2028,"[[-0.025961600244045258, 1.5112812519073486, -0.06332910060882568], [0.024574199691414833, 1.556461215019226, -0.013460899703204632]]",698c93999aaeea6170c7d775730cc91e4d17b1ee0087da53a031ceea741bc280,pass,
male,FJ3178,Body of sternum,skeletal,2511,2810,"[[-0.02344919927418232, 1.2577612400054932, 0.06519600003957748], [0.02395560033619404, 1.3677512407302856, 0.11383199691772461]]",e2e2b2a2c0ec8cb0eaea6ec290afaeb4de0fbf449fb5f7e08dcf06e267f6322f,pass,
male,FJ3179,Distal phalanx of left second toe,skeletal,168,238,"[[0.1321530044078827, 0.007884399965405464, 0.12086399644613266], [0.1433970034122467, 0.015088600106537342, 0.1340170055627823]]",e58e97b5f7c5df49217ab52c87d0ba11cd9fee1fa2e61bdcc0a8a33a8349f9b9,pass,
male,FJ3180,Distal phalanx of left third toe,skeletal,188,336,"[[0.14584200084209442, 0.007849900051951408, 0.11231400072574615], [0.15484100580215454, 0.013743099756538868, 0.12365099787712097]]",45c50575443e55fc09e27ecda0aaf5484e90ccefe0a48e1a3d0b03e5e7996dc3,pass,
male,FJ3181,Distal phalanx of left fourth toe,skeletal,146,226,"[[0.15521200001239777, 0.007801900152117014, 0.09543099999427795], [0.16407500207424164, 0.01465659961104393, 0.10655300319194794]]",ec1729a3a1c7a7cc3a9049fad037e9218da4d4466bf9c7014bac38ada3eab17f,pass,
male,FJ3182,Distal phalanx of left big toe,skeletal,249,366,"[[0.10250400006771088, 0.008104699663817883, 0.11072500050067902], [0.12505599856376648, 0.019070100039243698, 0.1359190046787262]]",3f0d999713e1b2522d2b728b67f8e59f457bcc1d5dda935f5990ee50b3965672,pass,
male,FJ3183,Distal phalanx of left index finger,skeletal,198,318,"[[0.3012610077857971, 0.7399622201919556, 0.0696140006184578], [0.31125399470329285, 0.7536782026290894, 0.08671099692583084]]",52f2016c65e9cc405685227982db3bd94f769ca81f9d355d2733af2d9fa81de7,pass,
male,FJ3184,Distal phalanx of left little finger,skeletal,154,198,"[[0.21889400482177734, 0.7547392249107361, 0.06842000037431717], [0.22715499997138977, 0.7674201726913452, 0.08228400349617004]]",52a600d56650230dbfe6603841fdc0a8ea606918e3262935a89100b871885d27,pass,
male,FJ3185,Distal phalanx of left little toe,skeletal,160,220,"[[0.16126100718975067, 0.007631300017237663, 0.0761599987745285], [0.1693580001592636, 0.012982199899852276, 0.08654499799013138]]",eb2e82cd4454550191138f059c3cb11ae4e2a50348f8d5c6db72eb5a9edb18e8,pass,
male,FJ3186,Distal phalanx of left middle finger,skeletal,170,260,"[[0.27136099338531494, 0.731478214263916, 0.07808399945497513], [0.2808539867401123, 0.7444822192192078, 0.09508900344371796]]",443bbbaf66009b3d6364f27d87b23720da1fbe3d4c8fbf9dd549051f897e2c70,pass,
male,FJ3187,Distal phalanx of left ring finger,skeletal,138,192,"[[0.24529999494552612, 0.7429232001304626, 0.07875599712133408], [0.25364598631858826, 0.7520102262496948, 0.09436000138521194]]",41945442fc0bdf58d6031e2d705af393dbcd1a93aa469f8235ee63502b639b14,pass,
male,FJ3188,Distal phalanx of left thumb,skeletal,185,262,"[[0.3108380138874054, 0.7973542213439941, 0.05724100023508072], [0.32393500208854675, 0.8203421831130981, 0.07327300310134888]]",0197a65318b63f672dba829fd19689f70e55fc41fd993392c409ee4f63d0c480,pass,
male,FJ3189,Distal phalanx of right second toe,skeletal,168,196,"[[-0.14334599673748016, 0.007822699844837189, 0.12101200222969055], [-0.13234800100326538, 0.015057800337672234, 0.13409599661827087]]",8751d8640a91e0dd054e5991675934970eb0f9ac6dbeb08fd7280a3e322ca629,pass,
male,FJ3190,Distal phalanx of right third toe,skeletal,161,258,"[[-0.15482500195503235, 0.007913599722087383, 0.11225900053977966], [-0.1458909958600998, 0.013724599964916706, 0.12366600334644318]]",dbfd37d4114e689a65a257def46e76dbabb3b07beaff8849d888b64ad4f388e5,pass,
male,FJ3191,Distal phalanx of right fourth toe,skeletal,142,240,"[[-0.16412700712680817, 0.007718900218605995, 0.09536799788475037], [-0.15533499419689178, 0.014715200290083885, 0.10653500258922577]]",f55f989626ab0cdf3c22d9b35f807ebed43c15bec0d38a095e7a259676b59939,pass,
male,FJ3192,Distal phalanx of right big toe,skeletal,271,404,"[[-0.12511900067329407, 0.008213300257921219, 0.11078199744224548], [-0.10239800065755844, 0.01910579949617386, 0.1360439956188202]]",297233e7d80ff037b703e2036c0c59e5cd4dd5d9ea953b651f202512eaddb966,pass,
male,FJ3193,Distal phalanx of right index finger,skeletal,187,208,"[[-0.3113679885864258, 0.7399572134017944, 0.06964699923992157], [-0.3014250099658966, 0.7538002133369446, 0.0867300033569336]]",d87ac53803f82205e04c348036229210e63a04a993e6a0201a073bed1c41d76e,pass,
male,FJ3194,Distal phalanx of right little finger,skeletal,138,184,"[[-0.22720299661159515, 0.7548602223396301, 0.06817100197076797], [-0.21889500319957733, 0.7673882246017456, 0.08187299966812134]]",056453b4d9ba197282fc20ec34de79e45943a99937aaff859a62850cc0b66088,pass,
male,FJ3195,Distal phalanx of right little toe,skeletal,178,210,"[[-0.1693270057439804, 0.0077574001625180244, 0.07620000094175339], [-0.16116900742053986, 0.012969300150871277, 0.08657900243997574]]",6ad1e06913945c5f12c4df443074445894148ba69c3180524e86feba4f9d403d,pass,
male,FJ3196,Distal phalanx of right middle finger,skeletal,141,170,"[[-0.28091201186180115, 0.7311782240867615, 0.07820499688386917], [-0.2713649868965149, 0.7446421980857849, 0.0954279974102974]]",004a87bb154bf45331fdaaf406ad3ce4e7faede2eba30140bb97c32bc4fb2efc,pass,
male,FJ3197,Distal phalanx of right ring finger,skeletal,114,112,"[[-0.25361400842666626, 0.7429801821708679, 0.07871700078248978], [-0.24528099596500397, 0.7521191835403442, 0.09437999874353409]]",a5f482a4954d53922e57e5561e6f0574e1996aff66f786c8e4fe7136cc699148,pass,
male,FJ3198,Distal phalanx of right thumb,skeletal,181,228,"[[-0.3239139914512634, 0.7972502112388611, 0.057135000824928284], [-0.3102630078792572, 0.820277214050293, 0.07335799932479858]]",e8643ed23a2f4cea74156ebfa0355436b27f42a87f3c2c156935b60bb5349119,pass,
male,FJ3199,Ethmoid,skeletal,5334,8618,"[[-0.021494200453162193, 1.575391173362732, 0.019825000315904617], [0.02012469992041588, 1.6104512214660645, 0.0671980008482933]]",a4691867fbf20e578e7189c36298fe06722ef998208997beff73bc0f6744b8df,pass,
male,FJ3200,Frontal bone,skeletal,3315,5112,"[[-0.06330250203609467, 1.5990111827850342, 0.006705000065267086], [0.0619921013712883, 1.7080012559890747, 0.07738500088453293]]",004286676ddf138d74cb630a73a40572b75477bdcb290424dfb8146c520d62ad,pass,
male,FJ3201,Hyoid bone,skeletal,604,1036,"[[-0.01952419988811016, 1.5004812479019165, -0.005565000232309103], [0.01825059950351715, 1.5189712047576904, 0.028999999165534973]]",ab4edc57830e4287b40ade88183f39aa68096d8b3413f020b18cdf64e0ef6d8f,pass,
male,FJ3202,Intervertebral disk of axis,skeletal,996,1872,"[[-0.013433599844574928, 1.5195611715316772, -0.03077870048582554], [0.011650599539279938, 1.5290511846542358, -0.012749999761581421]]",a7fdeebbf0f8d630eaedaf3c753f47af0efedf52b9c71786bf63dd226458d01f,pass,
male,FJ3203,Intervertebral disk of fourth thoracic vertebra,skeletal,999,1310,"[[-0.015493899583816528, 1.356141209602356, -0.06231670081615448], [0.014234700240194798, 1.3694411516189575, -0.033264100551605225]]",9f6008f971d3399f4d1fd7d86f71ef15d575644a0065b77b62c8dc0a63be0a00,pass,
male,FJ3204,Intervertebral disk of fifth thoracic vertebra,skeletal,1280,1530,"[[-0.015923399478197098, 1.3326112031936646, -0.06644350290298462], [0.014632199890911579, 1.3431111574172974, -0.03469749912619591]]",1f7b3594cad2454e0610d614a9337e936ca70f7b3b41514f8b9e96fc9d05ac79,pass,
male,FJ3205,Intervertebral disk of sixth thoracic vertebra,skeletal,1831,2104,"[[-0.017603199928998947, 1.3052011728286743, -0.06939350068569183], [0.016352200880646706, 1.317251205444336, -0.03380110114812851]]",3afa005abc792770b8f3bdfff639466f4c8a9b314f24542fcb9d2853a802bccf,pass,
male,FJ3206,Intervertebral disk of seventh thoracic vertebra,skeletal,1813,2146,"[[-0.017619000747799873, 1.279061198234558, -0.06714499741792679], [0.016288699582219124, 1.2912912368774414, -0.030567200854420662]]",159cfb8ff9c8f7263a94876ff14fce680787e48e20dc705d0fa92b0dc2f91677,pass,
male,FJ3207,Intervertebral disk of eighth thoracic vertebra,skeletal,2675,2548,"[[-0.01847519911825657, 1.252831220626831, -0.06161769852042198], [0.017160700634121895, 1.2674812078475952, -0.025817500427365303]]",ba284fa43d8570da5124d57ca0e7bce1cb9e743cf9cd4a9c49bd2a5578ce297b,pass,
male,FJ3208,Intervertebral disk of ninth thoracic vertebra,skeletal,2552,2420,"[[-0.019579099491238594, 1.2252211570739746, -0.05641480162739754], [0.01826220005750656, 1.240651249885559, -0.0203683003783226]]",a5b3b47dbea4a727d81de47a81320f262d2331b4384d6a43cd01e3953fbe8dfd,pass,
male,FJ3209,Intervertebral disk of tenth thoracic vertebra,skeletal,2554,2456,"[[-0.019966499879956245, 1.1980211734771729, -0.05031849816441536], [0.018669599667191505, 1.2134212255477905, -0.012205800041556358]]",e84acc78a95a8917edbc93ebd4f64c80d37e9d787a960e94e53718a273c0e1ea,pass,
male,FJ3210,Intervertebral disk of eleventh thoracic vertebra,skeletal,2892,2648,"[[-0.020772799849510193, 1.169721245765686, -0.04301309958100319], [0.019428599625825882, 1.1863511800765991, -0.002987799933180213]]",a2dfbbaddea3a1827589cf346bd50dabfdaf8b9a1ae72daecfdc2e012e8f6910,pass,
male,FJ3211,Intervertebral disk,skeletal,3614,2852,"[[-0.021774599328637123, 1.1396112442016602, -0.034203000366687775], [0.020466100424528122, 1.157001256942749, 0.005125999916344881]]",6d0e02c000fdf3a0c7184187802a82fed28c4ae97c5656cc8545cdfa9f5d2862,pass,
male,FJ3212,Intervertebral disk of first lumbar vertebra,skeletal,3399,2882,"[[-0.02189520001411438, 1.1106711626052856, -0.02543959952890873], [0.02059819921851158, 1.1266812086105347, 0.012303000316023827]]",badf042216e23a52749a9779403f1dec72c5b3f834bff53f402007c52496fc69,pass,
male,FJ3213,Intervertebral disk of third cervical vertebra,skeletal,582,728,"[[-0.011971100233495235, 1.505001187324524, -0.027338100597262383], [0.01066139992326498, 1.5111812353134155, -0.011308999732136726]]",3f1c368bdb6653521b98772a9b4e0773aa069be99252e71366335b2a1f9bc93c,pass,
male,FJ3214,Intervertebral disk of second lumbar vertebra,skeletal,2955,2604,"[[-0.02296989969909191, 1.0792311429977417, -0.021870700642466545], [0.02164899930357933, 1.0906811952590942, 0.015991000458598137]]",3644b838a1fdc62b3ad2cf8be9842fb7c412c10af74f96a4a5ef1bf50ab5c4e0,pass,
male,FJ3215,Intervertebral disk of third lumbar vertebra,skeletal,3750,2922,"[[-0.02300970070064068, 1.041405200958252, -0.02542160078883171], [0.021716700866818428, 1.0588182210922241, 0.012845000252127647]]",7ca52bfe2484e7786f04ca464b761d2ec6f3130f8e624e5cf17a3e8c0544db5a,pass,
male,FJ3216,Intervertebral disk of fourth lumbar vertebra,skeletal,3137,2710,"[[-0.02525310032069683, 1.0087392330169678, -0.03574499860405922], [0.023861000314354897, 1.0317041873931885, 0.002767000114545226]]",46f6e7332ff38e9ca7c9a14894354595074cb125fbe1d2ba9ef20c3c8283fd86,pass,
male,FJ3217,Intervertebral disk of fifth lumbar vertebra,skeletal,1765,2048,"[[-0.024354999884963036, 0.9729372262954712, -0.04605399817228317], [0.02299010008573532, 1.0018821954727173, -0.00892150029540062]]",c3215ee9ee651977521c4f12f862e11189eb0fe0fefed7e4bbec82323ee448f2,pass,
male,FJ3218,Intervertebral disk of fourth cervical vertebra,skeletal,626,840,"[[-0.013390200212597847, 1.486821174621582, -0.025784799829125404], [0.012067300267517567, 1.4974411725997925, -0.008716500364243984]]",44147b6d03d686c415e278d44b76c29f4964800d7b674aacfd2180c5561f94ea,pass,
male,FJ3219,Intervertebral disk of fifth cervical vertebra,skeletal,629,864,"[[-0.014809600077569485, 1.4706811904907227, -0.024478599429130554], [0.013478999957442284, 1.4814412593841553, -0.008020199835300446]]",134fe8495a9a3bcf3407c13a8a7b467247e47bb921e950010d322481348fcd27,pass,
male,FJ3220,Intervertebral disk of sixth cervical vertebra,skeletal,850,834,"[[-0.014825999736785889, 1.4552911520004272, -0.02647710032761097], [0.01335499994456768, 1.4648611545562744, -0.009698799811303616]]",86bfc0b2a96fb6af1aa03812e25cda0ac3df4cff6b577dde729a16f7ace7c968,pass,
male,FJ3221,Intervertebral disk of seventh cervical vertebra,skeletal,828,956,"[[-0.016331199556589127, 1.4382412433624268, -0.030224699527025223], [0.014938999898731709, 1.4497811794281006, -0.012387700378894806]]",b654d5516c4aa56fc6e8e5776b18bfb134a006b7508e0f220253bfc425bd991d,pass,
male,FJ3222,Intervertebral disk of first thoracic vertebra,skeletal,950,1062,"[[-0.01706399954855442, 1.4200111627578735, -0.03609130159020424], [0.015535799786448479, 1.4328612089157104, -0.016218099743127823]]",f9fe6e3ea38bd65f658ebd96abb37f42c4d5822ce4e631b7d240cf723339fbb3,pass,
male,FJ3223,Intervertebral disk of second thoracic vertebra,skeletal,1128,1230,"[[-0.016608400270342827, 1.3988511562347412, -0.04464560002088547], [0.015304699540138245, 1.4137312173843384, -0.021733799949288368]]",2a95853b09a51b10bebb9bf2da524f1c2d3e415520c3c23a5f1cf7e831d2f8e9,pass,
male,FJ3224,Intervertebral disk of third thoracic vertebra,skeletal,1410,1388,"[[-0.01554420031607151, 1.3778412342071533, -0.05431029945611954], [0.014206199906766415, 1.392511248588562, -0.028416600078344345]]",3ded5790448dd02c1457cb02dfd5ab39e1a1e439be7ccf939570c5ecfa4dc263,pass,
male,FJ3225,Left tenth rib,skeletal,754,1500,"[[0.015562299638986588, 1.1010911464691162, -0.0886140987277031], [0.12234900146722794, 1.2370811700820923, 0.017673999071121216]]",1267cde08b14c651ac7a52e3632585ec9d077893b67412912b7869cd4a49c8a6,pass,
male,FJ3226,Left eleventh rib,skeletal,537,1070,"[[0.016349999234080315, 1.086191177368164, -0.08199580013751984], [0.10998799651861191, 1.199831247329712, -0.004020600114017725]]",69dfaaeb5114976ab42401e83e5f649a9590e419c1603a10edd5b9ca7834135b,pass,
male,FJ3227,Left twelfth rib,skeletal,367,730,"[[0.016890300437808037, 1.0894712209701538, -0.07196319848299026], [0.0851358026266098, 1.1672612428665161, -0.03393020108342171]]",3675f814f3d8264e22d839b0c87e8ecd316298fa9b74d86cbc47d050d2158250,pass,
male,FJ3228,Left first rib,skeletal,507,1010,"[[0.013832700438797474, 1.3881912231445312, -0.03554610162973404], [0.0684460997581482, 1.4485511779785156, 0.030419999733567238]]",725926dbcb30f7adc7d6fa3b074ab8c6bc8d6a0e26c3ee0c240eb1f7af384fd7,pass,
male,FJ3229,Left second rib,skeletal,656,1230,"[[0.014835000038146973, 1.3516912460327148, -0.04935320094227791], [0.09554020315408707, 1.4371411800384521, 0.06712500005960464]]",2ccdd3de344070b0ace9b9a40684ba552860b5092f98e63f9095519d1592f4cb,pass,
male,FJ3230,Left third rib,skeletal,802,1594,"[[0.01279080007225275, 1.3220012187957764, -0.06312450021505356], [0.10763300210237503, 1.4140812158584595, 0.07924000173807144]]",76585848668f81949a09c32f19487e611f67927fd9d6b9964147af2e9c5f25e1,pass,
male,FJ3231,Left fourth rib,skeletal,981,1946,"[[0.012925899587571621, 1.2892111539840698, -0.07679279893636703], [0.11624299734830856, 1.3934211730957031, 0.09219499677419662]]",ecb0fba1236eb40721c435a4b6e5283db515ad31bbe9b93e70ce12a77d1c5f34,pass,
male,FJ3232,Left fifth rib,skeletal,1095,2136,"[[0.014004499651491642, 1.2502912282943726, -0.08725260198116302], [0.1257369965314865, 1.3694112300872803, 0.09765800088644028]]",8c7a7b69c8d5166b7be20d9717c78bd8f9e5d6992bc809c6ad01491ea65c8265,pass,
male,FJ3233,Left sixth rib,skeletal,1147,2258,"[[0.012828299775719643, 1.2160911560058594, -0.0963541716337204], [0.1330540031194687, 1.3449312448501587, 0.09349499642848969]]",d7f4ff7a300e985c1645bcec41ff0efe4c3ee5d62f496e7cf8edee71d49a86fa,pass,
male,FJ3234,Left seventh rib,skeletal,1122,2206,"[[0.012392199598252773, 1.1833012104034424, -0.09549006819725037], [0.13573400676250458, 1.3183611631393433, 0.08020199835300446]]",fe9dccfb0a02eadbf95254f7dc5c03283cf0f7e5042f19f243cfcfe55f54ec05,pass,
male,FJ3235,Left eighth rib,skeletal,936,1832,"[[0.012416400015354156, 1.152791142463684, -0.09542776644229889], [0.1316000074148178, 1.2893311977386475, 0.06266900151968002]]",f4d7eb56e0fc299a868094b72df034b084a59183a348b46940faffc51bc34d43,pass,
male,FJ3236,Left ninth rib,skeletal,843,1666,"[[0.014581399969756603, 1.1282511949539185, -0.09246774762868881], [0.12778300046920776, 1.2634612321853638, 0.035592999309301376]]",c2c85350e66e93bd01fb307ed55b3c57a1db58f39dc315e76df6cac3b785342f,pass,
male,FJ3237,Left clavicle,skeletal,426,826,"[[0.008378730155527592, 1.3866411447525024, -0.04561249911785126], [0.1439419984817505, 1.4332911968231201, 0.04707799851894379]]",58817954c276bdc3eefac9b7643e8e8292840a85514c9eb0b8f5b802fbd65d7e,pass,
male,FJ3239,Left first costal cartilage,skeletal,391,594,"[[0.019495200365781784, 1.374981164932251, 0.02232399955391884], [0.056195300072431564, 1.3983612060546875, 0.050811998546123505]]",32ff247e135efbbba5113780ce4daf1215d4ca81fc9221167146e340425d9f43,pass,
male,FJ3240,Left first metacarpal bone,skeletal,293,556,"[[0.27235299348831177, 0.8384062051773071, 0.023406000807881355], [0.3096249997615814, 0.8755182027816772, 0.05378200113773346]]",914b425646454ea8058cf0d9c1e83ee2c2ce4c7e8aec9d86d5b4c4e8a1418016,pass,
male,FJ3241,Left first metatarsal bone,skeletal,497,944,"[[0.07483699917793274, 0.012735500000417233, 0.02997099980711937], [0.10437799990177155, 0.05597060173749924, 0.09224099665880203]]",da2009c59766cb7d85771c44f642a4f0648047eb719e4b8b299747140ea2cad8,pass,
male,FJ3242,Left second costal cartilage,skeletal,309,546,"[[0.01020250003784895, 1.3482811450958252, 0.05774800106883049], [0.048057299107313156, 1.3661211729049683, 0.07824499905109406]]",0be39a9d6920e7bf9a903694414f806b4a5e7713b2bd3815dad4b8bbee12fe08,pass,
male,FJ3243,Left second metacarpal bone,skeletal,328,592,"[[0.2618409991264343, 0.7971531748771667, 0.017116999253630638], [0.2926129996776581, 0.8649802207946777, 0.042433001101017]]",32341b3baf1816344cc25540d184dd5bc4b8c26ce84aa9674577261232c81755,pass,
male,FJ3244,Left second metatarsal bone,skeletal,401,618,"[[0.09058939665555954, 0.011947499588131905, 0.022489000111818314], [0.12134800106287003, 0.05980430170893669, 0.08737099915742874]]",c212a02f35732c2d8c21ac78ed97a12bf1ef874aa3b6190b1fff15a22f044eef,pass,
male,FJ3245,Left third costal cartilage,skeletal,306,560,"[[0.013094499707221985, 1.3205112218856812, 0.07143799960613251], [0.050722599029541016, 1.3381011486053467, 0.09007400274276733]]",3087c49b42a580e028866df11b6db2d520459c16e9d871b630a1e93a82fe0db6,pass,
male,FJ3246,Left third metacarpal bone,skeletal,328,586,"[[0.25237199664115906, 0.798760175704956, 0.012409999966621399], [0.27225199341773987, 0.8631361722946167, 0.042812999337911606]]",9e3a8b969773ae66d3581c83a3fcba73f39c729a2bb1ef262265ef76f52aadb4,pass,
male,FJ3247,Left third metatarsal bone,skeletal,367,628,"[[0.0983199030160904, 0.011606399901211262, 0.018140999600291252], [0.13360999524593353, 0.05444309860467911, 0.08079499751329422]]",358d8400794933f91ac6f71d49986e26ffddab2b803d8de9dade2fa0feb7db90,pass,
male,FJ3248,Left fourth costal cartilage,skeletal,318,564,"[[0.01430589985102415, 1.2892011404037476, 0.08432599902153015], [0.059776801615953445, 1.3136812448501587, 0.09857700020074844]]",a5fc79f8cf796050c70ce8e4bbbf9bbad3ff95a244a21b02d4a571bd30770632,pass,
male,FJ3249,Left fourth metacarpal bone,skeletal,267,432,"[[0.2413560003042221, 0.8033642172813416, 0.015898000448942184], [0.2537739872932434, 0.8633291721343994, 0.04191099852323532]]",f8dac3eee79923cf74bfb85a1791709c521fcb70412299adfd8193fab7b1e512,pass,
male,FJ3250,Left fourth metatarsal bone,skeletal,353,610,"[[0.10177300125360489, 0.010720700025558472, 0.006965999957174063], [0.14263799786567688, 0.04609009996056557, 0.06942500174045563]]",e1ef7829ae701540107eecaec2e3ae9b460a9e3dbaef6d1516bce78023dddaed,pass,
male,FJ3251,Left fifth costal cartilage,skeletal,365,642,"[[0.017725199460983276, 1.2497612237930298, 0.08932500332593918], [0.08203359693288803, 1.2932912111282349, 0.10901699960231781]]",277f6010d81a434b01dc05e165c8e43d86234ba1fb79d3e40fd19f59069382d0,pass,
male,FJ3252,Left fifth metacarpal bone,skeletal,265,468,"[[0.22527000308036804, 0.8101422190666199, 0.02022399939596653], [0.2453940063714981, 0.8648701906204224, 0.04442000016570091]]",2a5b884d13f9ca2920becfca5e2db6615f5d1e21ba0fcbb374488f6536051349,pass,
male,FJ3253,Left fifth metatarsal bone,skeletal,366,702,"[[0.10643699765205383, 0.008297200314700603, -0.01060429960489273], [0.1523749977350235, 0.03833850100636482, 0.05508600175380707]]",fe8e4bff4c9700dccbbb6550082c30fa0e8d3e447ac832fbd70be2ba9218b9b2,pass,
male,FJ3254,Left sixth costal cartilage,skeletal,350,616,"[[0.01386220008134842, 1.2156912088394165, 0.08517199754714966], [0.09296579658985138, 1.2753312587738037, 0.11210600286722183]]",350a62e3f61b3e0b51389438d46ded90eebd243768bf7db69327158dafa6a72e,pass,
male,FJ3255,Left seventh costal cartilage,skeletal,523,768,"[[0.003328959923237562, 1.1806912422180176, 0.07090400159358978], [0.10845699906349182, 1.2645012140274048, 0.11319000273942947]]",c11a0e2e25123720f26adbc63837e3e8548779a33fb950b90133c0283dde6734,pass,
male,FJ3256,Left calcaneus,skeletal,632,1122,"[[0.045010000467300415, 0.009693999774754047, -0.07579319924116135], [0.10076799988746643, 0.059039998799562454, -0.005858200136572123]]",9e196989c49ec12a971abcbe21652cf11074d4bfc9d8f316ec8f4dcdd435eafd,pass,
male,FJ3257,Left capitate,skeletal,230,388,"[[0.2486100047826767, 0.8602752089500427, 0.010572999715805054], [0.2642880082130432, 0.882699191570282, 0.027350999414920807]]",9d789358a6b20f1672a95325ab7f66c940f2c4393742deebb436093d20bd4857,pass,
male,FJ3258,Left cuboid bone,skeletal,449,806,"[[0.08196499943733215, 0.02658890001475811, -0.016837000846862793], [0.11513400077819824, 0.056258201599121094, 0.0166849996894598]]",01b419b65a60ce274b8901202edad9d4bb9807f8763ff9f3a40e24c948eb1a53,pass,
male,FJ3259,Left femur,skeletal,459,884,"[[0.03227059915661812, 0.4461672008037567, -0.05051780119538307], [0.15023699402809143, 0.9119431972503662, 0.01227600034326315]]",4916db3b3aa8ab15eb32b186e5e68090c686f1174eee1e332f09f26354c5f70f,pass,
male,FJ3260,Left fibula,skeletal,149,278,"[[0.08452899754047394, 0.0531327985227108, -0.05126139894127846], [0.12010800093412399, 0.4370962083339691, -0.02202400006353855]]",ac80c1c8fe6675ff428b01a09e0b69fff638af5ddd4c3843701a0f491156adbf,pass,
male,FJ3261,Left hamate,skeletal,274,440,"[[0.2365970015525818, 0.8593671917915344, 0.011322000063955784], [0.2515699863433838, 0.8787422180175781, 0.03398200124502182]]",77131031126f8e1fc82ab7c07d9b4532382764647ec4e455d0fc841c6d93e010,pass,
male,FJ3262,Left humerus,skeletal,586,962,"[[0.1400730013847351, 1.107471227645874, -0.04885119944810867], [0.2407590001821518, 1.4146312475204468, 0.00022899999748915434]]",b8b99a562b822f48d80c05696dc1b88595218b8f5ca11a3d6e962b4dc68a729b,pass,
male,FJ3263,Left inferior nasal concha,respiratory,435,662,"[[0.004591209813952446, 1.5607712268829346, 0.03395099937915802], [0.015939900651574135, 1.5761611461639404, 0.06948000192642212]]",1b1985dcb7dd90613bda41348ca9a5a3f743a3eb885d80c7b2a9d5cca34a6a57,pass,
male,FJ3264,Left intermediate cuneiform bone,skeletal,291,440,"[[0.08201359957456589, 0.04368240013718605, 0.009631999768316746], [0.10195499658584595, 0.0668008029460907, 0.030330000445246696]]",efe1cdb38c7a63c4b36995e915bf621236452803ac9c88f66b52ef38dfad8407,pass,
male,FJ3265,Left lacrimal bone,skeletal,347,604,"[[0.007319440133869648, 1.5759812593460083, 0.05076399818062782], [0.017931099981069565, 1.6049911975860596, 0.06473200023174286]]",7b170294c45748f7b4b3ff9c42fc3ae1f6dc8aabbbfdb598f37b63197573df26,pass,
male,FJ3266,Sesamoid bone of left foot,skeletal,78,100,"[[0.08749479800462723, 0.010113799944519997, 0.07553599774837494], [0.0942791998386383, 0.016538400202989578, 0.08475200086832047]]",f34ed4317c51db9305bf80003d024cab6df738bb3e219ac1e551e61416e5c55e,pass,
male,FJ3267,Left lateral cuneiform bone,skeletal,389,648,"[[0.087226003408432, 0.037484098225831985, 0.0008980000275187194], [0.1128849983215332, 0.06329579651355743, 0.0251460000872612]]",7ca082df28f3eb635d320363318af091040cea7ddd0214e6d7b69d4aab0bbbdb,pass,
male,FJ3268,Left lunate,skeletal,184,308,"[[0.2363390028476715, 0.8753331899642944, 0.010627999901771545], [0.2528829872608185, 0.8879991769790649, 0.02713100053369999]]",fc37a99266ae59502e6c7b32bb76c9ad65fc7142bfb489077e3291887f7c7801,pass,
male,FJ3269,Left maxilla,skeletal,2678,3598,"[[-0.003067929996177554, 1.5421011447906494, 0.02681400068104267], [0.0457179993391037, 1.6114012002944946, 0.08287999778985977]]",3f393911c74e5c077dac747d582b6f301ac1f36cba7f03972b09604b748993f0,pass,
male,FJ3270,Sesamoid bone of left foot,skeletal,95,142,"[[0.09469439834356308, 0.008818100206553936, 0.07064300030469894], [0.10316599905490875, 0.016186200082302094, 0.08349599689245224]]",ac7b18d6b3a48455facabb87a0e34036f9e308a932856131aff16567d39e5817,pass,
male,FJ3271,Left medial cuneiform bone,skeletal,513,872,"[[0.06604260206222534, 0.03296680003404617, 0.012060999870300293], [0.09410940110683441, 0.06391909718513489, 0.040518999099731445]]",c90a574c7683135be4f0715f1f4811b876057fd1401f7c0d011e7806a106facb,pass,
male,FJ3272,Left nasal bone,skeletal,236,388,"[[-0.0025224199052900076, 1.5799611806869507, 0.06928999722003937], [0.007199930027127266, 1.6116012334823608, 0.08946699649095535]]",3f729c63ce3d2cb744d9188cd67e149a56adcc9401065bc6ef8248f413d175bd,pass,
male,FJ3273,Left palatine bone,skeletal,986,1606,"[[-0.0015432400396093726, 1.5482711791992188, 0.003321999916806817], [0.027458399534225464, 1.5914812088012695, 0.04996199905872345]]",c7ee1eb21c4d340425f87f55c6e4f8626fe23debb8c6f47a1dd97dc40ffe9a21,pass,
male,FJ3274,Left parietal bone,skeletal,2927,3732,"[[-0.007867739535868168, 1.5959111452102661, -0.11482959985733032], [0.07485649734735489, 1.7142912149429321, 0.031665999442338943]]",6824e7499f4fb534932cb0e54fff57ae5b5be8f3cec708c6336a6861128b0262,pass,
male,FJ3275,Left patella,skeletal,177,304,"[[0.06059249863028526, 0.4396081864833832, 0.0009009999921545386], [0.10222399979829788, 0.47887420654296875, 0.02275099977850914]]",6be56711330833c9c01aff66b80cf703258721413cdd53ea09ce0dcdc0268fe9,pass,
male,FJ3276,Left pisiform,skeletal,116,210,"[[0.23183800280094147, 0.8678361773490906, 0.027031000703573227], [0.24003000557422638, 0.8793882131576538, 0.037588998675346375]]",fedd1835f105580641c98e325e6bb97d1386a050409013387781963f1fe906af,pass,
male,FJ3277,Left radius,skeletal,250,406,"[[0.21983599662780762, 0.8842741847038269, -0.03853069990873337], [0.27914300560951233, 1.1130712032318115, 0.02725199982523918]]",98ab16249a2f98520e054770a5867ec5bb7fad5b5ee9180e8b227357797240ab,pass,
male,FJ3278,Left scaphoid,skeletal,172,304,"[[0.24945199489593506, 0.8743311762809753, 0.011526999995112419], [0.27297699451446533, 0.8897932171821594, 0.026443999260663986]]",bcec7c621851df2bfc2d6eb5fe9d087c54a5b225ac45b6f6a27fe051ae1d4913,pass,
male,FJ3279,Left scapula,skeletal,3097,6180,"[[0.05710789933800697, 1.2620612382888794, -0.10505717992782593], [0.16646400094032288, 1.4279512166976929, 0.0028349999338388443]]",effd150974826b29054049d44d728b4545c2ddbd9aa3f2f2ed2e06e95969dd90,pass,
male,FJ3280,Left talus,skeletal,666,1144,"[[0.049635399132966995, 0.04680560156702995, -0.05118599906563759], [0.09017840027809143, 0.08120930939912796, 0.005677000153809786]]",ba7bf2f06e4b12b6b89cfc57f6ff54d858f4fb7dbc4517d265346a5a6614d119,pass,
male,FJ3281,Left temporal bone,skeletal,1835,2828,"[[0.011624200269579887, 1.553591251373291, -0.06492959707975388], [0.07255709916353226, 1.6295711994171143, 0.033567000180482864]]",aa91430b918f3e4c13aeaec1a65e603a8704e14113c6157163affcfa59608371,pass,
male,FJ3282,Left tibia,skeletal,331,620,"[[0.03503419831395149, 0.07201586663722992, -0.04801790043711662], [0.10945499688386917, 0.45197319984436035, 0.014515000395476818]]",e981163e3e3a8d9b824955f5425dd806f788c5fe1e391006221b434357797cba,pass,
male,FJ3283,Left trapezium,skeletal,222,348,"[[0.26478099822998047, 0.8638582229614258, 0.017710000276565552], [0.2817949950695038, 0.883904218673706, 0.034554000943899155]]",62298efa449a73d1a1ad210d2692edadc63fddbc2e1dd4b21ca8970347d55b86,pass,
male,FJ3284,Left trapezoid,skeletal,278,396,"[[0.2622529864311218, 0.8608332276344299, 0.013644999824464321], [0.2732889950275421, 0.8733811974525452, 0.028449999168515205]]",9a33eabb4cf1dc6e1473fd72f652a059e2773f6d9bafa1dc5e9e9c863126974f,pass,
male,FJ3285,Left triquetral,skeletal,178,300,"[[0.2318210005760193, 0.8670601844787598, 0.014425000175833702], [0.2427310049533844, 0.8806312084197998, 0.02980699948966503]]",ef05d41dd8eb98f58a0c46099b4aae145d6986200a43f2bf25d817fb4479e1d9,pass,
male,FJ3286,Left ulna,skeletal,283,434,"[[0.19689199328422546, 0.883330225944519, -0.05544770136475563], [0.2471199929714203, 1.1305811405181885, 0.02327900007367134]]",e238762a7a2f0a8d16395ba0819664e53d5c641eee93cb828216615cf932e1d2,pass,
male,FJ3287,Left zygomatic bone,skeletal,721,1056,"[[0.031893301755189896, 1.558731198310852, 0.02174299955368042], [0.06324440240859985, 1.6148512363433838, 0.06143200024962425]]",2df71c47f3e44c921c1c2001cd56a294eb9308d9a56bfd4028759bb71f936cbd,pass,
male,FJ3288,Left hip bone,skeletal,986,1808,"[[0.0027503101155161858, 0.830062210559845, -0.09868506342172623], [0.14475399255752563, 1.0359262228012085, 0.03874799981713295]]",3c2e195fdc64fc57708815306ac76b30469641de2e8813727cf672b9e8a7c5b6,pass,
male,FJ3289,Mandible,skeletal,1207,2348,"[[-0.05384590104222298, 1.4997411966323853, -0.010146300308406353], [0.05251089856028557, 1.5842112302780151, 0.07376600056886673]]",863e3f299b9cfe16664d2cfecc3558900915e9c97e9bdd27a0fe2a2c481f9aa4,pass,
male,FJ3290,Manubrium,skeletal,1094,1892,"[[-0.027449699118733406, 1.3583811521530151, 0.03080100007355213], [0.027449699118733406, 1.403361201286316, 0.07858800143003464]]",e5cfe73a4bb891b3fb4d3bf63a872862cb0d7f8b6dc73190761143d780d16ddd,pass,
male,FJ3291,Middle phalanx of left ring finger,skeletal,208,326,"[[0.24278199672698975, 0.7479321956634521, 0.056793998926877975], [0.25453200936317444, 0.7717952132225037, 0.08054699748754501]]",56f487ae908e2fd95c72743974fe622d550535e85958a3d4d97156b16d59767b,pass,
male,FJ3292,Middle phalanx of right ring finger,skeletal,214,306,"[[-0.2542929947376251, 0.7478151917457581, 0.0565360002219677], [-0.2427629977464676, 0.7717152237892151, 0.08056700229644775]]",c30577babc14694f515d6e1429f5140f7ab2573535de9c41ec71fb49602dd8df,pass,
male,FJ3293,Middle phalanx of left second toe,skeletal,196,322,"[[0.12512700259685516, 0.010157600045204163, 0.10752899944782257], [0.1392119973897934, 0.018769899383187294, 0.12462899833917618]]",19510dd607d5ec150b5774e7d020b29cc51a4c407091eb639457a6b0ef094d2c,pass,
male,FJ3294,Middle phalanx of left third toe,skeletal,181,288,"[[0.13891500234603882, 0.009127600118517876, 0.09891100227832794], [0.15181100368499756, 0.017002299427986145, 0.1158519983291626]]",8fc8a045d67ead5b5ddfdc846ffb6b2e3386f26662bc9eb6be2982e80cb054dd,pass,
male,FJ3295,Middle phalanx of left fourth toe,skeletal,181,280,"[[0.149044007062912, 0.008319299668073654, 0.0854329988360405], [0.1613900065422058, 0.016141699627041817, 0.09877900034189224]]",79c69dd7202c10889f40b939f97f1803c0a8501377930cb54e384ae6b6438faa,pass,
male,FJ3296,Middle phalanx of left index finger,skeletal,184,300,"[[0.294389009475708, 0.7490862011909485, 0.051256000995635986], [0.30900099873542786, 0.7695642113685608, 0.07205700129270554]]",19ad5c68ff22927077903d66859dec38c6c167f313afc2a180f531cc30e93f76,pass,
male,FJ3297,Middle phalanx of left little finger,skeletal,190,252,"[[0.2189210057258606, 0.7655771970748901, 0.05491200089454651], [0.2302989959716797, 0.7851722240447998, 0.07147900015115738]]",0345e23985db0c32125716f98ef7d583bf328fbf97b2f633c1489344b3e7a333,pass,
male,FJ3298,Middle phalanx of left little toe,skeletal,142,224,"[[0.15809999406337738, 0.008056900463998318, 0.07155200093984604], [0.16667400300502777, 0.014331599697470665, 0.07895399630069733]]",19919b59faff72da4c4f5c2bc6eb3a02ba7ad689c4f6cdcb957ca08de55b527f,pass,
male,FJ3299,Middle phalanx of left middle finger,skeletal,220,366,"[[0.2665170133113861, 0.740520179271698, 0.057858001440763474], [0.28020501136779785, 0.7658782005310059, 0.08087600022554398]]",a34ab762f2c5ab6ba53470e6495496d0f57243ec253fed46c55ae681c77ebe64,pass,
male,FJ3300,Middle phalanx of right second toe,skeletal,189,258,"[[-0.13935500383377075, 0.010100900195538998, 0.10764800012111664], [-0.12523700296878815, 0.01870729960501194, 0.12468799948692322]]",7fe919b9fd26dd4882c374233789858c780a846ed05360de95b31cae94116af3,pass,
male,FJ3301,Middle phalanx of right third toe,skeletal,190,292,"[[-0.15172599256038666, 0.009280100464820862, 0.09886699914932251], [-0.13888899981975555, 0.01719680055975914, 0.11574500054121017]]",a1678c63bf29689c0c568dd55af6fd16469bacae1c66369ea916f351e166d1a7,pass,
male,FJ3302,Middle phalanx of right fourth toe,skeletal,216,342,"[[-0.16134199500083923, 0.008222400210797787, 0.08543500304222107], [-0.14907099306583405, 0.01617570035159588, 0.0988060012459755]]",7628f699cd300c90d4d3977e41e62b88976650dc09f30b1fe6b9f0f91a0c4346,pass,
male,FJ3303,Middle phalanx of right index finger,skeletal,186,256,"[[-0.3089999854564667, 0.7491171956062317, 0.051309000700712204], [-0.29440000653266907, 0.7695872187614441, 0.0720829963684082]]",ef65d7cfcf5682d8f52e0d9a2020d20a137ba4da1d07388aa4d795fab69a9dab,pass,
male,FJ3304,Middle phalanx of right little finger,skeletal,168,206,"[[-0.23054499924182892, 0.7656812071800232, 0.054822999984025955], [-0.21893499791622162, 0.7852662205696106, 0.0714389979839325]]",de650ace4765f3ce6286994af3a0895ec6b2ca94fcf406f0a905123a4be6fd8c,pass,
male,FJ3305,Middle phalanx of right little toe,skeletal,102,136,"[[-0.16669000685214996, 0.008020799607038498, 0.07145000249147415], [-0.15807999670505524, 0.014372100122272968, 0.07881800085306168]]",0c7928d43cc0b4cc5d3619d91513c79adfcf661d1d5775e088d7603acf69fe46,pass,
male,FJ3306,Middle phalanx of right middle finger,skeletal,221,330,"[[-0.2802020013332367, 0.740568220615387, 0.057799000293016434], [-0.2665880024433136, 0.7659181952476501, 0.08093400299549103]]",e008ee08ecd1f2e2a6a60033f913caef414991862936867c6c63328a4186e0b8,pass,
male,FJ3307,Navicular bone of left foot,skeletal,396,624,"[[0.05792960152029991, 0.047136999666690826, -0.005723999813199043], [0.09664379805326462, 0.07181409001350403, 0.021097000688314438]]",7d4e0a45cc2264ff5b26ece0e4c2e94a92aea3631bf7db9d484be9f1d4d09b00,pass,
male,FJ3308,Navicular bone of right foot,skeletal,404,618,"[[-0.09675399959087372, 0.04733489826321602, -0.005671000108122826], [-0.058189600706100464, 0.07195539772510529, 0.020992999896407127]]",c26425b0c1d1dc9a660038b1d5ca0b3a5aa5bf571ea25d0d725b527f130c6825,pass,
male,FJ3309,Occipital bone,skeletal,2938,4912,"[[-0.06196120008826256, 1.555881142616272, -0.11800099909305573], [0.06070530042052269, 1.6626211404800415, 0.0009590000263415277]]",a6c6f14b5749db61f4ed43a808d748ce660eb93dd7ed16010e593aa767860afe,pass,
male,FJ3310,Proximal phalanx of right big toe,skeletal,272,468,"[[-0.11719600111246109, 0.00947210006415844, 0.0860700011253357], [-0.08665960282087326, 0.026702500879764557, 0.11928900331258774]]",33e57db3aafa490c9ff2e6f6571e6d9a909e0ed4cdaca9113304f9f697678da9,pass,
male,FJ3311,Proximal phalanx of left third toe,skeletal,237,388,"[[0.1251319944858551, 0.010412899777293205, 0.07461699843406677], [0.14580799639225006, 0.022197799757122993, 0.10283400118350983]]",74c9bb228f0a1d5f1380af7f4cce2f50ed9f37ef8b72596b6160a0a7f5fbdafb,pass,
male,FJ3312,Proximal phalanx of left fourth toe,skeletal,245,418,"[[0.13430899381637573, 0.008405899628996849, 0.06442800164222717], [0.1559000015258789, 0.02158609963953495, 0.08842500299215317]]",008958104dfd5d879506fb99d3b908958707c3a9292da808c1b53d8233511062,pass,
male,FJ3313,Proximal phalanx of left index finger,skeletal,218,384,"[[0.280813992023468, 0.7638322114944458, 0.03408899903297424], [0.30281001329421997, 0.8014671802520752, 0.05705700069665909]]",40b210297b4edc9c76a24fb474a2fd2428e47e8390a95bdea92b59ae2b44fed8,pass,
male,FJ3314,Proximal phalanx of left little finger,skeletal,162,270,"[[0.22222700715065002, 0.7814962267875671, 0.03866799920797348], [0.2362940013408661, 0.8139011859893799, 0.05946100130677223]]",9b9f3e77de935e38744940eeadddfb3448625eece24ab9367bdbf6d8a83cfaeb,pass,
male,FJ3315,Proximal phalanx of left little toe,skeletal,226,386,"[[0.14293800294399261, 0.008302000351250172, 0.048774998635053635], [0.16479000449180603, 0.01812409982085228, 0.07401899993419647]]",bda96d35105370e17e76b27b61257fd328e1d46bae2404def7553c36343674cc,pass,
male,FJ3316,Proximal phalanx of left middle finger,skeletal,253,440,"[[0.2592009902000427, 0.7624102234840393, 0.03519200161099434], [0.2773529887199402, 0.803077220916748, 0.06409599632024765]]",b48e1015c1f6d2dc7963b9e12db989f3ea22e40e9864df0a19008556a73a9be6,pass,
male,FJ3317,Proximal phalanx of left ring finger,skeletal,200,366,"[[0.24049200117588043, 0.7681632041931152, 0.03570900112390518], [0.25388601422309875, 0.8070691823959351, 0.06193000078201294]]",67a1573c545aeb187f8bb3343d3c0c840b0d562f3fdac08887e024ac57a8c448,pass,
male,FJ3318,Proximal phalanx of left thumb,skeletal,197,336,"[[0.29869401454925537, 0.8136401772499084, 0.042628999799489975], [0.3186190128326416, 0.8452792167663574, 0.06475300341844559]]",ebb9ef2529f928b5de128ea5852e65ebc6b15ce10d088cee256497530142d899,pass,
male,FJ3319,Proximal phalanx of right second toe,skeletal,225,392,"[[-0.1335649937391281, 0.01123759988695383, 0.08355499804019928], [-0.11134599894285202, 0.02356480062007904, 0.11168000102043152]]",0ad7dc99295e5956c51a562939ccac4e47e3e7636c6211b8679b6eab0b06564f,pass,
male,FJ3320,Proximal phalanx of right third toe,skeletal,264,398,"[[-0.14590199291706085, 0.010466200299561024, 0.0744360014796257], [-0.12507599592208862, 0.02190680056810379, 0.10284099727869034]]",b829ab9e38116894e3e07a256ad78ac704988629dfd68608a2e22ff5d49167fa,pass,
male,FJ3321,Proximal phalanx of right fourth toe,skeletal,244,418,"[[-0.15592999756336212, 0.008370200172066689, 0.0643789991736412], [-0.13433900475502014, 0.02161259949207306, 0.08842799812555313]]",34489502512ccf76f6e7e46262873f36ba347aeb31ef196a28cd0dac14e55afd,pass,
male,FJ3322,Proximal phalanx of right index finger,skeletal,213,360,"[[-0.30276501178741455, 0.7639302015304565, 0.03409299999475479], [-0.28095200657844543, 0.8013082146644592, 0.05675800144672394]]",001fcc63a7fec7ff7499543eb5ab338d508e9caee7c55158bc63c05ee363293b,pass,
male,FJ3323,Proximal phalanx of right little finger,skeletal,186,312,"[[-0.23632900416851044, 0.7814671993255615, 0.0387209989130497], [-0.2221519947052002, 0.8140671849250793, 0.059523001313209534]]",b45ada2f8658613d1c13b6a5db67cb280131b344a7fbc078f3df1fe16a3ed869,pass,
male,FJ3324,Proximal phalanx of right little toe,skeletal,228,386,"[[-0.16483700275421143, 0.008217999711632729, 0.04871099814772606], [-0.1428849995136261, 0.018063899129629135, 0.07408399879932404]]",2dd4fc1af1ed58eb53d0c4f9d26e9bebca72ec3b99652e4d2afb12d0ca5037f9,pass,
male,FJ3325,Proximal phalanx of right middle finger,skeletal,266,448,"[[-0.2774139940738678, 0.7623922228813171, 0.03511200100183487], [-0.25920799374580383, 0.8029721975326538, 0.0642009973526001]]",5e03a4b1e870e3e5d8e0cd4bfc54b48a19e28cfc8a163ffd867e4fbba92cc272,pass,
male,FJ3326,Proximal phalanx of right ring finger,skeletal,202,364,"[[-0.25382399559020996, 0.7680792212486267, 0.03565799817442894], [-0.24059100449085236, 0.807043194770813, 0.061976999044418335]]",dbec65dfab5dc49cc43079e3152e43eaac736dc329f5157de5333c3889843f03,pass,
male,FJ3327,Proximal phalanx of right thumb,skeletal,196,316,"[[-0.31880900263786316, 0.8137181997299194, 0.042653001844882965], [-0.29864901304244995, 0.8453091979026794, 0.06488300114870071]]",da01541d0108ef2b1349b5f4f1afe1127cf29a3d2959475430f886bfaabc2861,pass,
male,FJ3328,Proximal phalanx of left second toe,skeletal,230,374,"[[0.11144900321960449, 0.01127109955996275, 0.08348499983549118], [0.13349300622940063, 0.023641100153326988, 0.11162400245666504]]",9e4f73832c617265f4982a8d36012f4f580d39aa74c1cced693c30fff0775f66,pass,
male,FJ3329,Proximal phalanx of left big toe,skeletal,310,502,"[[0.08670330047607422, 0.009696000255644321, 0.08603599667549133], [0.11708199977874756, 0.026559000834822655, 0.11927100270986557]]",f3e921fd34fe71bbc431c9b632950d7b7f28d21bfb762aa4bc944bf8230221ae,pass,
male,FJ3330,Right tenth rib,skeletal,754,1500,"[[-0.12361700087785721, 1.1011111736297607, -0.08864069730043411], [-0.01690630055963993, 1.237051248550415, 0.017687000334262848]]",950259197562cc65d54a2339eb80b7ced5edb64b589ccb10ced6bf7b88d3851e,pass,
male,FJ3331,Right eleventh rib,skeletal,538,1070,"[[-0.11128699779510498, 1.0862212181091309, -0.08203800022602081], [-0.017720600590109825, 1.1997911930084229, -0.004018700215965509]]",a5b3604fed2d70e95917c0badab4fa1d553bc52f2f485fd5c3e63938182c7c49,pass,
male,FJ3332,Right twelfth rib,skeletal,372,740,"[[-0.08651050180196762, 1.089501142501831, -0.07200779765844345], [-0.01825919933617115, 1.1672312021255493, -0.03390270099043846]]",77860e0ba811ba776278e47e5c8dbb5528cfb215dd8ee27cd09cf395220395e3,pass,
male,FJ3333,Right first costal cartilage,skeletal,401,616,"[[-0.05618739873170853, 1.37502121925354, 0.02217100001871586], [-0.019512100145220757, 1.3983311653137207, 0.05075699836015701]]",081c5605ca77d4f38c6bfef4345ec3a6740aeafd1312b48d828b359801425191,pass,
male,FJ3334,Right first rib,skeletal,519,1032,"[[-0.06975869834423065, 1.388181209564209, -0.03549480065703392], [-0.015115800313651562, 1.4485912322998047, 0.030424000695347786]]",27ec6ca7aadacdda593c37fd14c58cdc33e3d90c67a23d24d4709d82dbc47331,pass,
male,FJ3335,Right second costal cartilage,skeletal,346,596,"[[-0.048186998814344406, 1.3482311964035034, 0.05774499848484993], [-0.010244599543511868, 1.3661311864852905, 0.07826100289821625]]",fc3dab69342d2757ab0a41506bb5e276fdbb0aa68475fc53d1225fb8eb9c3ff1,pass,
male,FJ3336,Right second rib,skeletal,648,1230,"[[-0.09692969918251038, 1.3517812490463257, -0.04934709891676903], [-0.016062799841165543, 1.4371411800384521, 0.06715700030326843]]",9a60a52f6ac38ed4aff285549907a145c677e8608561fe46f365b5bbdaa0498b,pass,
male,FJ3337,Right third costal cartilage,skeletal,355,590,"[[-0.050724200904369354, 1.3204911947250366, 0.07142099738121033], [-0.01305100042372942, 1.338091254234314, 0.0901079997420311]]",af36255bdb4f87d3175e4dee257dfc865f6a13c67d4e909219f2c921ad06db14,pass,
male,FJ3338,Right third rib,skeletal,800,1594,"[[-0.10894700139760971, 1.3220312595367432, -0.06317099928855896], [-0.014084200374782085, 1.4140411615371704, 0.07926800101995468]]",f5de6743c435aab033f338997798b496f8fada5fe6cd2c47c0680d23eb9cd00b,pass,
male,FJ3339,Right fourth costal cartilage,skeletal,332,580,"[[-0.05990679934620857, 1.2892712354660034, 0.08420400321483612], [-0.014311100356280804, 1.3136712312698364, 0.09858699887990952]]",f29151bc2a548fe4510dc6b3a81327c468dc95076b7e93215a6627202d7c6028,pass,
male,FJ3340,Right fourth rib,skeletal,979,1942,"[[-0.1175599992275238, 1.289221167564392, -0.07672809809446335], [-0.015054600313305855, 1.3934011459350586, 0.09219200164079666]]",0d0e1e3c35329f2597d41d63d7b26b1698f32c89c31fc9875c1a4c5005f63c37,pass,
male,FJ3341,Right fifth costal cartilage,skeletal,358,596,"[[-0.08208309859037399, 1.2497211694717407, 0.0893160030245781], [-0.017722100019454956, 1.2933611869812012, 0.10898000001907349]]",6f2c36a7617c09dc724e9c03df75f2a3f45335a6f2499340d35fd10b62043500,pass,
male,FJ3342,Right fifth rib,skeletal,1093,2136,"[[-0.12706999480724335, 1.2502812147140503, -0.08724340051412582], [-0.015336399897933006, 1.3693912029266357, 0.09765099734067917]]",55d3284b70431bb018bf92d68dafbb109ae96b8caa9f7a55edaf910b23640a7f,pass,
male,FJ3343,Right sixth costal cartilage,skeletal,444,642,"[[-0.09321949630975723, 1.215671181678772, 0.08497399836778641], [-0.01396969985216856, 1.2752711772918701, 0.11218699812889099]]",9a3764981f04ec37a0c0fa854b522c8a6718e8e56fcb55f7a156965b81583dee,pass,
male,FJ3344,Right sixth rib,skeletal,1147,2254,"[[-0.1343490034341812, 1.2160412073135376, -0.09635858982801437], [-0.014847099781036377, 1.3438011407852173, 0.09350500255823135]]",f93194785158698c95dc59ba69668cc33516ff84aa7653bb6a7b723039034db4,pass,
male,FJ3345,Right seventh costal cartilage,skeletal,514,618,"[[-0.10990899801254272, 1.1806912422180176, 0.07077500224113464], [-0.004507630132138729, 1.2644511461257935, 0.11302500218153]]",dc2dea7d809063ca5158c2dfe972f30b6af02ce60c31377846c453be7f0bf508,pass,
male,FJ3346,Right seventh rib,skeletal,1122,2206,"[[-0.13702499866485596, 1.183321237564087, -0.09548676759004593], [-0.013738900423049927, 1.318331241607666, 0.08014199882745743]]",1d138231699b0b72139f0803d7ceb41d61e2f36f35003ba353257f9bcd7c10f9,pass,
male,FJ3347,Right eighth rib,skeletal,928,1832,"[[-0.1329679936170578, 1.1528111696243286, -0.09542790800333023], [-0.013708200305700302, 1.2893612384796143, 0.06267800182104111]]",b5c81c812dd363fae66989c1310fb64d25808683d8a2e7f384272c0eb0804716,pass,
male,FJ3348,Right ninth rib,skeletal,842,1666,"[[-0.12909799814224243, 1.1282411813735962, -0.0924709290266037], [-0.015864599496126175, 1.2634512186050415, 0.035631999373435974]]",dccc66c52e4c35505954db971553f53a46ec5d45403bc2876f5697da1338a14e,pass,
male,FJ3349,Right radius,skeletal,249,408,"[[-0.27935999631881714, 0.8839461803436279, -0.038897398859262466], [-0.2201489955186844, 1.1130411624908447, 0.02690800093114376]]",db29f0f57a56d77eb9d0559cd532d2fd59a7f04f01c45c62a29431ca6afe30fa,pass,
male,FJ3350,Right first metacarpal bone,skeletal,287,526,"[[-0.30957698822021484, 0.8383921980857849, 0.02362699992954731], [-0.2722359895706177, 0.875349223613739, 0.05386099964380264]]",3b569ec82ff9d7419ec1cd7cbf6428fdc7e634976a6be3072c517505cc0628c3,pass,
male,FJ3351,Right first metatarsal bone,skeletal,492,908,"[[-0.10436499863862991, 0.012782000005245209, 0.029944000765681267], [-0.07481370121240616, 0.055991001427173615, 0.09218200296163559]]",bcc9aa1825fc97a766655da6833e6c6cf3eb9db60f722385b244e380f393de4d,pass,
male,FJ3352,Right second metacarpal bone,skeletal,347,610,"[[-0.29268699884414673, 0.7969822287559509, 0.01705699972808361], [-0.261819988489151, 0.8649802207946777, 0.04271100088953972]]",12a021e6af188555da3095f27a61a599b5735e07ec94f7eae4bd058a2a9c2f0d,pass,
male,FJ3353,Right second metatarsal bone,skeletal,434,612,"[[-0.12127300351858139, 0.011793400160968304, 0.022447999566793442], [-0.09065660089254379, 0.05978649854660034, 0.08740600198507309]]",4a8ad213828a556952da9f2ed21c9d005b4d0fd3377aff5303795256df261c96,pass,
male,FJ3354,Right third metacarpal bone,skeletal,345,586,"[[-0.27234598994255066, 0.7989512085914612, 0.01232600025832653], [-0.252485990524292, 0.8633192181587219, 0.042732998728752136]]",c2a81e7095b048d6d377f3eac4ca48795cb138e958b6d47d1e8e0568ccc55b96,pass,
male,FJ3355,Right third metatarsal bone,skeletal,381,620,"[[-0.1335960030555725, 0.011733800172805786, 0.01836100034415722], [-0.09832219779491425, 0.054438699036836624, 0.08085700124502182]]",e20035df420f5e6042a281d0c3f6b008aeee1da88de38c8f9493a64efcf43c76,pass,
male,FJ3356,Right fourth metacarpal bone,skeletal,280,422,"[[-0.25374099612236023, 0.8033902049064636, 0.01591699942946434], [-0.2414260059595108, 0.8632692098617554, 0.04197100177407265]]",0c60a54b73f8369b1435fd17401f19b7e60d69ecee70cb5d1cc2797cc9bb0566,pass,
male,FJ3357,Right fourth metatarsal bone,skeletal,333,554,"[[-0.14267000555992126, 0.010767299681901932, 0.006976000033318996], [-0.10186699777841568, 0.04615269973874092, 0.0696839988231659]]",8c19009810180d60d37e4325d799b91235b82a807d377cd3f6ee43102e728376,pass,
male,FJ3358,Right fifth metacarpal bone,skeletal,236,428,"[[-0.24531400203704834, 0.8101271986961365, 0.020075999200344086], [-0.22520199418067932, 0.8650302290916443, 0.044520001858472824]]",077f963e2d7a88fc8388ccbb37fb30077e9f2098362401bd7cfca4bec467e9e1,pass,
male,FJ3359,Right fifth metatarsal bone,skeletal,371,670,"[[-0.15233099460601807, 0.00829160027205944, -0.01061789970844984], [-0.10645800083875656, 0.038231801241636276, 0.05507799983024597]]",7def12f1f7c6e73922c96e994cdce84973a294f779c362fedc58ec489c806174,pass,
male,FJ3360,Right calcaneus,skeletal,641,1076,"[[-0.10078100115060806, 0.009620499797165394, -0.07599490135908127], [-0.04487580060958862, 0.05895650014281273, -0.005851500201970339]]",c23985d5c20ca9cb555d3cfe8c21092052e906e0a6e5731974d6e52dd689a7bf,pass,
male,FJ3361,Right capitate,skeletal,245,406,"[[-0.2644819915294647, 0.860302209854126, 0.010533999651670456], [-0.2484010010957718, 0.8827081918716431, 0.02749199979007244]]",e8d1e5aa22c74ee8de292593fafdb19db910cfcfd46bd9100dceea02e1d7aea7,pass,
male,FJ3362,Right clavicle,skeletal,420,820,"[[-0.1452769935131073, 1.3867311477661133, -0.0454769991338253], [-0.009735070168972015, 1.4335511922836304, 0.04694800078868866]]",73039138094fa798b8b5e195ea76f577e7cec2140220431f50528f21a633b631,pass,
male,FJ3364,Right cuboid bone,skeletal,488,822,"[[-0.11508499830961227, 0.02698959968984127, -0.01626729965209961], [-0.08236649632453918, 0.056022901087999344, 0.016767999157309532]]",8c4b7cdc407e143d1800e70d01c38189f5b7c6969f0a17742f4199b881864c63,pass,
male,FJ3365,Right femur,skeletal,480,930,"[[-0.14996400475502014, 0.4462611973285675, -0.05046980082988739], [-0.03189430013298988, 0.9118542075157166, 0.011939000338315964]]",a72140a628c8ae77f809ef1a8401f8c900ffddb2c22210ee2710328afa079e4a,pass,
male,FJ3366,Right fibula,skeletal,162,298,"[[-0.12016499787569046, 0.05283129960298538, -0.05151259899139404], [-0.08435569703578949, 0.4369522035121918, -0.022156599909067154]]",4f865aec3a44b6b2dbf0e56f2d6eeb8aff665fc509adda9d06a9360bdaeeefc3,pass,
male,FJ3367,Right hamate,skeletal,316,490,"[[-0.2519280016422272, 0.8594042062759399, 0.011405999772250652], [-0.23659999668598175, 0.8787642121315002, 0.03393099829554558]]",1eadf3fcae251380b0dc0f5279d49c5332372c4d3bae53f4c40fc6b7d5c9b1f3,pass,
male,FJ3368,Right humerus,skeletal,794,1070,"[[-0.2407439947128296, 1.1075712442398071, -0.04896090179681778], [-0.1401520073413849, 1.4145711660385132, 0.00021899999410379678]]",46e0ee18400683b1b7d70d8fdd80a85726fa9c07f0c5538562a8862b42fc9491,pass,
male,FJ3369,Right inferior nasal concha,respiratory,530,636,"[[-0.01653210073709488, 1.5566312074661255, 0.02996099926531315], [-0.00668817013502121, 1.5765912532806396, 0.06632699817419052]]",75891c0e62f215aaef62c3a91f9ab927830787b5fefba877c4f9ebc03ccab3b2,pass,
male,FJ3370,Right intermediate cuneiform bone,skeletal,278,430,"[[-0.10200700163841248, 0.04367459937930107, 0.009584999643266201], [-0.08185949921607971, 0.06672579795122147, 0.03053399920463562]]",02d1a1fe673b4faf16ad27af9c05b1ae0cb75623a85c1b560e1af8987c376ef1,pass,
male,FJ3371,Right lacrimal bone,skeletal,378,658,"[[-0.01804189942777157, 1.5799912214279175, 0.050946999341249466], [-0.00748647004365921, 1.6054612398147583, 0.06550999730825424]]",cbf9c7292a1198be123f3c083b82ca590f02b2e19712ca241e2ba26f70b62255,pass,
male,FJ3372,Sesamoid bone of right foot,skeletal,73,80,"[[-0.09416040033102036, 0.010321900248527527, 0.07549300044775009], [-0.08706109970808029, 0.016522999852895737, 0.08477900177240372]]",6347f5c7518064436406c7eb4c4edf105fd454e89c603609d873a3a375e9d135,pass,
male,FJ3373,Right lateral cuneiform bone,skeletal,380,600,"[[-0.11287499964237213, 0.0375467985868454, 0.0008379999781027436], [-0.08719830214977264, 0.06325499713420868, 0.025232000276446342]]",1a99bda533099cd1ae881d077f44527f86651ec3991cb0f7ef96b744009e0c0d,pass,
male,FJ3374,Right lunate,skeletal,191,324,"[[-0.2527239918708801, 0.8755722045898438, 0.010634999722242355], [-0.23620200157165527, 0.887931227684021, 0.026923999190330505]]",b113afdef3f08027756505b33614b7a2af26671dca14976a8050507eea7e7ca7,pass,
male,FJ3375,Right maxilla,skeletal,2591,3660,"[[-0.04755749925971031, 1.5421011447906494, 0.029373999685049057], [-0.00025105400709435344, 1.6114611625671387, 0.08402899652719498]]",85c934f7622012b09ff793e6c580daf0df9315253188a2db74442145508179cb,pass,
male,FJ3376,Sesamoid bone of right foot,skeletal,103,156,"[[-0.10300800204277039, 0.008847099728882313, 0.07073800265789032], [-0.09477859735488892, 0.016387900337576866, 0.08355999737977982]]",cf018d58e0b5f6ab715078e5ff986c963556d3be17bd6d137e0cd06f91e082bd,pass,
male,FJ3377,Right medial cuneiform bone,skeletal,553,838,"[[-0.0941276028752327, 0.03283800184726715, 0.011982000432908535], [-0.06600440293550491, 0.06388159841299057, 0.0405069999396801]]",bfa11428c7daaecfd3a79e350ec3ac83a5238862d88014eb5128e15e307acc96,pass,
male,FJ3378,Right nasal bone,skeletal,253,392,"[[-0.009148710407316685, 1.579281210899353, 0.06958500295877457], [-0.0007414110004901886, 1.6113011837005615, 0.09083300083875656]]",b55b7ca87ba715d58f98e7e7ca76c4ac802e8c7b23c41e13a44e58c3b7098dd3,pass,
male,FJ3379,Right palatine bone,skeletal,994,1486,"[[-0.028810400515794754, 1.5485612154006958, 0.0033130000811070204], [0.00014722099876962602, 1.5914511680603027, 0.04990699887275696]]",2b2992c07aa37d6047f54cbf22124c99fc832d5feeb37cb7155a9c1748a99c01,pass,
male,FJ3380,Right parietal bone,skeletal,2734,3694,"[[-0.07618050277233124, 1.5959912538528442, -0.11478090286254883], [0.0048177000135183334, 1.714321255683899, 0.027830999344587326]]",98ff4deb8e6ac6e91e93b4d98c7f232c0cc3d92dbd2c36001c46fd2cca809267,pass,
male,FJ3381,Right patella,skeletal,176,304,"[[-0.10228800028562546, 0.4395971894264221, 0.0009919999865815043], [-0.06062079966068268, 0.47890719771385193, 0.0227269995957613]]",61182095a8836d1a4e106748af15edc3c1a3ee8cbb851a163dbfd6aae060eb71,pass,
male,FJ3382,Right pisiform,skeletal,110,190,"[[-0.24021999537944794, 0.8677862286567688, 0.02724899910390377], [-0.23195600509643555, 0.879436194896698, 0.037657998502254486]]",735428aab3bd3ba683e45c7993365ab47660b4d4fc2c3741961265fdc190f64e,pass,
male,FJ3383,Right scaphoid,skeletal,185,302,"[[-0.27305999398231506, 0.8744652271270752, 0.011574000120162964], [-0.249331995844841, 0.8899012207984924, 0.026662999764084816]]",60c2a4782489c45bd3587404a9885436524d00eeca721acf5579237ea2b48940,pass,
male,FJ3384,Right scapula,skeletal,2896,5756,"[[-0.1664550006389618, 1.2621512413024902, -0.10506787151098251], [-0.05706530064344406, 1.4279712438583374, 0.0028470000252127647]]",3faa1d50150b12b480e60441f0dce52eb97415b9e7200c656d5e21e2aa60e669,pass,
male,FJ3385,Right talus,skeletal,709,1184,"[[-0.09011360257863998, 0.04695510119199753, -0.051245998591184616], [-0.04962730035185814, 0.08122213184833527, 0.005568999797105789]]",62d4328c40064e28058d83594c1959442e359490fcb42295f21dec868440dbd0,pass,
male,FJ3386,Right temporal bone,skeletal,1976,2906,"[[-0.0739893987774849, 1.5536812543869019, -0.06498739868402481], [-0.012695100158452988, 1.6296311616897583, 0.03373600170016289]]",4582325584568d7496739d234ad28530294ad086778e7149da6a8295e01ff4dd,pass,
male,FJ3387,Right tibia,skeletal,334,634,"[[-0.10919199883937836, 0.07208680361509323, -0.04792710021138191], [-0.03521599993109703, 0.4520311951637268, 0.014835000038146973]]",6dc9c4b182d59961c95a7a0955ae207bdbeecb3161c9b4c9fbfecb30077c49db,pass,
male,FJ3388,Right trapezium,skeletal,272,424,"[[-0.2817220091819763, 0.8639162182807922, 0.017729999497532845], [-0.26493799686431885, 0.8838441967964172, 0.03457599878311157]]",52fa72967c7706896c2d890c328073348adeeaf1ccc37d4fabd3aaf1e6308632,pass,
male,FJ3389,Right trapezoid,skeletal,267,354,"[[-0.27326101064682007, 0.8609762191772461, 0.013527000322937965], [-0.2621400058269501, 0.8734222054481506, 0.028387999162077904]]",321f6ee5176954436756fca338e6fff39abfd75bf5c2c20ccec490d7d193a434,pass,
male,FJ3390,Right triquetral,skeletal,139,170,"[[-0.24276599287986755, 0.8668801784515381, 0.014631000347435474], [-0.23215700685977936, 0.8807011842727661, 0.029735999181866646]]",ceeb6298878b3a3451b357c3a120639e57a100ec7291ca9fd3eb7504d11a940c,pass,
male,FJ3391,Right ulna,skeletal,305,482,"[[-0.24717900156974792, 0.8832842111587524, -0.05520080029964447], [-0.1968809962272644, 1.1305612325668335, 0.023493999615311623]]",6724cbe4498da82d56753edbaba82db9f84eb8b9d32ec75c83840542a9bb5460,pass,
male,FJ3392,Right zygomatic bone,skeletal,717,1146,"[[-0.06457789987325668, 1.5587512254714966, 0.02177399955689907], [-0.033234599977731705, 1.6147512197494507, 0.06145299971103668]]",8e7b66ee29bf7a60fd3369ae7d8a3824b0936c5e3c0970523748e8a4257e68b5,pass,
male,FJ3393,Sacrum,skeletal,2771,5058,"[[-0.05948539823293686, 0.8609741926193237, -0.10725375264883041], [0.05816299840807915, 1.0053112506866455, -0.018603600561618805]]",8a0b99bb27acd1bb6484ff3268cb88e2c466388ff2939615ce0f28f6038bf2cc,pass,
male,FJ3394,Sphenoid bone,skeletal,2791,4238,"[[-0.05631979927420616, 1.557021141052246, -0.009587300010025501], [0.05503290146589279, 1.6265711784362793, 0.0450190007686615]]",99844435c8a59529f2280f775cbb139828c613af2031f86556d83bc96707d9a3,pass,
male,FJ3395,Vomer,skeletal,820,1586,"[[-0.0061112199909985065, 1.5527012348175049, 0.010746999643743038], [0.004811040125787258, 1.5962212085723877, 0.06580100208520889]]",a034e1c36c586a10e5c20ce293a0e95eaed74b6697a99983a0b8d05a33429352,pass,
male,FJ3396,Mesentery of small intestine,digestive,45140,25172,"[[-0.07970249652862549, 0.8979582190513611, 0.020225999876856804], [0.09255000203847885, 1.1084611415863037, 0.0688140019774437]]",4bc79924347816c70fb50e8f6bd328c1240198efe349a7a111b7d571a6e9477b,pass,
male,FJ3397,Mesoappendix,digestive,512,814,"[[-0.0830909013748169, 0.9483531713485718, -0.013863399624824524], [-0.01980699971318245, 0.9937021732330322, 0.026007000356912613]]",bb5d0486aeadf92a400a45e73df49b27513585bd366b3ba45106a4a5afc845c4,pass,
male,FJ3398,Transverse mesocolon,digestive,850,872,"[[-0.08190000057220459, 0.9389832019805908, -0.049410201609134674], [0.09114609658718109, 1.1417311429977417, 0.08177000284194946]]",5a2fdabceb65e125a107cdca18717f06768bf13866d8cf9697d1fc3758b25b8c,pass,
male,FJ3399,Ascending branch of left colic artery,arterial,233,320,"[[0.03044769912958145, 1.0551501512527466, 0.004087999928742647], [0.06259579956531525, 1.1445411443710327, 0.02884799987077713]]",daea5ae53338ad42d2fc1d1e2aa45653eac4a5dcc1b4d9dc0ba9bfc9278bc75c,pass,
male,FJ3400,Left colic vein,venous,217,306,"[[0.028459200635552406, 1.0531961917877197, 0.001303000026382506], [0.06007630005478859, 1.1436312198638916, 0.02445800043642521]]",f3e53e0a526772d8ccbf6f40277a0072d16a3f7fabf220144d08ea6d2be30ce7,pass,
male,FJ3401,Anterior inferior pancreaticoduodenal artery,arterial,210,342,"[[-0.04617710039019585, 1.0852712392807007, 0.03191399946808815], [-0.014678199775516987, 1.1047011613845825, 0.045051999390125275]]",764af25968179f97a4a60cfa3d1bb2c73d57026843fcce5cf4a83913afc8b3fc,pass,
male,FJ3406,Anterior cecal artery,arterial,96,118,"[[-0.07260700315237045, 1.0000861883163452, 0.01945899985730648], [-0.05840099975466728, 1.007195234298706, 0.022532999515533447]]",45a8fca613120d62c4e647b7a8fad61018d1b25aabbb155cbc307e41706fc9f0,pass,
male,FJ3409,Anterior superior pancreaticoduodenal artery,arterial,270,422,"[[-0.04665619879961014, 1.101251244544983, 0.028666000813245773], [-0.009125979617238045, 1.144051194190979, 0.03998100012540817]]",aac2abe207419484c18ded5be3485d95fd53839e0dc50828ec9e7c53a49bd351,pass,
male,FJ3410,Appendicular artery,arterial,577,622,"[[-0.05561809986829758, 0.950823187828064, -0.011612599715590477], [-0.02348490059375763, 1.0179651975631714, 0.0245520006865263]]",20969a557d76b7bd717e28a433777c2241eb656d104c973e7135c31dd0aabadc,pass,
male,FJ3411,Arch of aorta,arterial,337,596,"[[-0.006747670006006956, 1.3600112199783325, -0.05015509948134422], [0.03483780100941658, 1.3952012062072754, 0.03716300055384636]]",3a2524acbdcef0d2da231d6fab5fc55ad28cbbe7bcc172f1a950868d12ffe1d6,pass,
male,FJ3413,Ascending aorta,arterial,225,388,"[[-0.00682218000292778, 1.312171220779419, 0.006661999970674515], [0.028943000361323357, 1.3600112199783325, 0.037438999861478806]]",eac75e484ebad45a7ec034a36ee7424d10598c5d285975285dd57b0a3f2343b4,pass,
male,FJ3414,Ascending branch of inferior branch of ileocolic artery,arterial,257,348,"[[-0.07209669798612595, 1.034729242324829, 0.015258999541401863], [-0.02584349922835827, 1.068433165550232, 0.03392599895596504]]",e3d83e8242fa19bc2e2631f3a4d62538628ed5eeea6d42d82caab02ee7383b23,pass,
male,FJ3415,Ileocolic vein,venous,267,428,"[[-0.07418390363454819, 1.0348021984100342, 0.01160299964249134], [-0.028059599921107292, 1.0684092044830322, 0.030477000400424004]]",aaefb155c639cf77c4cf3c26adb456226000aac52671af511ad057db2083082f,pass,
male,FJ3416,Azygos vein,venous,2010,4016,"[[-0.018130099400877953, 1.151881217956543, -0.040092501789331436], [-0.005628569982945919, 1.3693811893463135, 0.013012999668717384]]",7dbf82bc7a61e310ae05fb7a629512657184bed073ba78fd3a66da88d82e423a,pass,
male,FJ3417,Brachiocephalic artery,arterial,158,258,"[[-0.01928279921412468, 1.382431149482727, 0.0019729998894035816], [0.018245700746774673, 1.4203912019729614, 0.01965700089931488]]",647854bc002bcace7488fde62e5788c18bec22e89b5b9515cb0b660b61fccd77,pass,
male,FJ3418,Bronchial branch of arch of aorta,arterial,503,624,"[[-0.029621800407767296, 1.3398511409759521, -0.02992909960448742], [0.017291400581598282, 1.381201148033142, -0.020907800644636154]]",3aa12070755243f260aeb425323197b8ba31e27dfe798bce4534b2242708518a,pass,
male,FJ3419,Caudal pancreatic artery,arterial,475,418,"[[0.029341600835323334, 1.1384412050247192, -0.004519899841398001], [0.05827099829912186, 1.1506712436676025, 0.005410999990999699]]",738ef6ddcd662f8d2201f6e7f717a682b9a087faefba1e329e94ed22188dbb8b,pass,
male,FJ3420,Splenic artery,arterial,590,426,"[[0.044057898223400116, 1.1450011730194092, 0.0032629999332129955], [0.05083639919757843, 1.1539812088012695, 0.008564000017940998]]",cc283c49825e26018f9ffa624654ef1a2993ec5634fbe60a309a23ecf056e809,pass,
male,FJ3421,Celiac trunk,arterial,133,238,"[[0.001104069990105927, 1.1557612419128418, 0.007594000082463026], [0.012240299955010414, 1.1679412126541138, 0.030787000432610512]]",9d4456469c3dab1d15ea2808e8a12c4e5e864ae33f5417c22fd646a950d99857,pass,
male,FJ3426,Left superficial dorsal vein of penis,venous,544,1072,"[[-0.005041069816797972, 0.7929801940917969, 0.002320999978110194], [0.005067769903689623, 0.8698531985282898, 0.0902480036020279]]",2cce04b3692fbeb1f2e3439cc19eef32aa969eb7cb72c80c055160b076511186,pass,
male,FJ3427,Descending aorta,arterial,535,1002,"[[-0.0024112199898809195, 1.0248901844024658, -0.05489480122923851], [0.03469640016555786, 1.3600112199783325, 0.031210999935865402]]",35521722cde765f26247966dbcfb0fb473b30eff14c326c480f53e38241a4ae0,pass,
male,FJ3428,Descending branch of left colic artery,arterial,286,464,"[[0.028031200170516968, 1.0204261541366577, 0.01066999975591898], [0.06521960347890854, 1.0588752031326294, 0.0298289991915226]]",a4610c4e16ba67630764e71f8fec8769138cbfe20ce12c30cd45c70ea63d1094,pass,
male,FJ3429,Left colic vein,venous,298,436,"[[0.030882900580763817, 1.0203971862792969, 0.005417000036686659], [0.0681942030787468, 1.0587542057037354, 0.02371699921786785]]",c407b56e5069588f532c451102f40cf1e3f93187c78565099493b450b8cd4c17,pass,
male,FJ3430,Dorsal pancreatic artery,arterial,244,456,"[[0.003426260082051158, 1.1249312162399292, 0.022631999105215073], [0.010063299909234047, 1.1559011936187744, 0.031975001096725464]]",12668be509d547e4d2850a396446994b98dc1c149b7a88894d0d8a2e56048dcd,pass,
male,FJ3431,Set of oesophageal branches of thoracic aorta,arterial,545,686,"[[-0.014080200344324112, 1.2781811952590942, -0.04552210122346878], [0.021890999749302864, 1.3348711729049683, -0.014110799878835678]]",29253e749cf3dabc684b0b3d1dd5c06f8bc00a605e1bdba12d36d6699a32de84,pass,
male,FJ3432,Trunk of gastroduodenal artery,arterial,117,200,"[[-0.011357899755239487, 1.1432112455368042, 0.03584299981594086], [-0.005860359873622656, 1.1562912464141846, 0.0413069985806942]]",e2aab4f10e74cf69e6bd9ce5c43502e2a76ebc9e44124e79da76916912fb7ca9,pass,
male,FJ3433,Great pancreatic artery,arterial,141,264,"[[0.0411032997071743, 1.1439212560653687, 0.0003929999948013574], [0.044960200786590576, 1.1535311937332153, 0.008596000261604786]]",6651b596ec7dbb7286ebdf1bac22d2afebcba18b9e1f888578fe79fac37e032d,pass,
male,FJ3434,Hemiazygos vein,venous,471,938,"[[-0.0157638993114233, 1.1483912467956543, -0.044859498739242554], [0.024000199511647224, 1.2523411512374878, -0.02424279972910881]]",2eb3d026877dc6f1f8d44aaf47fd85bc3cff93a9a6c13b3f50803fcdc11d40e4,pass,
male,FJ3437,Ileal artery,arterial,123,168,"[[-0.05330659821629524, 1.0147452354431152, 0.021474000066518784], [-0.029144499450922012, 1.035142183303833, 0.03229999914765358]]",9892d01aae240ebc6440062f6564cf964e380ef32fcb30a9d0192c92091fb84d,pass,
male,FJ3438,Ileal vein,venous,123,184,"[[-0.0551082007586956, 1.0150412321090698, 0.01846200041472912], [-0.030953500419855118, 1.0357131958007812, 0.029410000890493393]]",eb2eb38639688485bf41ca68fba76dd5eafcbd8b78c45cfcb8265756bec3559b,pass,
male,FJ3439,Ileocolic artery,arterial,131,234,"[[-0.03138050064444542, 1.0325771570205688, 0.029635999351739883], [-0.005439819768071175, 1.06150221824646, 0.04436999931931496]]",a0be5b2f5829af6cd49c086e227978999069ccb3fdd0396fcfb2a3babd53a8b5,pass,
male,FJ3440,Ileocolic vein,venous,149,222,"[[-0.03331900015473366, 1.0329512357711792, 0.026233000680804253], [-0.011109599843621254, 1.0572892427444458, 0.03813000023365021]]",b24ce944a473433c323267b373f5913ebc7804d1b4a21e764edeab849cbbff88,pass,
male,FJ3441,Inferior vena cava,venous,223,324,"[[-0.02669830061495304, 1.1730711460113525, 0.0035520000383257866], [-0.004018140025436878, 1.268611192703247, 0.02649799920618534]]",7734c2f23f0ab412e057c6dee6b228f5e9cebb38f1faee78e0f9d5e8bc0326a0,pass,
male,FJ3442,Inferior mesenteric artery,arterial,207,368,"[[0.004192970227450132, 0.9771612286567688, 0.013272999785840511], [0.018455900251865387, 1.0642272233963013, 0.036719001829624176]]",f1fa257ef7b8ceee12faf8bcfa448d07c94be5c967b7e7685828e06b02974c81,pass,
male,FJ3443,Inferior mesenteric vein,venous,136,242,"[[0.005462210159748793, 0.9786602258682251, 0.01133699994534254], [0.02691590040922165, 1.1476612091064453, 0.031082000583410263]]",e297d1f080359e3de31959dee58f63d61011875db98108148aeed5612a4190cd,pass,
male,FJ3444,Inferior pancreatic artery,arterial,227,400,"[[0.009297589771449566, 1.124521255493164, 0.004604000132530928], [0.03003549948334694, 1.139281153678894, 0.025527000427246094]]",17369c9dda74057ad7d3ab61d13ba141c659a324ef6c61ebcf8d44a8256d98db,pass,
male,FJ3446,Inferior pancreaticoduodenal artery,arterial,154,260,"[[-0.016132399439811707, 1.102701187133789, 0.03425699844956398], [-0.0008219649898819625, 1.107371211051941, 0.044165998697280884]]",0110abf2b5ea22e252a2e86a8d8eb1e43fca4f2d173bef30117687280eebe5ef,pass,
male,FJ3447,Inferior phrenic vein,venous,314,430,"[[-0.009115059860050678, 1.111631155014038, -0.009800000116229057], [0.036093201488256454, 1.2589812278747559, 0.04288199916481972]]",93e6411e658c626c77ce23a0e09c893f5ac65d2be1683bae34271ca185fdd546,pass,
male,FJ3448,Inferior phrenic vein,venous,410,420,"[[0.024898899719119072, 1.1736712455749512, -0.014031300321221352], [0.11363500356674194, 1.244521141052246, 0.04946599900722504]]",ead00e368053b4bb46431fe25c72b7ce8181e32f8bf01886738e3a4b7bb6641f,pass,
male,FJ3449,Inferior phrenic vein,venous,360,320,"[[0.029783200472593307, 1.1986112594604492, 0.025481000542640686], [0.10896600037813187, 1.2524311542510986, 0.04832199960947037]]",4d035ce403582f410df17c9242b6394aab8f4a173aca483185dc4cb6b9180ec4,pass,
male,FJ3450,Inferior phrenic vein,venous,242,252,"[[0.012199999764561653, 1.2440211772918701, 0.040410999208688736], [0.024142999202013016, 1.255101203918457, 0.09630600363016129]]",c1d3a9e6c88913138018d7e70906b4f77e2254c68c7fe52b4c94f3f7bdba78ec,pass,
male,FJ3451,Inferior phrenic vein,venous,370,280,"[[0.0862336978316307, 1.1245112419128418, -0.008635199628770351], [0.11724500358104706, 1.2371912002563477, 0.028017999604344368]]",b03e65bffa88b9aea6e56e8dd8add790c4e029d653f386641c7c7896f5e7e171,pass,
male,FJ3452,Inferior phrenic vein,venous,118,218,"[[0.0947825014591217, 1.1138511896133423, -0.03791259974241257], [0.11600399762392044, 1.1716111898422241, -0.005713500082492828]]",4ff867f9378188ec396fbed350a5349f1277e932a8416249b593ef986cd5ff17,pass,
male,FJ3458,Anterior division of left renal artery,arterial,207,410,"[[0.027976199984550476, 1.1165411472320557, -0.01870889961719513], [0.06154540181159973, 1.131271243095398, 0.010317999869585037]]",0d17c3ee3b37013f1916d7a2aeadb9ba5deb8d8ef97d3e3387b0535ff173d0ba,pass,
male,FJ3459,Anterior division of left renal artery,arterial,240,410,"[[0.048041898757219315, 1.0801411867141724, -0.015384900383651257], [0.056505098938941956, 1.1088812351226807, -0.009429199621081352]]",6f67b856ed7f08b4ec57de6e3551bc75a908a8f9a575ef7cad5af2d55446578a,pass,
male,FJ3460,Anterior division of left renal artery,arterial,221,278,"[[0.060492098331451416, 1.086571216583252, -0.02545969933271408], [0.07012449949979782, 1.1357512474060059, -0.012975700199604034]]",321f96d848d33663c6dac33b2638e2e78467705c7db99974af2703048006e702,pass,
male,FJ3461,Anterior division of left renal artery,arterial,1106,1260,"[[0.04194609820842743, 1.074877142906189, -0.02840300090610981], [0.08164049685001373, 1.153211236000061, -0.01075419969856739]]",bdb5b0c1a4e7a499e171b06c80341af01b84b51a3ed08f5a03ebdc3dbb1981b8,pass,
male,FJ3462,Anterior division of left renal artery,arterial,337,668,"[[0.030958199873566628, 1.1186212301254272, -0.022440899163484573], [0.057290900498628616, 1.1440712213516235, 0.006283999886363745]]",c79c0d74aef58c701f3aa4be9eb104f9d9ee59dcdcad466051be206ab47dd31a,pass,
male,FJ3463,Anterior division of left renal artery,arterial,378,748,"[[0.027068400755524635, 1.0896211862564087, -0.019588500261306763], [0.06794419884681702, 1.1217612028121948, 0.009746000170707703]]",b52d8a614cccdb48554ccf424d3d035a8e055ceeab5acf4f7a647a108ac9fdb9,pass,
male,FJ3464,Left common iliac artery,arterial,127,246,"[[0.0009080470190383494, 0.9798442125320435, -0.009364999830722809], [0.03598430007696152, 1.0427461862564087, 0.0297200009226799]]",6ed4c21da90b8f087aadf110e32617920cfa93b0f7dacb19a2b7da4f3b22a211,pass,
male,FJ3465,Left common iliac vein,venous,228,398,"[[-0.015095699578523636, 0.978702187538147, -0.023094499483704567], [0.02624789997935295, 1.0432852506637573, 0.023135999217629433]]",1e1dff9405bfb070205e853fb79ff4fe167deec98412f1b16bd6d3853a9c386b,pass,
male,FJ3466,Left external iliac artery,arterial,226,442,"[[0.02565540000796318, 0.8879432082176208, -0.021863700821995735], [0.06544149667024612, 0.9904472231864929, 0.05294400081038475]]",7b9b6dead1ce8eaf9c383917a7df5ac2e2f33468745a0dbb4d3f0a6ba94f2f11,pass,
male,FJ3467,Left inferior suprarenal artery,arterial,676,742,"[[0.022148799151182175, 1.1183111667633057, -0.03155599907040596], [0.07602550089359283, 1.1663012504577637, 0.00648899981752038]]",5661610be20f4aca80048b66011de5c9c329e59c8e3b9b1eaaae439021a73e70,pass,
male,FJ3468,Left internal iliac artery,arterial,189,262,"[[0.022271500900387764, 0.9234492182731628, -0.08828020095825195], [0.03353879973292351, 0.9879772067070007, 0.0014519999967887998]]",1217312257b6039295b27e3d42581a5d455652afb91743fb5f4f1618a5fe4f72,pass,
male,FJ3469,Left internal iliac vein,venous,130,202,"[[0.012614700011909008, 0.934033215045929, -0.07016470283269882], [0.02407420054078102, 0.9925032258033752, -0.010091600008308887]]",48748d1dbb08853ed0b90315011bd59d2c22e76fe0e381954fb47f3ee78d540c,pass,
male,FJ3470,Left internal iliac vein,venous,118,172,"[[0.017468299716711044, 0.9033182263374329, -0.10278517007827759], [0.02268270030617714, 0.9553362131118774, -0.052942801266908646]]",7013dff6516c85834e2f731626396e87987681cc73c5f062a1446cd2736715a4,pass,
male,FJ3471,Left internal iliac vein,venous,140,172,"[[0.011571800336241722, 0.8675612211227417, -0.11006829887628555], [0.025818200781941414, 0.9355872273445129, -0.06704720109701157]]",f5e38e08e8ec81470c56679f64c6943299fe1297721d56c20eb4dc7d0b89bb35,pass,
male,FJ3472,Left middle suprarenal artery,arterial,495,490,"[[0.008698799647390842, 1.1343611478805542, -0.03389950096607208], [0.05844369903206825, 1.1753911972045898, 0.011803999543190002]]",a6a7540ef99625af9af0f30ca1ac682efcbb9cabd796dd84d2927a7ebc88a4ad,pass,
male,FJ3473,Posterior division of left renal artery,arterial,226,264,"[[0.015954600647091866, 1.115761160850525, -0.03131530061364174], [0.057393498718738556, 1.1223012208938599, 0.012640000320971012]]",86c83a85292b5843a8bd28d5b8baf350a7c966cb908e962f62e685734f6fdaca,pass,
male,FJ3474,Posterior division of left renal artery,arterial,173,252,"[[0.04081679880619049, 1.1064212322235107, -0.028788700699806213], [0.04981150105595589, 1.1172611713409424, -0.02406430058181286]]",9a3ab795a0dbb652d7d600b7bd66d5e32d3867d33603a097470ae366d50e4491,pass,
male,FJ3475,Posterior division of left renal artery,arterial,158,234,"[[0.039267398416996, 1.1197612285614014, -0.030387600883841515], [0.05381070077419281, 1.1224511861801147, 0.000901999999769032]]",c07f751a736031d8457c2b1b90c9ea7740ba14fe51d9a9e83325b8ae18e2ee7e,pass,
male,FJ3476,Trunk of left renal artery,arterial,132,258,"[[0.0037573499139398336, 1.114951252937317, -0.0014575000386685133], [0.038544200360774994, 1.1278212070465088, 0.020231999456882477]]",54f266ece4dc4d25cf83350a708ed8f0bfc51ad79957ff62133bdfcf1afbbf78,pass,
male,FJ3477,Left renal vein,venous,327,638,"[[-0.01576860062777996, 1.1014012098312378, -0.010419400408864021], [0.03169649839401245, 1.1178611516952515, 0.03242599964141846]]",be333b1ff6b5ce9a96bc80670511554551c727c3f532fb714b3ce52016dd2ece,pass,
male,FJ3478,Left renal vein,venous,2324,2280,"[[0.02456440031528473, 1.0757231712341309, -0.032238300889730453], [0.08097639679908752, 1.1527111530303955, -0.002602699911221862]]",07efbf6a1ffb83bde73508e5356df9f868d80732b143de062a56082a73e95f2c,pass,
male,FJ3479,Left subclavian artery,arterial,313,558,"[[0.017685700207948685, 1.3854211568832397, -0.013152199797332287], [0.08654650300741196, 1.4345711469650269, 0.005634000059217215]]",6fa07b10f3eec5c4a5bd03ea2ef1feb3bade287e753d83c1b7a20bf07849def7,pass,
male,FJ3480,Left suprarenal vein,venous,297,374,"[[0.026907600462436676, 1.1157811880111694, -0.030132299289107323], [0.044027701020240784, 1.1811212301254272, -0.01080309972167015]]",4610592deb42d6c306fcc275dde2adde2317c95b6d2d73509314acdb1b60ddd2,pass,
male,FJ3481,Ureteric segment of left renal artery,arterial,414,514,"[[0.026584699749946594, 1.0479252338409424, -0.008282399736344814], [0.03829279914498329, 1.1167612075805664, 0.010231999680399895]]",3819c18b67542efb8796f1baa37b3f2e6ada60f9f6f27c7a5e885c589ab4b55f,pass,
male,FJ3482,Left brachiocephalic vein,venous,375,744,"[[-0.023789700120687485, 1.3739912509918213, 0.01054299995303154], [0.028006799519062042, 1.4261012077331543, 0.032356999814510345]]",4ff8c63de8ea509e791882382fe155bad31a6f07d04d2992bdaa47ef493d41c7,pass,
male,FJ3483,Left common carotid artery,arterial,122,164,"[[0.010820800438523293, 1.3855111598968506, -0.0039936997927725315], [0.022933000698685646, 1.4517911672592163, 0.012223999947309494]]",87cfa03ff42aebda9f2c012386570479f9000f1d5ebd509b7bf2c0965f4daa54,pass,
male,FJ3484,Left external iliac vein,venous,326,580,"[[0.01369170006364584, 0.882553219795227, -0.031689099967479706], [0.0571351982653141, 0.9833211898803711, 0.050512999296188354]]",02f8868fed5ac15cfc91f9d9e6629375ac311a42a041180242458abbcd9b8fbe,pass,
male,FJ3485,Left internal jugular vein,venous,154,272,"[[0.018107499927282333, 1.4155211448669434, 0.011700999923050404], [0.030905399471521378, 1.4585411548614502, 0.022113999351859093]]",b47e11cb4ead4c0c1d6f807c94258a835ab61ec7fbfc4d36de59dabdaa1ff4d8,pass,
male,FJ3486,Left subclavian vein,venous,254,402,"[[0.019380800426006317, 1.4033112525939941, 0.0054419999942183495], [0.09425780177116394, 1.4315812587738037, 0.02107599936425686]]",6f482cd6356978f25b57c456e47fd662ec5e5355315e9ab88224e128dcd767b6,pass,
male,FJ3493,Left ascending lumbar vein,venous,197,388,"[[-0.02752709947526455, 1.0079201459884644, -0.005427700001746416], [-0.007200169842690229, 1.1582012176513672, 0.013934999704360962]]",93508a6ca45d04c7368381cbf4c7c83511908b1eac59c077697e3c1f79cc1738,pass,side_vs_body_midline: review regional laterality; cardiac/hepatic labels can legitimately cross midline
male,FJ3494,Left colic artery,arterial,130,180,"[[0.01297220028936863, 1.049990177154541, 0.026653999462723732], [0.03180000185966492, 1.0571922063827515, 0.0367950014770031]]",e8091bc45f994d080a5dd40c373e8056fdf3be996092c6d7e023578e5a69fcab,pass,
male,FJ3495,Left colic vein,venous,67,102,"[[0.021870199590921402, 1.0510711669921875, 0.021393999457359314], [0.033292900770902634, 1.0560282468795776, 0.02732500061392784]]",ab305c123b4b437b8ca0fe31073864251470c543ced324ea311b30df3bbbc086,pass,
male,FJ3496,Left dorsal artery of penis,arterial,753,1116,"[[0.003462580032646656, 0.8165811896324158, -0.03372130170464516], [0.02631549909710884, 0.8672981858253479, 0.09413699805736542]]",2fe44afd686e58fffa974d1c8edc91aaa03ec82aa66fc4869ee1aa0ac6a707de,pass,
male,FJ3497,Left dorsal artery of penis,arterial,181,320,"[[0.0031222300603985786, 0.811187207698822, 0.0346280001103878], [0.008242569863796234, 0.8661062121391296, 0.08967699855566025]]",afa565f25aaf08f3b69291f7338aeb708e69534d651056fec65e4ea5e1b1ab55,pass,
male,FJ3499,Left gastric artery,arterial,478,904,"[[0.00493378983810544, 1.1590112447738647, 0.022801000624895096], [0.026731599122285843, 1.2043912410736084, 0.06948500126600266]]",bf2e6bcfb366ecfc989adba123b6f4da7ac1082dd71a57ad2bc389f2c9f5cc37,pass,
male,FJ3500,Left gastric vein,venous,581,986,"[[-0.014354299753904343, 1.1605311632156372, 0.023649999871850014], [0.025164300575852394, 1.2102712392807007, 0.06965599954128265]]",fbed505b91b8803a68cdeca67b4881bccf8b4c1ad253015ee89ccaa05df84c6d,pass,
male,FJ3501,Left gastro-epiploic artery,arterial,280,532,"[[0.05756140127778053, 1.1245511770248413, 0.001290000043809414], [0.09298229962587357, 1.1631711721420288, 0.0658160001039505]]",445e565ed5e13c50b1f8a90283be8d8ce0d63c6a263a5816ffd02e6e45f18c45,pass,
male,FJ3502,Left gastroepiploic vein,venous,238,300,"[[0.060096099972724915, 1.1248111724853516, 0.0015259999781847], [0.09455669671297073, 1.1621211767196655, 0.07183700054883957]]",63161f2261963c85ad680732908a2444c2aa6c91c50798daa9d5e8eaa6dc5839,pass,
male,FJ3510,Left iliolumbar vein,venous,1204,2352,"[[0.013863200321793556, 0.9605752229690552, -0.05314509943127632], [0.12721900641918182, 1.038440227508545, 0.03384599834680557]]",05dfbd7828e294b9ab0b10f12437a2ed18c5df71e57904053b0471e9e390a315,pass,
male,FJ3511,Left inferior epigastric artery,arterial,752,1500,"[[0.02179820090532303, 0.9087702035903931, 0.009166999720036983], [0.04859219864010811, 1.1085511445999146, 0.085377998650074]]",d33db10d6dccccada92a2f8ab67b22d13442b6c98906923af9d83c4bc5a41455,pass,
male,FJ3512,Left inferior epigastric vein,venous,825,1642,"[[0.018132200464606285, 0.909477174282074, 0.011470000259578228], [0.04179070144891739, 1.1091811656951904, 0.0869240015745163]]",2ef06de227a8a9d56d4c7401250ea3628ce318a6d23a5030aa2241bfc53e04ef,pass,
male,FJ3513,Left inferior gluteal vein,venous,1250,2496,"[[0.013007700443267822, 0.8313851952552795, -0.11540070176124573], [0.05242500081658363, 0.9518641829490662, -0.03593210130929947]]",9ab0ccb38e80e8f49a5c046beaa0f1bd7aed86d6725d57d4a2a9b3300da81ce4,pass,
male,FJ3514,Left inferior phrenic artery,arterial,467,544,"[[0.00391562981531024, 1.1651811599731445, -0.01994270086288452], [0.039778098464012146, 1.254661202430725, 0.09759499877691269]]",5ffa603fcc7f21062b576ce797bf544ba5b49ba37dc44b04968c2fabc5a1e597,pass,
male,FJ3515,Left inferior phrenic artery,arterial,439,486,"[[0.0315743014216423, 1.116591215133667, -0.040786001831293106], [0.11609099805355072, 1.242321252822876, -0.0065172999165952206]]",a0511c2b2f47c9293e80e4dccb8232d197084044505fa447b068384a68de64f1,pass,
male,FJ3516,Left inferior phrenic artery,arterial,277,290,"[[0.03620389848947525, 1.2239311933517456, 0.026396000757813454], [0.09625309705734253, 1.2505111694335938, 0.05314100161194801]]",a82df062844d5a35504235b74a0e4ded457ac039c4f5ae4e09bb115515238a08,pass,
male,FJ3517,Left inferior phrenic artery,arterial,283,298,"[[0.09135310351848602, 1.1585111618041992, -0.010567699559032917], [0.11436499655246735, 1.2206212282180786, 0.0728909969329834]]",010e9cb905155f6f3602c6abff31c94ef9f547502d5a7d9ad603bea7c6e65a7a,pass,
male,FJ3518,Left inferior phrenic artery,arterial,400,416,"[[0.052007999271154404, 1.1782312393188477, 0.039058998227119446], [0.08244059979915619, 1.249351143836975, 0.08464699983596802]]",01f602319672939327127d82c5f4d297ee2e5d823e5b4b321bdd11c4b74fc71a,pass,
male,FJ3519,Left inferior phrenic artery,arterial,192,202,"[[0.1135689988732338, 1.1101912260055542, -0.012160000391304493], [0.11694099754095078, 1.1709811687469482, 0.009658999741077423]]",3e893f050adca0c647567d19dbb7e8980b5b9963b559bc4624e593cbd24540b2,pass,
male,FJ3520,Left inferior phrenic artery,arterial,183,176,"[[0.05575310066342354, 1.1872211694717407, 0.08054199814796448], [0.06872809678316116, 1.2287912368774414, 0.09657800197601318]]",dcb981ecf9b4bc13a797ad55d33fb0f3218b0f140796f68a1d8d93aa31738329,pass,
male,FJ3522,Left external iliac vein,venous,99,166,"[[0.007749749813228846, 0.9655792117118835, -0.032191600650548935], [0.018208200111985207, 0.9919782280921936, -0.005857599899172783]]",1fb91163a1da01ab95b7bf2a8344e6e479d7b1f5f94d7d5e3e0277a4095551fb,pass,
male,FJ3523,Left external iliac vein,venous,100,186,"[[0.010739400051534176, 0.9452762007713318, -0.04066209867596626], [0.018199900165200233, 0.9698181748390198, -0.02571370080113411]]",d29bcd48258c6ee6620171661d6ebe0766d99620324f85e99ea578c81b7ba5c0,pass,
male,FJ3524,Left external iliac vein,venous,88,112,"[[0.011540899984538555, 0.953184187412262, -0.04938169941306114], [0.020169900730252266, 0.968822181224823, -0.027344800531864166]]",78181afb288b1c12de0e530a6ab2da0707fcad9ae3b4aaf4909243bb52b179b0,pass,
male,FJ3525,Left internal pudendal vein,venous,869,1638,"[[-0.007419299799948931, 0.8405851721763611, -0.08751779794692993], [0.034202300012111664, 0.9361501932144165, -0.008753799833357334]]",fc6994348223b5d020587159259d57892993f0dee0bfa9a42ef10cb3a66d48ea,pass,
male,FJ3526,Left lateral sacral vein,venous,389,670,"[[-0.003649030113592744, 0.9003582000732422, -0.10245908796787262], [0.018616199493408203, 0.9466161727905273, -0.05852219834923744]]",0f50afbf3b0faf349e7c397fc316e6a5dba4b47319ed700d5be236585d3956d6,pass,
male,FJ3527,Left obturator vein,venous,546,1088,"[[0.013463799841701984, 0.8874682188034058, -0.04833269864320755], [0.0511351004242897, 0.9482781887054443, -0.0075193000957369804]]",645d851a166ee24cbe7686621a94050f372855a6ba95294dcf9260d32bc44ce9,pass,
male,FJ3529,Left superficial epigastric artery,arterial,332,576,"[[0.03291879966855049, 0.8882402181625366, 0.047600001096725464], [0.06613639742136002, 1.036696195602417, 0.10032399743795395]]",315420113f37327013cf50f2f0858c73cf573d7eac88e9a1823a59845ff26c06,pass,
male,FJ3530,Left superior epigastric vein,venous,392,646,"[[0.01419910043478012, 0.8849291801452637, 0.03860199823975563], [0.04356209933757782, 1.0114132165908813, 0.10094799846410751]]",2c4613a062021de7066151714304c6e0a57cc5b8ef15c15a7a973c3a2d1cd184,pass,
male,FJ3531,Left superior gluteal vein,venous,257,310,"[[0.013354199938476086, 0.9273232221603394, -0.07220800220966339], [0.05652179941534996, 0.9748021960258484, -0.03546369820833206]]",9ee28fce5545e7fae44b3a7c0ec760efea3fa402ab0957b3fdea3612419b5f08,pass,
male,FJ3532,Left testicular artery,arterial,1376,2732,"[[0.007519859820604324, 0.7675331830978394, -0.015081999823451042], [0.0698309987783432, 1.1031012535095215, 0.04911499843001366]]",6ea487126020b3e850360d1d3c349bdf9f8afd67bc08545b32a6ce03e0868954,pass,
male,FJ3533,Left testicular vein,venous,1609,3186,"[[0.013302600011229515, 0.7677962183952332, -0.014818900264799595], [0.07252120226621628, 1.1142011880874634, 0.04933600127696991]]",2cbe94ae66f2e40d53ecf823aea5fe619f44a86356d4e79bed600453f7115bd2,pass,
male,FJ3534,Marginal artery of colon,arterial,617,786,"[[-0.07021109759807587, 1.0089682340621948, 0.0016280000563710928], [0.06860890239477158, 1.143701195716858, 0.06988099962472916]]",a7c85397960d1d93217a7ff75f0c6688f3b4b9816ea6308ebc9a3ca633d152a6,pass,
male,FJ3541,Median sacral vein,venous,555,1026,"[[-0.004214080050587654, 0.8752201795578003, -0.08792950212955475], [0.0010249100159853697, 1.008100152015686, 0.008334999904036522]]",8374ed7b215a523482c3f6bf10b809d3bc67c271a1acd09c73ab32acd4cb3c46,pass,
male,FJ3542,Middle colic artery,arterial,546,702,"[[-0.06839799880981445, 1.0915112495422363, 0.01948999986052513], [0.06255369633436203, 1.1431812047958374, 0.07945899665355682]]",df21ec601f1ad9a999892a580ff887e7cba7a4d891787874ae5158752b117842,pass,
male,FJ3543,Middle colic vein,venous,547,716,"[[-0.06619980186223984, 1.0907411575317383, 0.01690799929201603], [0.06088089942932129, 1.1428512334823608, 0.07680899649858475]]",15b937e24c982de07290edacb771b8bda63559193cbd46acb1acdf38427ff1ee,pass,
male,FJ3544,Splenic artery,arterial,1273,1100,"[[0.0195033997297287, 1.137701153755188, 0.0020719999447464943], [0.06854499876499176, 1.156331181526184, 0.021831000223755836]]",4b9b655bffe7e5b59e7b046fab28cbabc7c4be264d41bb7a20fe779f4c3e8a76,pass,
male,FJ3545,Pancreaticoduodenal vein,venous,471,540,"[[-0.04806689918041229, 1.0831612348556519, 0.025154000148177147], [-0.01147919986397028, 1.134681224822998, 0.04575299844145775]]",8ed5c331ea2bf54a7c895060cad7e8ebfd53f50b0ab01032b2729111f8d29589,pass,
male,FJ3546,Posterior inferior pancreaticoduodenal artery,arterial,240,372,"[[-0.035162899643182755, 1.095351219177246, 0.013326999731361866], [-0.011823699809610844, 1.1101611852645874, 0.041404999792575836]]",a14e3ab059b674870156c30e8c6a1643da759dc6bd9c029f33baa1d4764d4c36,pass,
male,FJ3553,Posterior cecal artery,arterial,118,74,"[[-0.06923670321702957, 0.9961112141609192, 0.016510000452399254], [-0.05833360180258751, 0.9997462034225464, 0.021699000149965286]]",5e79ede74b9a01501ab7f018a62fd0172aba9ef82fd455079748d5809cb6b647,pass,
male,FJ3557,Posterior superior pancreaticoduodenal artery,arterial,270,380,"[[-0.03545759990811348, 1.109801173210144, 0.009188000112771988], [-0.01423330046236515, 1.143801212310791, 0.0388839989900589]]",c917105833da7bebe8245a69560d4d11e0b453fc03b4592af769f23c266ab1c7,pass,
male,FJ3558,Anterior division of right renal artery,arterial,217,386,"[[-0.06318610161542892, 1.0738612413406372, -0.006893299985677004], [-0.034494899213314056, 1.1093511581420898, 0.003665999975055456]]",354042ab1ca295d2bc3ec17546a7bc946d8928ed6a256e9ef8616cbc995cfd76,pass,
male,FJ3559,Anterior division of right renal artery,arterial,314,604,"[[-0.05396860092878342, 1.1054412126541138, -0.007814900018274784], [-0.034602098166942596, 1.115111231803894, 0.0033740000799298286]]",80769a7a562bf2cc22e7c7a7e288c1d7040c67ce553848c6f0606630b9ca5897,pass,
male,FJ3560,Anterior division of right renal artery,arterial,314,604,"[[-0.048400599509477615, 1.1073012351989746, -0.010304399766027927], [-0.03692379966378212, 1.1277811527252197, 0.0022990000434219837]]",9a1dcbeac356d7fe07a474986c867fd4bc280b7b83ece83fb49840c4aa8296c8,pass,
male,FJ3561,Anterior division of right renal artery,arterial,259,454,"[[-0.06122269853949547, 1.08790123462677, -0.01136690005660057], [-0.03851339966058731, 1.1077911853790283, 0.0031930000986903906]]",28dd66308ddf635c2aa5c05fe2bcb11b1043a5bfb849bd049419c3bea1279d42,pass,
male,FJ3562,Anterior division of right renal artery,arterial,335,492,"[[-0.06204409897327423, 1.0628892183303833, -0.014658300206065178], [-0.0441959984600544, 1.120191216468811, -0.000448200007667765]]",a34517ea50e630f741b2d2ab08921df9158b8d4df7fda9d35a6f40f1b766079d,pass,
male,FJ3563,Anterior division of right renal artery,arterial,1006,1212,"[[-0.07341039925813675, 1.0586961507797241, -0.020682699978351593], [-0.03292590007185936, 1.137241244316101, -0.002401100005954504]]",dc12a287e1bfa9c35894f6138931c888a395722f1a996726fb12d7d7d463145b,pass,
male,FJ3564,Right common carotid artery,arterial,350,688,"[[-0.021257899701595306, 1.4075311422348022, 0.005382999777793884], [-0.008614440448582172, 1.4514912366867065, 0.017548000440001488]]",3825619842494b4cae69ff70fb4182666933609f1b5d32c2e11e8af5c7b2f9bc,pass,
male,FJ3565,Right common iliac artery,arterial,116,218,"[[-0.03750289976596832, 0.981573224067688, 0.005044000223278999], [0.010176699608564377, 1.0427762269973755, 0.030066000297665596]]",97ecaeadd6b12b9be582ceab6537c3337833a75f80816fbf601c74a3ce04fd36,pass,
male,FJ3566,Right common iliac vein,venous,192,344,"[[-0.03588069975376129, 0.9787431955337524, -0.011666400358080864], [-0.0035885500255972147, 1.0427181720733643, 0.023447999730706215]]",43f1461a9bd74ef22271b8d979a8b4ce24918787ab107ad88d081f3b874b7039,pass,
male,FJ3567,Right external iliac artery,arterial,204,376,"[[-0.06128700077533722, 0.8817241787910461, -0.022202899679541588], [-0.027458300814032555, 0.991651177406311, 0.04449800029397011]]",0b3986fdc3c9af1df55ba93f53beece9594fcff19b9c920b7400017c6e7c643d,pass,
male,FJ3568,Right external iliac vein,venous,329,594,"[[-0.05208659917116165, 0.8738322257995605, -0.037556301802396774], [-0.024808300659060478, 0.9836602210998535, 0.05159100145101547]]",7bd6f0e38fb408d6b2aec1cf8823ef79f86051fc16f8fe023dfed6088929f7fe,pass,
male,FJ3569,Right internal iliac artery,arterial,179,240,"[[-0.03603069856762886, 0.9284762144088745, -0.0725478008389473], [-0.02723490074276924, 0.9888771772384644, 0.01246699970215559]]",09c03057c706a667994c3505be3796212902e5d962afd7958fcb6a27643ffb29,pass,
male,FJ3570,Right internal iliac vein,venous,148,200,"[[-0.03173559904098511, 0.9318212270736694, -0.0634102001786232], [-0.02346709929406643, 0.9899892210960388, -0.0006778999813832343]]",2d0107e054458a30294108ed2d4ada03a04e26524e07c2ec2c9dc511a2f740b0,pass,
male,FJ3571,Right internal iliac vein,venous,131,196,"[[-0.02990639954805374, 0.8944432139396667, -0.09438244253396988], [-0.024303700774908066, 0.9520232081413269, -0.04922639951109886]]",a72f652c8459d0069a912b5a7d2b85dd29880b714653fd533f8ac2e00c49ca0b,pass,
male,FJ3572,Right internal iliac vein,venous,145,184,"[[-0.03881189972162247, 0.8669312000274658, -0.10062593221664429], [-0.016811000183224678, 0.9331982135772705, -0.05974239856004715]]",c109cbd1dc4732c3e1ea730bfd0264c91f11a3bdcf5aca0b7539d965a8876500,pass,
male,FJ3573,Posterior division of right renal artery,arterial,279,460,"[[-0.07423070073127747, 1.0890312194824219, -0.0216170996427536], [-0.0620214007794857, 1.100521206855774, -0.0176790002733469]]",3e665a13216868685ed0416117db1f7eb5dc8d264be6c4ca0a8d21ce5f19d2c7,pass,
male,FJ3574,Posterior division of right renal artery,arterial,212,350,"[[-0.06531289964914322, 1.0843511819839478, -0.022015200927853584], [-0.04898909851908684, 1.1044511795043945, -0.017398599535226822]]",2b089b0c46033b1d97f8cda98e0d28a6008267e1543f60d3544aa5339ffaf384,pass,
male,FJ3575,Posterior division of right renal artery,arterial,281,486,"[[-0.07348430156707764, 1.0986812114715576, -0.02226939983665943], [-0.026832999661564827, 1.1129812002182007, 0.005679000169038773]]",907aa6db5c44b2b1486b2e8332592ee6d5c666b0dbf5e6d3254c7a2fbaf1e754,pass,
male,FJ3576,Trunk of right renal artery,arterial,145,282,"[[-0.040422599762678146, 1.1053311824798584, -0.0018989000236615539], [0.01291900034993887, 1.1265811920166016, 0.020148999989032745]]",3188a394fffbf25a6f3567275f068c1e14ef514d5afb55ea14bf833f85d8782f,pass,
male,FJ3577,Right renal vein,venous,170,328,"[[-0.0313538983464241, 1.0992012023925781, -0.007770500145852566], [-0.00898892991244793, 1.1113111972808838, 0.017223000526428223]]",6692255981f77c1e89443f0301e3bb601c32645adab53877f98ffbd545c41f89,pass,
male,FJ3578,Right renal vein,venous,2388,2386,"[[-0.07335569709539413, 1.0589921474456787, -0.021342899650335312], [-0.023745300248265266, 1.1361912488937378, 0.0013760000001639128]]",154e960dfd84c178d9958239b4a78478f97bdfc6b5bef35b94fc916d8164d9d8,pass,
male,FJ3579,Right subclavian artery,arterial,219,398,"[[-0.08217599987983704, 1.4090511798858643, -0.005645399913191795], [-0.009747290052473545, 1.4311412572860718, 0.012221000157296658]]",723852c924627bc9b81cec83239545c1f67858fe677cf212f350654fe1690441,pass,
male,FJ3580,Right suprarenal vein,venous,386,452,"[[-0.04561290144920349, 1.1153912544250488, -0.012243900448083878], [-0.018481599166989326, 1.1647411584854126, 0.01563199982047081]]",890759e7ead94c207071a86d1442355f4bd1718dc323f13fb188e880b03121e3,pass,
male,FJ3581,Ureteric segment of right renal artery,arterial,173,268,"[[-0.037676598876714706, 1.067852258682251, -0.0018071000231429935], [-0.024166500195860863, 1.106801152229309, 0.0021410000044852495]]",cc0ece42dc81d06827051136b855c222f60f94f3ddc97c691ed3f880888c99f7,pass,
male,FJ3582,Ureteric segment of right renal artery,arterial,211,314,"[[-0.03163729980587959, 1.0605982542037964, -0.00774569995701313], [-0.02520189993083477, 1.0950812101364136, 0.005162999965250492]]",2388a5d8879f3173a0855d615fc145b33e9a7f38d18633efbe14a6c3f1b1307e,pass,
male,FJ3583,Right brachiocephalic vein,venous,274,544,"[[-0.031965501606464386, 1.3761311769485474, 0.00937699992209673], [-0.01029600016772747, 1.4279712438583374, 0.03127099946141243]]",98da41f4e584fe0e779a32447695bd005e5a179e6bf6b207d310c1328a6781ed,pass,
male,FJ3584,Right inferior suprarenal artery,arterial,534,634,"[[-0.07011479884386063, 1.1083911657333374, -0.024466000497341156], [-0.02976970002055168, 1.1496212482452393, 0.003719999920576811]]",495a1243a5caf350a78c54b0cb1370d338c1a1337434d5d1a73889bdec35d498,pass,
male,FJ3585,Right internal jugular vein,venous,153,226,"[[-0.031139999628067017, 1.4185911417007446, 0.012887000106275082], [-0.021712100133299828, 1.4598511457443237, 0.022074999287724495]]",1171bd836fec74f3518725172f10c9d40ab90d44de999c68a01f5ea2455ef45d,pass,
male,FJ3586,Right middle suprarenal artery,arterial,530,514,"[[-0.05493830144405365, 1.1333812475204468, -0.019377000629901886], [0.006600560154765844, 1.1568411588668823, 0.010768000036478043]]",3e633a4bc7207691b93f8e2054fe09e8a887339a2b336c493d8184425020e6e8,pass,
male,FJ3587,Right subclavian vein,venous,199,350,"[[-0.08682870119810104, 1.4058412313461304, 0.008496999740600586], [-0.022342300042510033, 1.4296611547470093, 0.021793000400066376]]",6dfada3e39dd79d48ec52d97c7323a1adebaf62b439111dc5213d36be38a656b,pass,
male,FJ3589,Right ascending lumbar vein,venous,869,1734,"[[0.01181699987500906, 0.9918922185897827, -0.02783159911632538], [0.025227800011634827, 1.15096116065979, 0.003335000015795231]]",9088159ae0d518c745204973004f57c4608c1682df0c82e74e1655785ccb66b9,pass,side_vs_body_midline: review regional laterality; cardiac/hepatic labels can legitimately cross midline
male,FJ3590,Right colic artery,arterial,656,854,"[[-0.0689351037144661, 1.0637881755828857, 0.01875999942421913], [-0.005397090222686529, 1.1172212362289429, 0.04969299957156181]]",ac0d069aeaa4e10d2c4b4a58524e1f110c2ac328c803543fdb340e1c8681d20c,pass,
male,FJ3591,Right colic vein,venous,651,992,"[[-0.07076519727706909, 1.0636022090911865, 0.015052000060677528], [-0.007192700169980526, 1.1171611547470093, 0.044068001210689545]]",10e513b66e9ed09d4c8125ad3a5514f2ddd1d82d17e08da9c17caebe11250c1d,pass,
male,FJ3592,Right dorsal artery of penis,arterial,722,1122,"[[-0.026228800415992737, 0.8165681958198547, -0.03373429924249649], [-0.003193079959601164, 0.8673802018165588, 0.0939050018787384]]",771d5b6c1d98ee94e08d080b2c16da479bc9ec3d493ca6d17a61cb20be1e8e96,pass,
male,FJ3593,Right dorsal artery of penis,arterial,183,338,"[[-0.008301489986479282, 0.8115121722221375, 0.03456500172615051], [-0.0030346300918608904, 0.8658282160758972, 0.0894249975681305]]",290ab057fecfa9641dbb3fe856941b77946b77867c06ef8c02a115a2c6aa7a5c,pass,
male,FJ3594,Right gastric artery,arterial,251,448,"[[-0.01245460007339716, 1.1543011665344238, 0.03763100132346153], [0.021536700427532196, 1.1676912307739258, 0.06949300318956375]]",e3af22846728954fb82afd728b50f7fd70e2dd051b533f0af96e424150414223,pass,
male,FJ3595,Right gastric vein,venous,250,456,"[[-0.02311830036342144, 1.1554611921310425, 0.03745900094509125], [0.0007959119975566864, 1.172531247138977, 0.06355000287294388]]",ca3a02c7dc21dfde86f7e869e6f140e8cf535aac7709cfa49db6e895443da767,pass,
male,FJ3596,Right gastro-epiploic artery,arterial,427,812,"[[-0.018127400428056717, 1.117151141166687, 0.036368001252412796], [0.058381401002407074, 1.1450011730194092, 0.07756000012159348]]",d06fa6ff02629bc10d13b0d8daa236e38f63c98bea92e4131f354d389b518053,pass,
male,FJ3597,Right gastroepiploic vein,venous,326,452,"[[-0.017116699367761612, 1.1064811944961548, 0.03794499859213829], [0.06065019965171814, 1.129851222038269, 0.08030799776315689]]",8555a28ce302701e6cb804399826423adbfa53b9de05deaff6fcc83e9936e14d,pass,
male,FJ3603,Right iliolumbar vein,venous,1266,2334,"[[-0.12852999567985535, 0.9602652192115784, -0.05315440148115158], [-0.02434699982404709, 1.0384331941604614, 0.03384200111031532]]",29220994e6e9831345f5cefa163c52409d949723886ce0cc2c6ae102afec687b,pass,
male,FJ3604,Right inferior epigastric artery,arterial,759,1514,"[[-0.056525200605392456, 0.9087771773338318, 0.009177999570965767], [-0.021819600835442543, 1.1085511445999146, 0.08537700027227402]]",337b8e90d8eb4b68e11cb317bcc984dbb7a72ab4099bcce2134d03e455a29494,pass,
male,FJ3605,Right inferior epigastric vein,venous,858,1712,"[[-0.04234740138053894, 0.9048241972923279, 0.00853000022470951], [-0.018111299723386765, 1.1091711521148682, 0.0869159996509552]]",d06c75bed08d5f344be7ac72dac0f2364ba8414f7784732cbd15e26bc9bee86c,pass,
male,FJ3606,Right inferior gluteal vein,venous,1267,2530,"[[-0.06277669966220856, 0.8320431709289551, -0.10129836946725845], [-0.021879099309444427, 0.9532241821289062, -0.020401500165462494]]",e5ea70b65c4fd33e50d87484974c62ac4be0a63806eac6929259169c865011c8,pass,
male,FJ3607,Right internal iliac vein,venous,79,94,"[[-0.02864079922437668, 0.9659411907196045, -0.01812569983303547], [-0.018973499536514282, 0.992834210395813, 0.005154000129550695]]",a337ec336319ef43f6037ab16fc63e923c7d6840c12d5d9d3dac2ae16e87fe8a,pass,
male,FJ3608,Right internal iliac vein,venous,111,202,"[[-0.027004599571228027, 0.9469732046127319, -0.025752900168299675], [-0.020465200766921043, 0.9706372022628784, -0.01152610033750534]]",7af972ff3b4d7672b09b334e5d45f1a1ee198d97ac1a585b6f3c3640646627b7,pass,
male,FJ3609,Right internal iliac vein,venous,70,74,"[[-0.030346199870109558, 0.9538642168045044, -0.03552810102701187], [-0.02162249945104122, 0.9698122143745422, -0.013357800431549549]]",7d115d30936f0dc4b77d0e9d5dce3e05438ea81b10cd7badc6fd106fa38edd9c,pass,
male,FJ3610,Right internal pudendal vein,venous,856,1618,"[[-0.04455360025167465, 0.841228187084198, -0.07337179780006409], [-0.0029249300714582205, 0.9353411793708801, 0.005373000167310238]]",091a4121fd766b356d29043f7af242ce972bc7fb026af07a51be8341b0f6a011,pass,
male,FJ3611,Right lateral sacral vein,venous,399,682,"[[-0.029012400656938553, 0.9010311961174011, -0.08835340291261673], [-0.006708910223096609, 0.947289228439331, -0.04438040032982826]]",9a2cdbd383561ff265dbae64c97b135be24438b1902c675dc89688ebbf898af7,pass,
male,FJ3612,Right obturator vein,venous,575,1056,"[[-0.06063089892268181, 0.8801501989364624, -0.038836900144815445], [-0.02649250067770481, 0.9455181956291199, 0.001993000041693449]]",3356e720764a7764d02da1320b7dd3a68af816421be63d07bf9d3318a435a102,pass,
male,FJ3614,Right superficial epigastric artery,arterial,371,642,"[[-0.06610990315675735, 0.884162187576294, 0.036619000136852264], [-0.03297390043735504, 1.0366631746292114, 0.10032899677753448]]",c37cec4bdb8a8f8275d7b2065754064ac8f595fd906d5a35813ecd753b6f57b0,pass,
male,FJ3615,Right superior epigastric vein,venous,385,690,"[[-0.043595701456069946, 0.8833011984825134, 0.03248000144958496], [-0.014199599623680115, 1.011459231376648, 0.1009640023112297]]",0001f896a9304cdd20d36aa3a6b1ccd061a099bb929ad08baa4a71d1c8a8dc12,pass,
male,FJ3616,Right superior gluteal vein,venous,242,328,"[[-0.06744439899921417, 0.927852213382721, -0.05821029841899872], [-0.02385069988667965, 0.9754961729049683, -0.021257100626826286]]",d7f4a37ee010bffcab3941bfbd5b730e8e1c1b37edea909582e938b711144364,pass,
male,FJ3617,Right testicular artery,arterial,1439,2846,"[[-0.06756079941987991, 0.7675471901893616, -0.020004000514745712], [0.005688429810106754, 1.104971170425415, 0.049265000969171524]]",95815d06ac303ada4045bbb2ef929eabf52100f258b68a3ee30c936ccf6c655a,pass,
male,FJ3618,Right testicular vein,venous,1556,3000,"[[-0.06967200338840485, 0.7675071954727173, -0.020652899518609047], [-0.011836700141429901, 1.1002612113952637, 0.049522001296281815]]",3bab620056d45982c55f2675ffd15f466b30329ed8fffef2984bf96ec5dc0f7e,pass,
male,FJ3619,Right inferior phrenic artery,arterial,458,598,"[[-0.08399710059165955, 1.1579512357711792, -0.024962399154901505], [0.001109529985114932, 1.2685412168502808, 0.0753910019993782]]",67b85b0dc21d2680dc8af09dab274b8b45418d9f7d73914a1f597a23d5aa7ff8,pass,
male,FJ3620,Right inferior phrenic artery,arterial,396,436,"[[-0.11818400025367737, 1.1604411602020264, -0.016096899285912514], [-0.04555770009756088, 1.2676812410354614, 0.002386000007390976]]",af85c74d79175c574cb7ab9899a48064e2ceeb1ca241353f801ad541fbd9acc7,pass,
male,FJ3621,Right inferior phrenic artery,arterial,275,304,"[[-0.053589701652526855, 1.2479811906814575, 0.017045000568032265], [-0.0315030999481678, 1.2684812545776367, 0.09024100005626678]]",220c9c58fa89bfb1cd78eb04a5240c5431555fdb734cb7da8a822722d266773f,pass,
male,FJ3622,Right inferior phrenic artery,arterial,309,356,"[[-0.11320000141859055, 1.236071228981018, -0.00771970022469759], [-0.07825060188770294, 1.2641011476516724, 0.02806200087070465]]",75a7d5ce19646bec3b764cb5804f27998bed11fd9f8fd43d57e74db787654e4c,pass,
male,FJ3623,Right inferior phrenic artery,arterial,204,218,"[[-0.03799140080809593, 1.2469111680984497, 0.0548119992017746], [-0.006996870040893555, 1.2646311521530151, 0.09802199900150299]]",fda08ef6d007e52ee5309831a451e01d31359e6a1dd9469289660ddf789bfba9,pass,
male,FJ3624,Right inferior phrenic artery,arterial,279,234,"[[-0.11904100328683853, 1.1104512214660645, -0.006784399971365929], [-0.1101280003786087, 1.239671230316162, 0.025252999737858772]]",d191b9342c6e3c7463804f5fb8ae9d18e5e4195c1844b50ce25027814176563b,pass,
male,FJ3625,Right inferior phrenic artery,arterial,302,282,"[[-0.1143689975142479, 1.1461211442947388, -0.05264440178871155], [-0.09422189742326736, 1.199741244316101, -0.009684399701654911]]",73dd2b560bc5bc3d0e3e17ef80022259e1e11e83bf73b14fd4ca1c4df03520df,pass,
male,FJ3626,Right inferior phrenic artery,arterial,236,196,"[[-0.11887799948453903, 1.1043312549591064, 0.018084000796079636], [-0.0996050015091896, 1.1831212043762207, 0.04820000007748604]]",c92640c28f731353ffcae4b0c74c0216ec94c2b2da0b61424990b91d3da39243,pass,
male,FJ3631,Lumbar vein,venous,1068,1942,"[[0.020369499921798706, 1.0300382375717163, -0.056366100907325745], [0.0908425971865654, 1.1165812015533447, 0.002715999959036708]]",fd48c2c7c96e0f6ae91a6711d58e8f3f206d911e6d6b53c40dae6d561bd9cc7b,pass,
male,FJ3632,Lumbar artery,arterial,1409,2652,"[[0.00029766300576739013, 1.0286672115325928, -0.05637580156326294], [0.09273870289325714, 1.1203612089157104, 0.026240000501275063]]",451368500049b8925c5cf5c70279319eed4481da2100033cf65d1451f72e36f4,pass,
male,FJ3635,Lumbar vein,venous,1076,1962,"[[-0.09083680063486099, 1.0303821563720703, -0.056360598653554916], [-0.012372699566185474, 1.1254911422729492, 0.011859999969601631]]",b0d4ba6b181b63266ceccd2760682b9b4daa3de7fb88d542f33f86f48274b0b6,pass,
male,FJ3636,Lumbar artery,arterial,1421,2748,"[[-0.09085070341825485, 1.0290892124176025, -0.05647730082273483], [0.005005389917641878, 1.1238112449645996, 0.021601000800728798]]",a94f36a51511ce2997e639d698a45d2023576a08bd6a7407b29130629294ef00,pass,
male,FJ3637,Right superficial dorsal vein of penis,venous,308,612,"[[-0.0008691709954291582, 0.7928192019462585, 0.0423940010368824], [0.0009052079985849559, 0.8698982000350952, 0.09523099660873413]]",d1ae7c1cde52c488b10bfe02d034278d61470e24b32916e9a4f793103827cea9,pass,
male,FJ3638,Sigmoid artery,arterial,855,1068,"[[0.004181880038231611, 0.9544991850852966, 0.01242200005799532], [0.07038380205631256, 1.0426361560821533, 0.034797001630067825]]",9ae66959a971b62d7bf858cabb0e3b3544cdf8db52977532376d835e559b324a,pass,
male,FJ3639,Sigmoid vein,venous,854,962,"[[0.005724640097469091, 0.9551191926002502, 0.010003999806940556], [0.0711532011628151, 1.0414272546768188, 0.030695000663399696]]",496d6ba901c78b9fbed6388c1d364e409b97a6d48273033ef1f912ca0019d915,pass,
male,FJ3640,Splenic artery,arterial,782,930,"[[0.004662729799747467, 1.1484211683273315, -0.019581900909543037], [0.09903740137815475, 1.1722111701965332, 0.03357800096273422]]",4b8116ebe304f6182b79dc169f7dae88eaf322977b3a7f3cc52cdf8b944218b6,pass,
male,FJ3641,Splenic vein,venous,660,724,"[[-0.012030299752950668, 1.129371166229248, -0.016927799209952354], [0.09985010325908661, 1.1698912382125854, 0.024082999676465988]]",0c29fabb42556ceb7cab242d128cd325b4862edb0cb2d0dddf5863a55d3de8a9,pass,
male,FJ3644,Trunk of superior mesenteric artery,arterial,277,516,"[[-0.06088680028915405, 0.9875181913375854, 0.012052999809384346], [0.008581990376114845, 1.1327011585235596, 0.05118799954652786]]",693df907a282c280f96f57b7addd34d009f62a21526cdabc160b1dd1bd0e81a3,pass,
male,FJ3645,Superior vena cava,venous,296,554,"[[-0.026634899899363518, 1.3529212474822998, 0.003587000072002411], [-0.004109430126845837, 1.3879112005233765, 0.027276000007987022]]",dc6fd566bf318424daed1a2adccc31f4f5b77274c960abf748d59dfcbcdbfd6d,pass,
male,FJ3646,Pancreaticoduodenal vein,venous,254,376,"[[-0.03171350061893463, 1.0987211465835571, 0.014143000356853008], [-0.009474219754338264, 1.1108112335205078, 0.035461001098155975]]",9bec707faa11506daebb2bd976c801af209d0c46050a46dfd7e69f13685e1d4c,pass,
male,FJ3647,Superior mesenteric vein,venous,361,478,"[[-0.06255090236663818, 0.9883242249488831, 0.00914399977773428], [-0.005020520184189081, 1.1449412107467651, 0.049633000046014786]]",5ac7a9e5a389a918a850ca267fe92d82274801a269fa3d0a3af3aa39381dfdbb,pass,
male,FJ3648,Superior phrenic vein,venous,407,394,"[[-0.11078400164842606, 1.2323511838912964, 8.099999831756577e-05], [-0.022414999082684517, 1.2674212455749512, 0.04977399855852127]]",868d916829ddf5f90b4d3604dbd51adfc8091252845666f9a69e1d51f13ec4b5,pass,
male,FJ3649,Superior phrenic vein,venous,272,270,"[[-0.08919999748468399, 1.2624012231826782, 0.006821000017225742], [-0.04468369856476784, 1.268071174621582, 0.03220000118017197]]",d28195445164ac7f6c5d30d3c3e338317cb3d6cb81f5b0d87c5fb9d3314ef70f,pass,
male,FJ3650,Superior phrenic vein,venous,310,302,"[[-0.04236119985580444, 1.2514111995697021, 0.018882999196648598], [-0.007000000216066837, 1.2667012214660645, 0.09086500108242035]]",4976aebcab73523bde052cd4927cd23b80ba9416e7206fa4d8d8fab3b24f8f71,pass,
male,FJ3651,Superior phrenic vein,venous,240,270,"[[-0.07748360186815262, 1.2488712072372437, 0.02203500084578991], [-0.036486901342868805, 1.2679412364959717, 0.07730700075626373]]",7bac537e43551c0d897b7165030c924b3fc1e3d8afc663872d3478813be84fd2,pass,
male,FJ3652,Superior phrenic vein,venous,374,296,"[[-0.11790899932384491, 1.14332115650177, -0.006713300012052059], [-0.07814899832010269, 1.265801191329956, 0.03931000083684921]]",be3bbb9878c3f283141afb862ef95c46a8a819d0436a2df6a72c9f623a437784,pass,
male,FJ3653,Superior phrenic vein,venous,513,394,"[[-0.11821600049734116, 1.1206811666488647, -0.047600001096725464], [-0.07680430263280869, 1.2668712139129639, 0.02767300046980381]]",6a838c24ee0f492773bb963dbe660890258a92276ede879faac3714b24890e4c,pass,
male,FJ3654,Superior phrenic vein,venous,290,198,"[[-0.11838699877262115, 1.1593111753463745, -0.011283500120043755], [-0.1090020015835762, 1.2461111545562744, -4.27999984822236e-05]]",026dac4996933102a6f75dca5cb0d9d670d19cd5edb8a57c1dcefe46badebdf1,pass,
male,FJ3655,Pancreaticoduodenal vein,venous,240,354,"[[-0.03212380036711693, 1.1103612184524536, 0.010421999730169773], [-0.013717999681830406, 1.1661112308502197, 0.03302200138568878]]",805dff29f6b93e6fd79ca3d7507d47360291489a9aa8854fb1ae6800ae47d102,pass,
male,FJ3656,Superior rectal artery,arterial,164,242,"[[-0.01851160079240799, 0.9277312159538269, -0.07588209956884384], [0.005860169883817434, 0.9784111976623535, 0.014531999826431274]]",76ab3eff99bfd37e1d087036b8aae05687c8576641937062e7ff5030e121b213,pass,
male,FJ3657,Superior rectal vein,venous,175,262,"[[-0.01591769978404045, 0.9295101761817932, -0.07740049809217453], [0.0071561699733138084, 0.9802871942520142, 0.012849999591708183]]",94fb03e64b496c1a28bfc8fa8bd11c9d219fb15d12979a2697a46f6c81d1436e,pass,
male,FJ3658,Ascending lumbar vein,venous,660,1304,"[[-0.022875899448990822, 1.0387332439422607, -0.005304200109094381], [0.02472520060837269, 1.0897212028503418, 0.015636999160051346]]",f624b25cdda0fb42bdbeb6f70e33ca6ac7c13db462c06c8d8c063ee7cdf429f9,pass,
male,FJ3659,Inferior vena cava,venous,296,422,"[[-0.023795999586582184, 1.0291062593460083, 0.00572599982842803], [-0.00215316005051136, 1.1731212139129639, 0.0286250002682209]]",a0cffded75bf8fb392573c66bb94c9f4ba3515453674a74e0ee6cdddd1e0d7b7,pass,
female,VH_F_skin,skin of body,integumentary,42092,84180,"[[-0.4895615577697754, -4.5910641954804987e-10, -0.2225789725780487], [0.47776663303375244, 1.6663482189178467, 0.10662645101547241]]",f7021a8f85cf3011b242985af39ab8e7a44163fa2b51f46f70b8a3ec1b528fb6,pass,
female,VH_F_fat_L,Interlobar adipose tissue of left mammary gland,integumentary,7249,14606,"[[0.010611271485686302, 1.1407442092895508, -0.022417953237891197], [0.1386556327342987, 1.3225016593933105, 0.08305392414331436]]",1e2aa43d0640f2ecf465fd864958b5a5ee8c71ce61601a08a44e4ae80dedb39a,pass,
female,VH_F_areolar_tubercles_L,areolar tubercle,integumentary,809,1016,"[[0.09234994649887085, 1.1764013767242432, 0.07783530652523041], [0.11223670095205307, 1.198576807975769, 0.08743354678153992]]",c43820e9ff3affa9324187f2486759d805ffbbb01422131b4a7f8b1276b04f3e,pass,
female,VH_F_nipple_L,left nipple,integumentary,1149,2132,"[[0.09849318116903305, 1.18109929561615, 0.08304457366466522], [0.10808845609426498, 1.191625714302063, 0.08936284482479095]]",38ae399c50da385afbbd24c3e03d0621030ad12d7f0553cf73e930f9692f0b6e,pass,
female,VH_F_areola_L,Left female areola,integumentary,2977,5232,"[[0.09011344611644745, 1.174354910850525, 0.0765710324048996], [0.11381300538778305, 1.1996628046035767, 0.08762791752815247]]",64c61f9e91977ea74dfce7e6b9d99b54eea496ce9f758778ba21d3eb4bce5cbb,pass,
female,VH_F_mammary_lobes_L,mammary lobe,integumentary,8846,17982,"[[0.05829666182398796, 1.1529302597045898, 0.021422958001494408], [0.12931106984615326, 1.2636802196502686, 0.07648330926895142]]",b7a631551dd7d80dca0aff4a11f8515bad1c3e05c83f3227139985b48779487d,pass,
female,VH_F_main_lactiferous_ducts_L,main lactiferous duct,integumentary,4017,7645,"[[0.06889748573303223, 1.1559147834777832, 0.031720276921987534], [0.12638570368289948, 1.257384181022644, 0.08880969136953354]]",a76e84f255e727d6d51c6acf41226ce0e463c8af764a3ea63481daa820ba42f5,pass,
female,VH_F_main_lactiferous_sinuses_L,Lactiferous sinus,integumentary,1927,3402,"[[0.09056051075458527, 1.1814231872558594, 0.07389090210199356], [0.10890473425388336, 1.1921229362487793, 0.08695121854543686]]",aab612792e377496dd71e120df54d9d362e4739d01670e395851b276b4c00766,pass,
female,VH_F_suspensory_ligaments_L,Suspensory ligament of left breast,integumentary,4874,9740,"[[0.060272373259067535, 1.1508203744888306, 0.034360915422439575], [0.1286657154560089, 1.2248929738998413, 0.08158191293478012]]",aede498325c52167d3fa2dc4ddf36940288cdd33300fd1354afd5a2decfb8eae,pass,
female,VH_F_fat_R,Interlobar adipose tissue of right mammary gland,integumentary,40839,82188,"[[-0.15015120804309845, 1.143275260925293, -0.02409980446100235], [-0.021861454471945763, 1.3232706785202026, 0.08248359709978104]]",f5ac1ff0df2296ed379511a4f5c56f48424b0b3e108133c8ebe4d5acbc0ad00a,pass,
female,VH_F_areolar_tubercles_R,areolar tubercle,integumentary,812,1016,"[[-0.12434171140193939, 1.1770073175430298, 0.07760192453861237], [-0.10445055365562439, 1.1991968154907227, 0.08712688088417053]]",f346fcc0e66e36135e1f00276d8ecbb1f5584a88c2e050f9bdb8e4e28ca802a3,pass,
female,VH_F_nipple_R,right nipple,integumentary,1148,2133,"[[-0.12017513066530228, 1.181735634803772, 0.08273598551750183], [-0.1105966717004776, 1.1922814846038818, 0.08906998485326767]]",a458639cbbe16e41efd6d4ada456877d021d07f42f5caecf8b59e6eafcdcb0a4,pass,
female,VH_F_areola_R,Right female areola,integumentary,2968,5232,"[[-0.12592647969722748, 1.1749662160873413, 0.07630990445613861], [-0.10220694541931152, 1.2002673149108887, 0.08734237402677536]]",8d2b136b01b8ed7798da81dc0ba110470a7db5d244af23a3d80b8ba81a1dd3b8,pass,
female,VH_F_main_lactiferous_sinuses_R,Lactiferous sinus,integumentary,1942,3434,"[[-0.12101119756698608, 1.1838035583496094, 0.07354903966188431], [-0.10266704112291336, 1.1944350004196167, 0.08665511757135391]]",75504c2defc884b1fc88d670403065c2bbdb15703993a4905f47d1e455a64fa9,pass,
female,VH_F_main_lactiferous_ducts_R,main lactiferous duct,integumentary,4001,7625,"[[-0.1385415494441986, 1.1578818559646606, 0.031076278537511826], [-0.08103743195533752, 1.2591246366500854, 0.08849456906318665]]",cf1b354115b5a7e2bc44b3155de0b7d5cc3ecbb261b325bc86876c117529a039,pass,
female,VH_F_mammary_lobes_R,mammary lobe,integumentary,8904,18108,"[[-0.14147600531578064, 1.1548545360565186, 0.020791472867131233], [-0.07043780386447906, 1.2654658555984497, 0.07611829787492752]]",655b389bb09f2c3be2b38fbe3460dbf9f5a11409809b4047f9404eac0bac4fa7,pass,
female,VH_F_suspensory_ligaments_R,Suspensory ligament of right breast,integumentary,5689,11370,"[[-0.1406366378068924, 1.1530088186264038, 0.034323517233133316], [-0.07269322872161865, 1.2265907526016235, 0.08092314749956131]]",99e3f224864ff1a73c1a230e96c817167ea6d31ff2ed2d905e584cd209756f3f,pass,
female,VH_F_retina_R,Right retina,sensory,1946,3892,"[[-0.05227000266313553, 1.5491077899932861, 0.008769226260483265], [-0.03038208931684494, 1.5710859298706055, 0.027179168537259102]]",8596828811824f109b1e232b3f28ff140b28615ee0b46f82c450088c04f4f201,pass,
female,VH_F_fovea_R,Right fovea centralis,sensory,93,182,"[[-0.04197435453534126, 1.5592416524887085, 0.009055018424987793], [-0.0408928208053112, 1.5602824687957764, 0.009530510753393173]]",09fe97284919f7213d713abdee17b46024e6188989064b70f0eccee3b9243a6d,pass,
female,VH_F_macula_lutea_R,Right macula lutea,sensory,244,488,"[[-0.04338617995381355, 1.5578711032867432, 0.009070925414562225], [-0.03950102627277374, 1.56166672706604, 0.009750795550644398]]",9cbfdc8f37e930c57b73528a3232c22e540877c9fcaaa07194a4156ab7fb4cd2,pass,
female,VH_F_optic_disc_R,Right optic disc,sensory,1365,2730,"[[-0.038987644016742706, 1.558786153793335, 0.009048365987837315], [-0.03658023104071617, 1.5614516735076904, 0.010299267247319221]]",882fde67678b681541bfa808da066c54fdd429b33e0c3878f36131be60a3a3b7,pass,
female,VH_F_palpebral_conjunctiva_of_right_upper_eyelid,Palpebral conjunctiva of right upper eyelid,sensory,1033,1976,"[[-0.050685834139585495, 1.560354471206665, 0.028102068230509758], [-0.03327734023332596, 1.568605661392212, 0.033058103173971176]]",b083cfed37fd3e70e7edd5842c0f5fdb9980bfc63f16efab90dee3a20ce4acba,pass,
female,VH_F_palpebral_conjunctiva_of_right_lower_eyelid,Palpebral conjunctiva of right lower eyelid,sensory,997,1912,"[[-0.05088362470269203, 1.5512690544128418, 0.028169631958007812], [-0.0330660454928875, 1.5606623888015747, 0.033226288855075836]]",5eb19e29750fdf3052dec54186c14cf7ba33ac3cdc5c9ba4e9a659700a30ba60,pass,
female,VH_F_sclera_R,Right sclera,sensory,2047,4094,"[[-0.05361618846654892, 1.5479081869125366, 0.007527546491473913], [-0.02917519025504589, 1.5723202228546143, 0.02999577857553959]]",4184c87ff8147456115bab264071fad739f97f02c0060c8e24216c898db4afbf,pass,
female,VH_F_optic_choroid_R,Right choroid,sensory,1941,3882,"[[-0.052567556500434875, 1.5489501953125, 0.008563351817429066], [-0.030231298878788948, 1.571244478225708, 0.027704652398824692]]",1de12407c6d92a561fd3bc6c91ac76b9af618dbfd545a9d19a9538091e9ef806,pass,
female,VH_F_pupil_R,right pupil,sensory,107,210,"[[-0.04349273443222046, 1.5586072206497192, 0.02939627133309841], [-0.04029233008623123, 1.5618072748184204, 0.02954043820500374]]",8eb6a46ee69bb4645b450133e844a36b848e1b7fcb81ea2dbd290614aa929b31,pass,
female,VH_F_ciliary_processes_R,ciliary processes,sensory,5982,11247,"[[-0.04835394769906998, 1.554063320159912, 0.02680930495262146], [-0.03544149175286293, 1.566927433013916, 0.028194956481456757]]",1bfd6b2bd24dd24f8210e5111cb1f448e1714b2ec7e84233611737ffcf1b2f1f,pass,
female,VH_F_suspensory_ligament_of_lens_R,Suspensory ligament of right lens,sensory,1845,2296,"[[-0.04931402951478958, 1.5530714988708496, 0.0264960378408432], [-0.034532275050878525, 1.5678597688674927, 0.02818574756383896]]",b002b92eb6e10289606c1aa9c994b045211ac647730445233e9b52dc4d17e5c4,pass,
female,VH_F_ora_serrata_of_retina_R,Right ora serrata,sensory,1545,2930,"[[-0.049525752663612366, 1.5528366565704346, 0.0264798104763031], [-0.03430265933275223, 1.56806218624115, 0.02736034244298935]]",339bdf354d3c42399d221a80e7c60148f7a5bae1bed508b81b8a9f41967037d6,pass,
female,VH_F_corneo_scleral_junction_R,Right corneoscleral junction,sensory,542,1084,"[[-0.04816257953643799, 1.5543359518051147, 0.02869315631687641], [-0.03596384823322296, 1.5666053295135498, 0.030049728229641914]]",ec7eab8395b70b5d28b5ce0125b8f492205aaf4278605d828ac216a873affb6b,pass,
female,VH_F_lens_R,Right lens,sensory,445,886,"[[-0.04572945460677147, 1.5562666654586792, 0.025719288736581802], [-0.038007963448762894, 1.5641800165176392, 0.029507454484701157]]",ea5d529ad82d3f6907e1a03641d98e6c94a03b8e01679addd4807aa9b0ecf568,pass,
female,VH_F_schlemms_canal_R,Right scleral venous sinus,sensory,2775,5550,"[[-0.04725639894604683, 1.5549445152282715, 0.028420547023415565], [-0.03668232262134552, 1.56551194190979, 0.02891252003610134]]",8355aa95cfe80410e2601d36fcce4833938666912b82dc25615a825e8dca3d8b,pass,
female,VH_F_aqueous_humor_R,Aqueous humor of right eyeball,sensory,629,1253,"[[-0.046896353363990784, 1.5549991130828857, 0.028153929859399796], [-0.03687756508588791, 1.565690517425537, 0.031365618109703064]]",e8b9820558696373ded1940964388b6e14877e9714215f4b52ace50cb6bc1b91,pass,
female,VH_F_ciliary_body_R,Right ciliary body,sensory,1747,3494,"[[-0.04939781129360199, 1.552918553352356, 0.026416253298521042], [-0.034371811896562576, 1.5679311752319336, 0.028532246127724648]]",399985b155e5c841ab7b40cb55bed4e9efaac9202d5231aa3650b821a1af6af4,pass,
female,VH_F_ciliary_muscle_R,Right ciliary muscle,sensory,6087,12014,"[[-0.049416713416576385, 1.5528286695480347, 0.026692518964409828], [-0.03452834114432335, 1.567732810974121, 0.02865377441048622]]",5b6d16850591fa1103ca55638154a7416b4aa99e164e7d12499940d0716eee22,pass,
female,VH_F_trabecular_meshwork_R,eye trabecular meshwork,sensory,2700,5400,"[[-0.04739990457892418, 1.5548958778381348, 0.02821432612836361], [-0.03646567836403847, 1.565758228302002, 0.028904179111123085]]",9206a176b9fe570b7d79d77d5c34e2877415c8cdc69543c4c50179508fff4293,pass,
female,VH_F_iris_R,Right iris,sensory,3590,7221,"[[-0.04711827263236046, 1.554977536201477, 0.028100384399294853], [-0.03663457930088043, 1.5654618740081787, 0.02940540201961994]]",9b9077f15c9ebc6a1b5ca48ee3fa5167ce2e354d46c61ab9b53aa7a4299d1b24,pass,
female,VH_F_bulbar_conjunctiva_R,Right bulbar conjunctiva,sensory,1782,3533,"[[-0.05081810802221298, 1.5513601303100586, 0.027600621804594994], [-0.033293288201093674, 1.5687072277069092, 0.030015263706445694]]",d89104eb851810882f722b75f18132d3dc784bbe11bdacef64e46004067f613d,pass,
female,VH_F_cornea_R,Right cornea,sensory,1078,2152,"[[-0.04814640432596207, 1.5543274879455566, 0.028765005990862846], [-0.03598254546523094, 1.5665849447250366, 0.03251539543271065]]",bb21ccc5dd5fb80f01f268c39a05f13193f331ad782ab9aeb57ced1234f0b3b4,pass,
female,VH_F_vitreous_humor_R,Humor of right vitreous body,sensory,4123,8242,"[[-0.05225806683301926, 1.5496222972869873, 0.009047884494066238], [-0.031222723424434662, 1.5706928968429565, 0.02737654186785221]]",808764d4cff15be4c7519871d54f80e960c17e8b79cc39b350306ee79adcf2d6,pass,
female,VH_F_retina_L,Left retina,sensory,1942,3884,"[[0.02049931511282921, 1.5486723184585571, 0.008059730753302574], [0.0423872210085392, 1.5706360340118408, 0.026469673961400986]]",a12ac3f62df2aad9b7834a4effc4e761426e028c5c9b73683fd151de37f4f18a,pass,
female,VH_F_fovea_L,Left fovea centralis,sensory,93,182,"[[0.031010041013360023, 1.5588061809539795, 0.008345522917807102], [0.03209157660603523, 1.5598469972610474, 0.008821015246212482]]",a0e6afd65e858902d83823efd76ea87f3a24bdb64ece54f169d0a44acd4c8af6,pass,
female,VH_F_macula_lutea_L,Left macula lutea,sensory,244,488,"[[0.02940702810883522, 1.5572285652160645, 0.008389730006456375], [0.03329218178987503, 1.5610241889953613, 0.009069600142538548]]",b167c9436c438c98227ca30aeba75d1193739249ead4d9528e4d94ed05e68a97,pass,
female,VH_F_optic_disc_L,Left optic disc,sensory,1365,2730,"[[0.02669745683670044, 1.558350682258606, 0.008338870480656624], [0.029104867950081825, 1.5610162019729614, 0.009589647874236107]]",2a0130369a55b3466ea0838b5073b212367e5cb0a4ac00a052808bb22921a709,pass,
female,VH_F_palpebral_conjunctiva_of_left_upper_eyelid,Palpebral conjunctiva of left upper eyelid,sensory,1032,1975,"[[0.023394562304019928, 1.559918999671936, 0.027392573654651642], [0.04080305993556976, 1.568170189857483, 0.03234860673546791]]",b9b5e9349d384d7f96ce82056e99fb0e8c098e7d73e8bf9820ab389dd00523ac,pass,
female,VH_F_palpebral_conjunctiva_of_left_lower_eyelid,Palpebral conjunctiva of left lower eyelid,sensory,997,1911,"[[0.023183269426226616, 1.5508449077606201, 0.027460135519504547], [0.0410008504986763, 1.5602269172668457, 0.03251679241657257]]",d958c6d7e36b03954a37469cbfce9055dfb31dc4c0b5fe35e25507629117c4ff,pass,
female,VH_F_vitreous_humor_L,Humor of left vitreous body,sensory,4123,8242,"[[0.02133994735777378, 1.5491868257522583, 0.008338388986885548], [0.042372651398181915, 1.5702519416809082, 0.026667365804314613]]",925d9ddac1d32009a9d662f6a19ebb3fb2706e0bdbc6ccc42b21049593d6b176,pass,
female,VH_F_cornea_L,Left cornea,sensory,1078,2152,"[[0.02609976753592491, 1.5538920164108276, 0.02805550955235958], [0.038263630121946335, 1.5661494731903076, 0.03180321305990219]]",297ba8d0cf115e5505e1383b87b2eedcd6e81736fc7e13458bd9ac9f082000cc,pass,
female,VH_F_bulbar_conjunctiva_L,Left bulbar conjunctiva,sensory,1784,3533,"[[0.023410512134432793, 1.5509246587753296, 0.026891125366091728], [0.04093533009290695, 1.5682717561721802, 0.02930576726794243]]",848748b54e429cbaf00017646fbdf92ae16d595a42f28fda41b8e7736fe1d22b,pass,
female,VH_F_iris_L,Left iris,sensory,3592,7221,"[[0.026751801371574402, 1.554542064666748, 0.027390889823436737], [0.03723549842834473, 1.5650264024734497, 0.028695907443761826]]",11992719ca168126e25f9ed58930e2eaf9297113e3fc421261ad49d143dc96f6,pass,
female,VH_F_trabecular_meshwork_L,eye trabecular meshwork,sensory,2700,5400,"[[0.026582904160022736, 1.5544604063034058, 0.02750489115715027], [0.03751712664961815, 1.5653232336044312, 0.02819451317191124]]",21ea2bd5cdb292f0510a35b7f51ff42fa92f77620a559485d9ebfd3108daa53c,pass,
female,VH_F_ciliary_body_L,Left ciliary body,sensory,1747,3494,"[[0.024489037692546844, 1.552483081817627, 0.025706758722662926], [0.039515040814876556, 1.5674957036972046, 0.02782275155186653]]",10ccde92ed4026065f766a0949e7e912684ed12fa9e7c78555dc6f26c765b492,pass,
female,VH_F_ciliary_muscle_L,Left ciliary muscle,sensory,6087,12014,"[[0.02464655600488186, 1.5523931980133057, 0.025978192687034607], [0.039534617215394974, 1.567297339439392, 0.027944277971982956]]",32a19575b772d213e3ae0763cae8c5a36d55c42b926ff3bfe6fd044cf1e7f87c,pass,
female,VH_F_aqueous_humor_L,Aqueous humor of left eyeball,sensory,629,1252,"[[0.026994790881872177, 1.5545636415481567, 0.02744443342089653], [0.037013571709394455, 1.5652549266815186, 0.0306561216711998]]",38711df1d776ef205ae6747e019fa6685df8211e5b689715aadac3c869587781,pass,
female,VH_F_schlemms_canal_L,Left scleral venous sinus,sensory,2775,5550,"[[0.02679954655468464, 1.554508924484253, 0.02771112322807312], [0.03737366944551468, 1.565076470375061, 0.028203725814819336]]",8c1b27079eefb7698cb69bb7f76599401aed5ed78ba6b81d3b2486b0333ced87,pass,
female,VH_F_lens_L,Left lens,sensory,446,888,"[[0.028125187382102013, 1.5558311939239502, 0.025016503408551216], [0.03584667667746544, 1.5637445449829102, 0.028799057006835938]]",290f818ada8d237e1fa7b1083ac9eb5f4aba573755918ac1ef953589c181fbaf,pass,
female,VH_F_corneo_scleral_junction_L,Left corneoscleral junction,sensory,542,1084,"[[0.026084622368216515, 1.5539004802703857, 0.027983659878373146], [0.038279805332422256, 1.5661698579788208, 0.029340233653783798]]",5969a6d349e99730de4e846f286352e98ff6249b290998564c2fc260b014bbe9,pass,
female,VH_F_ora_serrata_of_retina_L,Left ora serrata,sensory,1545,2930,"[[0.024421807378530502, 1.5523927211761475, 0.025770315900444984], [0.039643701165914536, 1.5676243305206299, 0.026650847867131233]]",b0d416910e302e05b584c08ee35ad534f6222190c813a586033e25115e909464,pass,
female,VH_F_suspensory_ligament_of_lens_L,Suspensory ligament of left lens,sensory,1843,2296,"[[0.024649497121572495, 1.552635908126831, 0.025786541402339935], [0.03943125531077385, 1.5674270391464233, 0.027476252987980843]]",f2f2df98dee57cc80be77e75a2c064a780fb36a0243146eb328dc4d3023d28e2,pass,
female,VH_F_ciliary_processes_L,ciliary processes,sensory,5981,11245,"[[0.025558719411492348, 1.5536277294158936, 0.026099810376763344], [0.03847116976976395, 1.566491961479187, 0.02748546004295349]]",940ac349fc46b2e4cd896a9c37efa5fd624e514bfd79f180955100e92a256cd2,pass,
female,VH_F_pupil_L,left pupil,sensory,107,210,"[[0.030409550294280052, 1.5581717491149902, 0.028686774894595146], [0.03360996022820473, 1.5613718032836914, 0.028830941766500473]]",cce413cba926e419be9c52700358293137b5310091430135bc2ae2bac93f72c7,pass,
female,VH_F_optic_choroid_L,Left choroid,sensory,1953,3906,"[[0.020321089774370193, 1.548514723777771, 0.007853856310248375], [0.042684782296419144, 1.570809006690979, 0.026995157822966576]]",759ea40cc42b534d5e3267bfe9f8eed51eed4190d1943f170a2c8098c4abf8f6,pass,
female,VH_F_sclera_L,Left sclera,sensory,2039,4078,"[[0.01929241232573986, 1.5474727153778076, 0.006818050984293222], [0.04373341426253319, 1.5718847513198853, 0.02928815223276615]]",d79f87b85412ff192d886fbf6f42140bd895afd8b4de52c0bf3ad19beb75f67f,pass,
female,VH_F_dura_mater_right,dura mater,sensory,2124,4248,"[[-0.03897824138402939, 1.5550904273986816, -0.03220158442854881], [-0.009015019051730633, 1.5630074739456177, 0.010088196024298668]]",497c89584d07436a6d54d61646045c0859a183ee03866e70f9d65d60e2524d29,pass,
female,VH_F_right_optic_nerve,Right optic nerve,nervous,1072,2140,"[[-0.03869050368666649, 1.55549156665802, -0.0320601612329483], [-0.009181582368910313, 1.56287682056427, 0.010029406286776066]]",70ebc155621e304ab76e41bccf30d22039bb2ecae423d138e2b9c834b0a5080f,pass,
female,VH_F_dura_mater_left,dura mater,sensory,2124,4248,"[[-0.0018429275369271636, 1.5549359321594238, -0.03196670860052109], [0.02914426475763321, 1.5628312826156616, 0.009611363522708416]]",b1720781ed40d2f56c47d3cc20c78b3bf0d6954288a5c4e0b0365a7964a49d25,pass,
female,VH_F_left_optic_nerve,Left optic nerve,nervous,1072,2140,"[[-0.0016838058363646269, 1.5552350282669067, -0.03181852400302887], [0.02885172702372074, 1.5625941753387451, 0.009543976746499538]]",fe9c6e781d0dee950a2e534069b6f9bc38013b7b651093fa04ad7bb72ff1f6e6,pass,
female,VH_F_optic_chiasm,optic chiasma,sensory,586,1168,"[[-0.012011107988655567, 1.5600486993789673, -0.04200969263911247], [0.0008498382521793246, 1.5679957866668701, -0.029717030003666878]]",ebdb0c7ac754ccb2fa4a2ccd8c95fe6fdd5161ee5e5ba98d15c256e0277bfe86,pass,
female,Allen_olfactory_bulb_L,olfactory bulb,nervous,6,8,"[[-0.009223926812410355, 1.56061589717865, -0.005276818294078112], [-0.004431802313774824, 1.5650105476379395, 0.004109556786715984]]",c7f5e909e4597c9143062d0f8afcf08edb22348a3b54e5598c4b573496a8771c,pass,source_brain_laterality_requires_review: Allen hemisphere labels oppose body convention
female,Allen_anterior_olfactory_nucleus_L,anterior olfactory nucleus,nervous,9,14,"[[-0.019304808229207993, 1.565056562423706, -0.03919903188943863], [-0.014393621124327183, 1.572892189025879, -0.030952557921409607]]",a7d8fc3eb24d281a0d2e87d07794424f8c23044f2c9e497c7bcbe09be82d939a,pass,source_brain_laterality_requires_review: Allen hemisphere labels oppose body convention
female,Allen_piriform_region_L,piriform cortex,nervous,132,260,"[[-0.035895202308893204, 1.5565147399902344, -0.043396495282649994], [-0.021087775006890297, 1.5704543590545654, -0.03566470369696617]]",39dbdd6874f33ae984b1f15f35e6420842b747098de6ff32f838a40d7c9a53ea,pass,source_brain_laterality_requires_review: Allen hemisphere labels oppose body convention
female,Allen_frontal_agranular_insular_cortex_area_Fl_L,frontal agranular insular cortex area Fl (left),nervous,46,88,"[[-0.03730737417936325, 1.5670268535614014, -0.0398266464471817], [-0.0295105017721653, 1.5709562301635742, -0.03696829825639725]]",ad05492e1cb0c5c638b749ebf159c418386d50c7372b9ca575410f26952b3ddc,pass,side_vs_body_midline: review regional laterality; cardiac/hepatic labels can legitimately cross midline; source_brain_laterality_requires_review: Allen hemisphere labels oppose body convention
female,Allen_temporal_agranular_insular_cortex_area_Tl_L,temporal agranular insular cortex area Tl (left),nervous,239,474,"[[-0.039448462426662445, 1.5560059547424316, -0.038583748042583466], [-0.0268400926142931, 1.5673224925994873, -0.03310101106762886]]",f75203c82a5f1c19b5ee4bf7a6bfa118826105fbb11dbfec2235bd8a5f884b0e,pass,side_vs_body_midline: review regional laterality; cardiac/hepatic labels can legitimately cross midline; source_brain_laterality_requires_review: Allen hemisphere labels oppose body convention
female,Allen_head_of_caudate_L,head of caudate (left),nervous,1018,2032,"[[-0.0237620547413826, 1.577521562576294, -0.05028149485588074], [-0.008415063843131065, 1.6045509576797485, -0.024078568443655968]]",ce60147690504d050161be39bfae68e7013164d0460460423f807ff638e42937,pass,side_vs_body_midline: review regional laterality; cardiac/hepatic labels can legitimately cross midline; source_brain_laterality_requires_review: Allen hemisphere labels oppose body convention
female,Allen_body_of_caudate_L,body of caudate (left),nervous,694,1384,"[[-0.028340505436062813, 1.5898600816726685, -0.08216378837823868], [-0.0128223467618227, 1.6054885387420654, -0.04555683210492134]]",07a73edf87bb49e8161abc99187dfa859553429779467c3096c6bb2e447b50c0,pass,side_vs_body_midline: review regional laterality; cardiac/hepatic labels can legitimately cross midline; source_brain_laterality_requires_review: Allen hemisphere labels oppose body convention
female,Allen_tail_of_caudate_L,tail of caudate (left),nervous,305,606,"[[-0.040897708386182785, 1.565335750579834, -0.08460155129432678], [-0.023134538903832436, 1.591009497642517, -0.055951207876205444]]",a00133135ff5dba335585a3d053642762749dd01d9f47eeeeb6581edcdc9cf34,pass,side_vs_body_midline: review regional laterality; cardiac/hepatic labels can legitimately cross midline; source_brain_laterality_requires_review: Allen hemisphere labels oppose body convention
female,Allen_putamen_L,left putamen,nervous,855,1706,"[[-0.037807345390319824, 1.5723087787628174, -0.06918363273143768], [-0.017598986625671387, 1.596801996231079, -0.02794182300567627]]",6bde953d1bbada79c84665db11506b86bd6db0d0af5bfa4b42b71924fff247cb,pass,side_vs_body_midline: review regional laterality; cardiac/hepatic labels can legitimately cross midline; source_brain_laterality_requires_review: Allen hemisphere labels oppose body convention
female,Allen_nucleus_accumbens_L,nucleus accumbens (left),nervous,237,470,"[[-0.023612860590219498, 1.5708527565002441, -0.04218646138906479], [-0.0077210390008986, 1.5835611820220947, -0.03159250691533089]]",69e784f456919fada5704f12e3001ec920b6594f1a808e58fcdcd906ed05e37d,pass,side_vs_body_midline: review regional laterality; cardiac/hepatic labels can legitimately cross midline; source_brain_laterality_requires_review: Allen hemisphere labels oppose body convention
female,Allen_external_segment_of_globus_pallidus_L,external segment of globus pallidus (left),nervous,318,632,"[[-0.030110279098153114, 1.5756617784500122, -0.06374025344848633], [-0.014252712018787861, 1.5884581804275513, -0.040936607867479324]]",8feae626afc77c6d1d623c79a608f3039a23015298c841a052c51996fd8e2f99,pass,side_vs_body_midline: review regional laterality; cardiac/hepatic labels can legitimately cross midline; source_brain_laterality_requires_review: Allen hemisphere labels oppose body convention
female,Allen_internal_segment_of_globus_pallidus_L,internal segment of globus pallidus (left),nervous,229,454,"[[-0.027794308960437775, 1.574641466140747, -0.059328287839889526], [-0.014756123535335064, 1.582966923713684, -0.0458352230489254]]",5333b7016b4bfbf7ad1493fc7e4ae13b20a3bc0b6f7759621cde69acfe1d52c2,pass,side_vs_body_midline: review regional laterality; cardiac/hepatic labels can legitimately cross midline; source_brain_laterality_requires_review: Allen hemisphere labels oppose body convention
female,Allen_claustrum_L,claustrum (left),nervous,1304,2624,"[[-0.04026290401816368, 1.5630515813827515, -0.06728905439376831], [-0.024919914081692696, 1.599677324295044, -0.0282160472124815]]",a8bc869d5da878325890f4035426d77be0432e4468dd3fa5fc83854fc87a05ce,pass,side_vs_body_midline: review regional laterality; cardiac/hepatic labels can legitimately cross midline; source_brain_laterality_requires_review: Allen hemisphere labels oppose body convention
female,Allen_basal_forebrain_L,basal forebrain (left),nervous,434,864,"[[-0.027675068005919456, 1.5695817470550537, -0.051639676094055176], [-0.005017185118049383, 1.5854085683822632, -0.03902774304151535]]",15c49ac75acc05673e70ad8bb921d89b600b342bce8fb937803dc935378d117e,pass,side_vs_body_midline: review regional laterality; cardiac/hepatic labels can legitimately cross midline; source_brain_laterality_requires_review: Allen hemisphere labels oppose body convention
female,Allen_septal_nuclei_L,septal nuclei (left),nervous,379,754,"[[-0.008051648736000061, 1.5805821418762207, -0.07243965566158295], [-0.004248861689120531, 1.600845217704773, -0.04056559130549431]]",f7d7a8362c54ac54a1bb4cfab5a5f09ffdfdf71a296871d3dc59cc1e4d4f3f17,pass,source_brain_laterality_requires_review: Allen hemisphere labels oppose body convention
female,Allen_amygdaloid_complex_L,amygdaloid complex (left),nervous,279,552,"[[-0.03715451806783676, 1.5585094690322876, -0.05734539031982422], [-0.019822293892502785, 1.5718495845794678, -0.039225295186042786]]",5ce86b5fd3f1b4668d7bfcb8ccd1602a2cc3753bf7d4c80f8fbad8e489c76480,pass,side_vs_body_midline: review regional laterality; cardiac/hepatic labels can legitimately cross midline; source_brain_laterality_requires_review: Allen hemisphere labels oppose body convention
female,Allen_anterior_amygdaloid_area_L,anterior amygdaloid area (left),nervous,85,166,"[[-0.03207102045416832, 1.5649328231811523, -0.04872370511293411], [-0.02345559559762478, 1.5703352689743042, -0.041865233331918716]]",27fc3bdedd85fb3ebf89a013193fe3934ee4c8c988c4dc55b1fb909444e43a0a,pass,side_vs_body_midline: review regional laterality; cardiac/hepatic labels can legitimately cross midline; source_brain_laterality_requires_review: Allen hemisphere labels oppose body convention
female,Allen_central_nuclear_group_L,central nuclear group (left),sensory,48,92,"[[-0.030878785997629166, 1.5662248134613037, -0.05449596419930458], [-0.025845956057310104, 1.5712611675262451, -0.04730343073606491]]",7e46dacd2c61b58b4ccd406ab3f3824a8e0975994c70c7d114ef8b84be1d939a,pass,side_vs_body_midline: review regional laterality; cardiac/hepatic labels can legitimately cross midline; source_brain_laterality_requires_review: Allen hemisphere labels oppose body convention
female,Allen_lateral_nucleus_L,lateral nucleus (left),nervous,251,498,"[[-0.037126507610082626, 1.5549222230911255, -0.04996227100491524], [-0.024371905252337456, 1.5662554502487183, -0.04027872532606125]]",19c68b02652be66f497668e112e4712bb69cba16ff51829ce567fabce442638e,pass,side_vs_body_midline: review regional laterality; cardiac/hepatic labels can legitimately cross midline; source_brain_laterality_requires_review: Allen hemisphere labels oppose body convention
female,Allen_basolateral_nucleus_basal_nucleus_L,basolateral nucleus basal nucleus (left),nervous,214,424,"[[-0.034316372126340866, 1.558430552482605, -0.05203966796398163], [-0.01992725394666195, 1.5685609579086304, -0.040995292365550995]]",1e110a64b7a492b6154fc0640af640518629aaa669f90bcdbbc012b86460a367,pass,side_vs_body_midline: review regional laterality; cardiac/hepatic labels can legitimately cross midline; source_brain_laterality_requires_review: Allen hemisphere labels oppose body convention
female,Allen_basomedial_nucleus_accessory_basal_nucleus_L,basomedial nucleus accessory basal nucleus (left),nervous,77,150,"[[-0.029385745525360107, 1.5627007484436035, -0.05379466339945793], [-0.021744830533862114, 1.568915843963623, -0.04515329748392105]]",d123640dc78108854e1e128ccf61bd911394dadd6774f0aedfe3c637020d86fb,pass,side_vs_body_midline: review regional laterality; cardiac/hepatic labels can legitimately cross midline; source_brain_laterality_requires_review: Allen hemisphere labels oppose body convention
female,Allen_anterior_cortical_nucleus_L,anterior cortical nucleus (left),nervous,92,180,"[[-0.026209039613604546, 1.5618118047714233, -0.049582138657569885], [-0.0175684355199337, 1.5690785646438599, -0.04195486381649971]]",e0c5edbb21ed50030289785a5c449a2afc1675a314328355d75a36b537a7cfd7,pass,side_vs_body_midline: review regional laterality; cardiac/hepatic labels can legitimately cross midline; source_brain_laterality_requires_review: Allen hemisphere labels oppose body convention
female,Allen_posterior_cortical_nucleus_L,posterior cortical nucleus (left),nervous,53,102,"[[-0.025088617578148842, 1.5634655952453613, -0.05357379466295242], [-0.01811099797487259, 1.5684937238693237, -0.04831252992153168]]",3f004c7e3e7a6dfb88e3a606739da67e5019ca585404aa3670a9d57b8c9788b1,pass,side_vs_body_midline: review regional laterality; cardiac/hepatic labels can legitimately cross midline; source_brain_laterality_requires_review: Allen hemisphere labels oppose body convention
female,Allen_medial_nucleus_L,medial nucleus (left),nervous,45,86,"[[-0.027358688414096832, 1.5665311813354492, -0.0542176179587841], [-0.022197239100933075, 1.570928692817688, -0.04823901504278183]]",d34f2120eb74448ce813e046da334c5e82eb92d2a712dcea49c41da127e6b1e8,pass,side_vs_body_midline: review regional laterality; cardiac/hepatic labels can legitimately cross midline; source_brain_laterality_requires_review: Allen hemisphere labels oppose body convention
female,Allen_amygdalohippocampal_area_L,amygdalohippocampal area (left),nervous,55,106,"[[-0.02452034503221512, 1.561571478843689, -0.05262937396764755], [-0.01681670919060707, 1.5658485889434814, -0.04736621305346489]]",4749cdb742c6c396d8810aacbe51ae42f8687492d4a3f6f4f573e820e4a08e32,pass,side_vs_body_midline: review regional laterality; cardiac/hepatic labels can legitimately cross midline; source_brain_laterality_requires_review: Allen hemisphere labels oppose body convention
female,Allen_bed_nucleus_of_stria_terminalis_L,bed nucleus of stria terminalis (left),nervous,279,558,"[[-0.01726820506155491, 1.574886679649353, -0.057689983397722244], [-0.007121110800653696, 1.5967421531677246, -0.03923476114869118]]",0694078f2864d95b6ebbe048a4f428300fa08aaec08607e69d46447547b72e1b,pass,side_vs_body_midline: review regional laterality; cardiac/hepatic labels can legitimately cross midline; source_brain_laterality_requires_review: Allen hemisphere labels oppose body convention
female,Allen_thalamus_L,thalamus (left),nervous,2366,4810,"[[-0.030526872724294662, 1.5679281949996948, -0.08210813254117966], [-0.005411520600318909, 1.5971254110336304, -0.04944338649511337]]",594d34d1c169072f015755e4572ae06873b973799f64e8a30c4a8dde3eac3b79,pass,side_vs_body_midline: review regional laterality; cardiac/hepatic labels can legitimately cross midline; source_brain_laterality_requires_review: Allen hemisphere labels oppose body convention
female,Allen_anterior_nuclear_complex_of_thalamus_L,anterior nuclear complex of thalamus (left),sensory,124,244,"[[-0.012431787326931953, 1.585817575454712, -0.06426095962524414], [-0.006787247024476528, 1.5947179794311523, -0.05322330445051193]]",5ada1efcfd8a00abaeacab9d93aff0aa18d92f068271d2edf87666f7c1b827d2,pass,side_vs_body_midline: review regional laterality; cardiac/hepatic labels can legitimately cross midline; source_brain_laterality_requires_review: Allen hemisphere labels oppose body convention
female,Allen_lateral_dorsal_nucleus_of_thalamus_L,lateral dorsal nucleus of thalamus (left),nervous,113,222,"[[-0.017828237265348434, 1.5851017236709595, -0.07750798761844635], [-0.00901209469884634, 1.5940558910369873, -0.06333493441343307]]",ed66e1ecbb66b5e7b62800e33a89dd30e7f44939042a3e8d845a1ac2338e51f5,pass,side_vs_body_midline: review regional laterality; cardiac/hepatic labels can legitimately cross midline; source_brain_laterality_requires_review: Allen hemisphere labels oppose body convention
female,Allen_mediodorsal_nucleus_of_thalamus_L,mediodorsal nucleus of thalamus (left),nervous,379,754,"[[-0.016476992517709732, 1.5767899751663208, -0.07605062425136566], [-0.007022511679679155, 1.590508222579956, -0.057662233710289]]",74a6250bccedc0196a6adcdbd3b92fadbd0fd937fec77ebe17043faf52eb5b15,pass,side_vs_body_midline: review regional laterality; cardiac/hepatic labels can legitimately cross midline; source_brain_laterality_requires_review: Allen hemisphere labels oppose body convention
female,Allen_reuniens_nucleus_medioventral_nucleus_of_thalamus_L,reuniens nucleus medioventral nucleus of thalamus (left),nervous,82,160,"[[-0.009071869775652885, 1.576182246208191, -0.06203864887356758], [-0.005007988307625055, 1.5822420120239258, -0.052639205008745193]]",5b3bee3fa9a455ba49fe688e7e0210b28cf50b894c78d82d51aa86447a1f67e7,pass,side_vs_body_midline: review regional laterality; cardiac/hepatic labels can legitimately cross midline; source_brain_laterality_requires_review: Allen hemisphere labels oppose body convention
female,Allen_lateral_posterior_nucleus_of_thalamus_L,lateral posterior nucleus of thalamus (left),nervous,192,380,"[[-0.027501575648784637, 1.5817919969558716, -0.07863380759954453], [-0.016792256385087967, 1.5903061628341675, -0.06671257317066193]]",f9ad220c8e3ec05ec20b4094cd984de093a8511442ecf5ecbadba35ae050b153,pass,side_vs_body_midline: review regional laterality; cardiac/hepatic labels can legitimately cross midline; source_brain_laterality_requires_review: Allen hemisphere labels oppose body convention
female,Allen_pulvinar_of_thalamus_L,pulvinar of thalamus (left),nervous,449,894,"[[-0.029124602675437927, 1.5687875747680664, -0.08123131841421127], [-0.011977419257164001, 1.5860947370529175, -0.07007009536027908]]",aaee41bdffb59a71792af0c0ee8ef54b30583a59934c57db157976b8c61d81b5,pass,side_vs_body_midline: review regional laterality; cardiac/hepatic labels can legitimately cross midline; source_brain_laterality_requires_review: Allen hemisphere labels oppose body convention
female,Allen_ventral_anterior_nucleus_of_thalamus_L,ventral anterior nucleus of thalamus (left),nervous,406,812,"[[-0.021054578945040703, 1.5780755281448364, -0.06981639564037323], [-0.007460838183760643, 1.5955862998962402, -0.05148407816886902]]",a5ba02f025365077233d07744b32ae25492df42463b1b4dde3d6140723e6dbdf,pass,side_vs_body_midline: review regional laterality; cardiac/hepatic labels can legitimately cross midline; source_brain_laterality_requires_review: Allen hemisphere labels oppose body convention
female,Allen_ventral_lateral_nucleus_of_thalamus_L,ventral lateral nucleus of thalamus (left),nervous,440,876,"[[-0.023791994899511337, 1.5766339302062988, -0.07533509284257889], [-0.012112202122807503, 1.5942939519882202, -0.058221787214279175]]",502e590554b6f71fa1d976b62cbb4b81ad4f5eb5182fef4187e0072d1d2bfac2,pass,side_vs_body_midline: review regional laterality; cardiac/hepatic labels can legitimately cross midline; source_brain_laterality_requires_review: Allen hemisphere labels oppose body convention
female,Allen_ventral_posterior_lateral_nucleus_L,ventral posterior lateral nucleus (left),nervous,223,442,"[[-0.027926186099648476, 1.573093295097351, -0.07529149949550629], [-0.015903346240520477, 1.5862092971801758, -0.0626426711678505]]",aa0d074272adc25dd54107e4297e80b3295b62698074af9cbb0877088c3de94b,pass,side_vs_body_midline: review regional laterality; cardiac/hepatic labels can legitimately cross midline; source_brain_laterality_requires_review: Allen hemisphere labels oppose body convention
female,Allen_ventral_posterior_medial_nucleus_L,ventral posterior medial nucleus (left),nervous,95,186,"[[-0.019771156832575798, 1.5737515687942505, -0.07061048597097397], [-0.013051028363406658, 1.5821439027786255, -0.062482595443725586]]",207b8dc84cc3ec709905231b30227b73568fe49ee84bba81c97a827f01ebae93,pass,side_vs_body_midline: review regional laterality; cardiac/hepatic labels can legitimately cross midline; source_brain_laterality_requires_review: Allen hemisphere labels oppose body convention
female,Allen_dorsal_lateral_geniculate_nucleus_L,dorsal lateral geniculate nucleus (left),nervous,87,170,"[[-0.03033440001308918, 1.5666987895965576, -0.07239063829183578], [-0.023857878521084785, 1.5730990171432495, -0.06416129320859909]]",985e25401e2d11aeaaae00c65106aac9ba6a0074b604082b5fe86cf55a7f6390,pass,side_vs_body_midline: review regional laterality; cardiac/hepatic labels can legitimately cross midline; source_brain_laterality_requires_review: Allen hemisphere labels oppose body convention
female,Allen_medial_geniculate_nuclei_L,medial geniculate nuclei (left),nervous,62,120,"[[-0.024283574894070625, 1.5668251514434814, -0.07373663783073425], [-0.017798317596316338, 1.5728057622909546, -0.06789026409387589]]",4d6e46db5c99f222a97c27629ed0f6ee742b3fcea82c1d157d13c1c664f64907,pass,side_vs_body_midline: review regional laterality; cardiac/hepatic labels can legitimately cross midline; source_brain_laterality_requires_review: Allen hemisphere labels oppose body convention
female,Allen_centromedian_nucleus_of_thalamus_L,centromedian nucleus of thalamus (left),nervous,124,244,"[[-0.01792687363922596, 1.5752034187316895, -0.07246754318475723], [-0.01076674833893776, 1.582015037536621, -0.06075267121195793]]",a6f22ba85b1b9afa5804aa71f904feb0032c6788ccb9d2766fcb9f578eba1820,pass,side_vs_body_midline: review regional laterality; cardiac/hepatic labels can legitimately cross midline; source_brain_laterality_requires_review: Allen hemisphere labels oppose body convention
female,Allen_parafascicular_nucleus_of_thalamus_L,parafascicular nucleus of thalamus (left),nervous,57,110,"[[-0.014308982528746128, 1.574208378791809, -0.07063356041908264], [-0.008670901879668236, 1.579229474067688, -0.06061874330043793]]",870706b0fe57a8fd6b37e3592ec7f633659e20cf4ffa54116a293612af9d3676,pass,side_vs_body_midline: review regional laterality; cardiac/hepatic labels can legitimately cross midline; source_brain_laterality_requires_review: Allen hemisphere labels oppose body convention
female,Allen_habenular_nuclei_L,habenular nuclei (left),nervous,57,110,"[[-0.011459955014288425, 1.5741618871688843, -0.07328660786151886], [-0.006477002985775471, 1.582221508026123, -0.06849189847707748]]",a700591fb8db9209482d662ed99972d478c8de45655839ea879f2d0b648bda6e,pass,side_vs_body_midline: review regional laterality; cardiac/hepatic labels can legitimately cross midline; source_brain_laterality_requires_review: Allen hemisphere labels oppose body convention
female,Allen_pineal_body_L,pineal body,nervous,51,98,"[[-0.008925276808440685, 1.5718003511428833, -0.08066467195749283], [-0.005569699220359325, 1.5761337280273438, -0.07312139868736267]]",13baee5dd7e495d26fd9d331636923b15cd969de49d5194589d7267fe029fbf1,pass,source_brain_laterality_requires_review: Allen hemisphere labels oppose body convention
female,Allen_zona_incerta_L,zona incerta (left),nervous,158,312,"[[-0.02565162628889084, 1.569973349571228, -0.06815134733915329], [-0.010545368306338787, 1.5819215774536133, -0.053353216499090195]]",9b2cd4692aa1877eec74fcb678cd5f9a6ab62fa3bc0bf43f916f1b87b6ec4a21,pass,side_vs_body_midline: review regional laterality; cardiac/hepatic labels can legitimately cross midline; source_brain_laterality_requires_review: Allen hemisphere labels oppose body convention
female,Allen_supraoptic_region_of_HTH_L,supraoptic region of HTH (left),sensory,165,326,"[[-0.015561421401798725, 1.5660861730575562, -0.05051629990339279], [-0.0057930112816393375, 1.5794605016708374, -0.0434461310505867]]",6dbf9d88a9a3dc7fce5d92d103b356714b8e398fde8afefac29a99792cf3c346,pass,side_vs_body_midline: review regional laterality; cardiac/hepatic labels can legitimately cross midline; source_brain_laterality_requires_review: Allen hemisphere labels oppose body convention
female,Allen_preoptic_region_of_HTH_L,preoptic region of HTH (left),sensory,113,222,"[[-0.012854039669036865, 1.5659292936325073, -0.04707453027367592], [-0.005688799545168877, 1.5776243209838867, -0.03913995996117592]]",907ed0c25508dd2a6a0aa5fffed936b67b31f7ac52a627c049ab54e86faf87ab,pass,side_vs_body_midline: review regional laterality; cardiac/hepatic labels can legitimately cross midline; source_brain_laterality_requires_review: Allen hemisphere labels oppose body convention
female,Allen_tuberal_region_of_HTH_L,tuberal region of HTH (left),nervous,321,642,"[[-0.019068052992224693, 1.5615472793579102, -0.05357975885272026], [-0.005005236249417067, 1.5791257619857788, -0.04053758457303047]]",a03e55d0043dd0695e7477549bacd25e6517207f77656e15ac4b7544e32a8d29,pass,side_vs_body_midline: review regional laterality; cardiac/hepatic labels can legitimately cross midline; source_brain_laterality_requires_review: Allen hemisphere labels oppose body convention
female,Allen_white_matter_of_forebrain_L,white matter of forebrain (left),nervous,11609,23368,"[[-0.07137423008680344, 1.5220601558685303, -0.1441270262002945], [-0.0030047164764255285, 1.6467921733856201, 0.014952954836189747]]",26cb46b135f5d34ca70820f42a1b454a901374fdbf05fe12a5d0f461e1e4cca3,pass,source_brain_laterality_requires_review: Allen hemisphere labels oppose body convention
female,Allen_anterior_commissure_L,anterior commissure,nervous,139,274,"[[-0.03451128304004669, 1.5691291093826294, -0.0512031652033329], [-0.004204616881906986, 1.5805613994598389, -0.041161611676216125]]",8ff2deef46f1a2f1d887e423f1522d0bc3ba0d96882d62ed4fcf152459663b7f,pass,source_brain_laterality_requires_review: Allen hemisphere labels oppose body convention
female,Allen_corpus_callosum_L,corpus callosum,nervous,988,1972,"[[-0.021438999101519585, 1.575140118598938, -0.09493797272443771], [-0.0032716968562453985, 1.610934853553772, -0.017419638112187386]]",e9cc9faf2e66e0690fab3b61682a8c022409368913ca7975140e941aea06a914,pass,source_brain_laterality_requires_review: Allen hemisphere labels oppose body convention
female,Allen_fornix_L,fornix of brain,nervous,325,642,"[[-0.021766576915979385, 1.5689946413040161, -0.08319120109081268], [-0.004564675502479076, 1.5962153673171997, -0.04603907838463783]]",96bbc230c9c71d4476341f4c0ed049d62b82ba1a4ad8f860638345e2a5905005,pass,source_brain_laterality_requires_review: Allen hemisphere labels oppose body convention
female,Allen_mammillothalamic_tract_L,mammillothalamic tract (left),nervous,64,124,"[[-0.01202920638024807, 1.5702006816864014, -0.05791561305522919], [-0.006933003664016724, 1.589677095413208, -0.05444558337330818]]",a0821cc554237f03c1a4c22f7844ecc1cedb5195c4890933dacc8f302a3c497c,pass,side_vs_body_midline: review regional laterality; cardiac/hepatic labels can legitimately cross midline; source_brain_laterality_requires_review: Allen hemisphere labels oppose body convention
female,Allen_optic_tract_L,optic tract,nervous,140,276,"[[-0.029892470687627792, 1.5646634101867676, -0.06287122517824173], [-0.007498927414417267, 1.571578025817871, -0.0393490269780159]]",41f00e5ba8a3cca6a5d8cb5e06eee993b281c51d1742917b4a9840db0cb75c39,pass,source_brain_laterality_requires_review: Allen hemisphere labels oppose body convention
female,Allen_anterior_horn_of_lateral_ventricle_L,anterior horn of lateral ventricle (left),nervous,892,1780,"[[-0.021356899291276932, 1.5822303295135498, -0.06674662232398987], [-0.004713616333901882, 1.6075561046600342, -0.020943449810147285]]",9a22c2764ea795a06069f6868364664008713262868176a5bf738dd581057574,pass,source_brain_laterality_requires_review: Allen hemisphere labels oppose body convention
female,Allen_body_of_lateral_ventricle_L,body of lateral ventricle (left),nervous,757,1510,"[[-0.032071150839328766, 1.5777809619903564, -0.09516751766204834], [-0.00645400770008564, 1.606052279472351, -0.06499185413122177]]",06ab732585df2cb09fd3d80548d6ade6f9d86fb1a43c46aaa76911a6e26073a3,pass,side_vs_body_midline: review regional laterality; cardiac/hepatic labels can legitimately cross midline; source_brain_laterality_requires_review: Allen hemisphere labels oppose body convention
female,Allen_posterior_horn_of_lateral_ventricle_L,posterior horn of lateral ventricle (left),nervous,211,418,"[[-0.03789539635181427, 1.5631554126739502, -0.12207986414432526], [-0.02576778642833233, 1.5750343799591064, -0.09954354912042618]]",923796e299aa6c4a0ee51213cb93259ff46d9a55abc26601bf4f583d0e9b91a1,pass,side_vs_body_midline: review regional laterality; cardiac/hepatic labels can legitimately cross midline; source_brain_laterality_requires_review: Allen hemisphere labels oppose body convention
female,Allen_inferior_horn_of_lateral_ventricle_L,inferior horn of lateral ventricle (left),nervous,643,1282,"[[-0.0436248704791069, 1.5532599687576294, -0.08216287195682526], [-0.02240733616054058, 1.57500422000885, -0.04282265901565552]]",e172ffff099bbaa43157e4c96701f3a198dbcf32e944a24c31ef763c20f5b03f,pass,side_vs_body_midline: review regional laterality; cardiac/hepatic labels can legitimately cross midline; source_brain_laterality_requires_review: Allen hemisphere labels oppose body convention
female,Allen_third_ventricle_L,third ventricle (left),nervous,467,930,"[[-0.008571947924792767, 1.565151572227478, -0.07542026787996292], [-0.004222711082547903, 1.58504056930542, -0.0394466407597065]]",ca3463ad40c91353b37c0b4ca0f2eba841ca629b2a15db47a4a384e560773922,pass,source_brain_laterality_requires_review: Allen hemisphere labels oppose body convention
female,Allen_cerebellar_vermis_L,cerebellar vermis,nervous,1321,2642,"[[-0.01415935531258583, 1.518937349319458, -0.11621833592653275], [-0.007168005686253309, 1.56944739818573, -0.07953494787216187]]",65f4132daf6e133606cb4b03be5c4108b47e9589720e96ec7759a373585de874,pass,source_brain_laterality_requires_review: Allen hemisphere labels oppose body convention
female,Allen_cerebellar_deep_nuclei_L,cerebellar deep nuclei (left),nervous,329,654,"[[-0.025657812133431435, 1.5311473608016968, -0.09618787467479706], [-0.011052937246859074, 1.5458942651748657, -0.08137417584657669]]",5dc3958d631fb8e4e4293a69eedd28380c8e683340652ab2cd889b45ff0dad35,pass,side_vs_body_midline: review regional laterality; cardiac/hepatic labels can legitimately cross midline; source_brain_laterality_requires_review: Allen hemisphere labels oppose body convention
female,Allen_white_matter_of_hindbrain_L,white matter of hindbrain (left),nervous,5782,11603,"[[-0.054975152015686035, 1.5127778053283691, -0.11925259977579117], [-0.006889614276587963, 1.553727149963379, -0.06650410592556]]",d977094ea896ce3f37d29877e1698f37aa77618ac2105e8a7c1199c8719d777f,pass,side_vs_body_midline: review regional laterality; cardiac/hepatic labels can legitimately cross midline; source_brain_laterality_requires_review: Allen hemisphere labels oppose body convention
female,Allen_olfactory_tract_L,olfactory tract (left),nervous,73,142,"[[-0.016269534826278687, 1.5628886222839355, -0.034538835287094116], [-0.00795700866729021, 1.5659716129302979, -0.005403261166065931]]",5c294c766d2b530629762697b4e70bf049f1be0a7bf729c0901d3c7f9f51f3bd,pass,side_vs_body_midline: review regional laterality; cardiac/hepatic labels can legitimately cross midline; source_brain_laterality_requires_review: Allen hemisphere labels oppose body convention
female,Allen_precentral_gyrus_L,precentral gyrus,nervous,3419,6834,"[[-0.06709300726652145, 1.5820406675338745, -0.10270339995622635], [-0.010862368158996105, 1.649643898010254, -0.03747418150305748]]",e9a1480b86a15a1167ae6f22d79346f9c45a2ab1c34cbcaf72f5113567898ccb,pass,source_brain_laterality_requires_review: Allen hemisphere labels oppose body convention
female,Allen_superior_frontal_gyrus_L,superior frontal gyrus,nervous,3496,6988,"[[-0.035305969417095184, 1.597598910331726, -0.08565641194581985], [-0.002777260262519121, 1.651879072189331, 0.014279617927968502]]",39e200da6109360743e717107baae5c605b55a60b08410e13df260f681b9ef2a,pass,source_brain_laterality_requires_review: Allen hemisphere labels oppose body convention
female,Allen_middle_frontal_gyrus_L,middle frontal gyrus,nervous,3623,7242,"[[-0.05671281740069389, 1.5927021503448486, -0.07088349014520645], [-0.021581346169114113, 1.6449649333953857, 0.010812721215188503]]",5ddc255c34303f6609240c4a03ad05c9cac01ed3d21e6db90ea95dc51ad5a651,pass,source_brain_laterality_requires_review: Allen hemisphere labels oppose body convention
female,Allen_inferior_frontal_gyrus_triangular_part_L,triangular part of inferior frontal gyrus,nervous,2490,4976,"[[-0.06105363368988037, 1.5828667879104614, -0.03418998047709465], [-0.03080417960882187, 1.6135830879211426, -0.003864617319777608]]",1e9885acaf7382827f96ada849f4460fe726ae02cc62e431d04442f7fa010d80,pass,source_brain_laterality_requires_review: Allen hemisphere labels oppose body convention
female,Allen_inferior_frontal_gyrus_opercular_part_L,opercular part of inferior frontal gyrus,nervous,1461,2918,"[[-0.06237248703837395, 1.582343578338623, -0.049692194908857346], [-0.03126547858119011, 1.615720272064209, -0.028507398441433907]]",9b5d4ab63ab62bca06cedf5dc328b8319d3220bf4c1022f5510271044c4f3849,pass,source_brain_laterality_requires_review: Allen hemisphere labels oppose body convention
female,Allen_gyrus_rectus_straight_gyrus_L,gyrus rectus,nervous,887,1770,"[[-0.017516620457172394, 1.5631088018417358, -0.04024477303028107], [-0.0035867439582943916, 1.5846679210662842, 0.00961399544030428]]",22e9ce6a345f532a09dbee4575823d4515b3ade01b0ed4373006e146fa9474d5,pass,source_brain_laterality_requires_review: Allen hemisphere labels oppose body convention
female,Allen_medial_orbital_gyrus_L,medial orbital gyrus,nervous,1119,2234,"[[-0.02876098081469536, 1.5610973834991455, -0.036494817584753036], [-0.008424460887908936, 1.5842384099960327, 0.010891856625676155]]",c16dc7b513ea633ae4ed399cc466804952ac77508e0a049187dcf96a5b6e44d5,pass,source_brain_laterality_requires_review: Allen hemisphere labels oppose body convention
female,Allen_anterior_intermediate_orbital_gyrus_L,intermediate orbital gyrus,nervous,583,1162,"[[-0.040516700595617294, 1.5718464851379395, -0.015310539864003658], [-0.01716287061572075, 1.589866280555725, 0.008655209094285965]]",7c43ce0061852a96eedae8ad9b24cfdc22aee295c10f1265adf62f5f4f622fb0,pass,source_brain_laterality_requires_review: Allen hemisphere labels oppose body convention
female,Allen_posterior_intermediate_orbital_gyrus_L,intermediate orbital gyrus,nervous,970,1936,"[[-0.04684295132756233, 1.5611658096313477, -0.03692907094955444], [-0.022398075088858604, 1.5860391855239868, -0.0090163704007864]]",d240c876b5faa822aae3cc44b6e929e2c00e20f93bf943b62b6ba8210912e57a,pass,source_brain_laterality_requires_review: Allen hemisphere labels oppose body convention
female,Allen_lateral_orbital_gyrus_L,lateral orbital gyrus,nervous,1469,2934,"[[-0.05552305281162262, 1.573623538017273, -0.02705337479710579], [-0.029135562479496002, 1.5967719554901123, 0.007671711500734091]]",dfcc189f0abe23c683c718bbf45d5c88cc2626767bc93f09bbdaff5e990374ca,pass,source_brain_laterality_requires_review: Allen hemisphere labels oppose body convention
female,Allen_paracentral_lobule_rostral_part_L,anterior segment of paracentral lobule,nervous,1365,2726,"[[-0.023455020040273666, 1.6101044416427612, -0.10327079892158508], [-0.005446334835141897, 1.6487846374511719, -0.07559634745121002]]",9e74f7a83627179b913a0d8db05fb8e0e5c2b501355aa1a1ad48bedcaa10f51a,pass,source_brain_laterality_requires_review: Allen hemisphere labels oppose body convention
female,Allen_frontal_operculum_L,frontal operculum,nervous,651,1298,"[[-0.05301437899470329, 1.5819194316864014, -0.069334976375103], [-0.034976229071617126, 1.6002100706100464, -0.0370272733271122]]",74cd2aec8b80fd5bdd8772e2dfb2862870e5cf6faced9bdf2b9b8b800ebc3b22,pass,source_brain_laterality_requires_review: Allen hemisphere labels oppose body convention
female,Allen_postcentral_gyrus_L,postcentral gyrus,nervous,3155,6306,"[[-0.07111937552690506, 1.587744116783142, -0.11440858244895935], [-0.01142051164060831, 1.646825909614563, -0.04875972494482994]]",54aa94720c2aa5c7e0255c71c6a967e9c29cd5a1cc49a3e53b4efb1aa49ded00,pass,source_brain_laterality_requires_review: Allen hemisphere labels oppose body convention
female,Allen_supraparietal_lobule_L,supraparietal lobule (left),nervous,3575,7150,"[[-0.04983750730752945, 1.5898264646530151, -0.1389462649822235], [-0.01406877115368843, 1.6427791118621826, -0.0923822745680809]]",e207f8b420ff336b00a086945b2ff5cf925a682769a3b1fb5be3eeaaebb8bbcb,pass,side_vs_body_midline: review regional laterality; cardiac/hepatic labels can legitimately cross midline; source_brain_laterality_requires_review: Allen hemisphere labels oppose body convention
female,Allen_supramarginal_gyrus_L,supramarginal gyrus (left),nervous,2345,4686,"[[-0.0718899816274643, 1.584542155265808, -0.10955577343702316], [-0.03740035369992256, 1.6260087490081787, -0.06959515064954758]]",25588076be2510fab664b795c5f85637fa1a56dd81f00aecd89e4c1ff5b72c60,pass,side_vs_body_midline: review regional laterality; cardiac/hepatic labels can legitimately cross midline; source_brain_laterality_requires_review: Allen hemisphere labels oppose body convention
female,Allen_angular_gyrus_L,angular gyrus (left),nervous,2940,5876,"[[-0.06943387538194656, 1.5733442306518555, -0.13509975373744965], [-0.03316744416952133, 1.6203385591506958, -0.09644460678100586]]",7debd22012071420c9319f7a0453ad5a79c6c2853a1ded89f4bf53806e3f590a,pass,side_vs_body_midline: review regional laterality; cardiac/hepatic labels can legitimately cross midline; source_brain_laterality_requires_review: Allen hemisphere labels oppose body convention
female,Allen_precuneus_L,precuneus cortex,nervous,2925,5846,"[[-0.03401491045951843, 1.5692315101623535, -0.13831168413162231], [-0.006853320635855198, 1.6400630474090576, -0.09541437029838562]]",dce8dd4419b9614a02eb2d9cfc6f2bb6b0b9e94c2a553af8108afcd45c4e6a9c,pass,source_brain_laterality_requires_review: Allen hemisphere labels oppose body convention
female,Allen_paracentral_lobule_caudal_part_L,paracentral lobule caudal part (left),nervous,959,1914,"[[-0.024162864312529564, 1.6100895404815674, -0.1126219853758812], [-0.006411904003471136, 1.6437002420425415, -0.08950412273406982]]",16b7a3f24f911c09b11e804170cf013cc4a7964911f0cd80f295cd9babcdfa33,pass,side_vs_body_midline: review regional laterality; cardiac/hepatic labels can legitimately cross midline; source_brain_laterality_requires_review: Allen hemisphere labels oppose body convention
female,Allen_superior_temporal_gyrus_L,superior temporal gyrus,nervous,1619,3234,"[[-0.07390612363815308, 1.5525707006454468, -0.09967504441738129], [-0.040597252547740936, 1.5926955938339233, -0.024427536875009537]]",347f8e402e785aa00c57f95dccbc88c5e79f59bfe1c5f60994d070861cb1ab88,pass,source_brain_laterality_requires_review: Allen hemisphere labels oppose body convention
female,Allen_middle_temporal_gyrus_L,middle temporal gyrus,nervous,2219,4434,"[[-0.07464726269245148, 1.5428439378738403, -0.11348512023687363], [-0.03308599069714546, 1.5850154161453247, -0.017502745613455772]]",66c91ff7e65416283d0eac0de94b4881e5c66dec87459f5ebff406972e2403b6,pass,source_brain_laterality_requires_review: Allen hemisphere labels oppose body convention
female,Allen_inferior_temporal_gyrus_L,inferior temporal gyrus,nervous,1764,3524,"[[-0.07146912068128586, 1.535890817642212, -0.11120428144931793], [-0.039469629526138306, 1.564383864402771, -0.029131505638360977]]",a0821cc36ccf635e324420247722310bdc6fd5eac58583c57e7c4a8a70591ebf,pass,source_brain_laterality_requires_review: Allen hemisphere labels oppose body convention
female,Allen_occipitotemporal_fusiform_gyrus_temporal_part_L,occipitotemporal fusiform gyrus temporal part (left),nervous,2080,4156,"[[-0.05768885836005211, 1.5446479320526123, -0.10657302290201187], [-0.026972293853759766, 1.5662518739700317, -0.06415671855211258]]",33c92e43a2d84bb0543eef28d22e58c8cb643c490de9361c50cf41dc8c3b6324,pass,side_vs_body_midline: review regional laterality; cardiac/hepatic labels can legitimately cross midline; source_brain_laterality_requires_review: Allen hemisphere labels oppose body convention
female,Allen_transverse_temporal_gyrus_Heschls_gyrus_L,transverse temporal gyrus Heschls gyrus (left),nervous,716,1428,"[[-0.06398138403892517, 1.5763378143310547, -0.08345270156860352], [-0.03481437265872955, 1.5930105447769165, -0.05393696576356888]]",ef6f6df884c3bea7c47839e61ebaa8596d4928655817dd34f2b7222f81ba9f34,pass,side_vs_body_midline: review regional laterality; cardiac/hepatic labels can legitimately cross midline; source_brain_laterality_requires_review: Allen hemisphere labels oppose body convention
female,Allen_planum_temporale_L,planum temporale,nervous,796,1588,"[[-0.06681765615940094, 1.5797350406646729, -0.08969476819038391], [-0.04234873503446579, 1.5966713428497314, -0.05697748437523842]]",957fe86f75bbb373af74703db75ad354c6c0b29184532010cd8ee2b891ccd2ac,pass,source_brain_laterality_requires_review: Allen hemisphere labels oppose body convention
female,Allen_temporal_pole_L,temporal pole,nervous,1191,2378,"[[-0.056574005633592606, 1.5451011657714844, -0.03578224033117294], [-0.024196326732635498, 1.5802878141403198, -0.013538290746510029]]",58a47c980e397a227105ad56624f482b83404808ccc984c93f436ccef364c421,pass,source_brain_laterality_requires_review: Allen hemisphere labels oppose body convention
female,Allen_planum_polare_L,planum polare,nervous,968,1932,"[[-0.06147485971450806, 1.562404751777649, -0.07368435710668564], [-0.036803238093853, 1.5876491069793701, -0.028220513835549355]]",d97c1c50029d4b7aa64e23027d9fd3202147c283c8fefd65ca90631837397027,pass,source_brain_laterality_requires_review: Allen hemisphere labels oppose body convention
female,Allen_occipital_pole_L,occipital pole,nervous,742,1484,"[[-0.037070270627737045, 1.5377963781356812, -0.14714285731315613], [-0.013404390774667263, 1.5722088813781738, -0.127700537443161]]",6197f9c3f3c57e7b3a4cfa372571e351694b6894a0f3e6656a9155318f0870a9,pass,source_brain_laterality_requires_review: Allen hemisphere labels oppose body convention
female,Allen_cuneus_L,cuneus cortex,nervous,2582,5168,"[[-0.03292315453290939, 1.552377462387085, -0.14441730082035065], [-0.007979633286595345, 1.5983105897903442, -0.10518116503953934]]",08b3861ff3362215a7552da526e26409729dea435bc64f4837e4332259d43cc1,pass,source_brain_laterality_requires_review: Allen hemisphere labels oppose body convention
female,Allen_lingual_gyrus_medial_occipitotemporal_gyrus_L,lingual gyrus,nervous,2696,5388,"[[-0.03930302709341049, 1.5392546653747559, -0.13870364427566528], [-0.008065677247941494, 1.5744181871414185, -0.0753898024559021]]",aa9f1f738aa5d2139a7ed0ff354058bc966a331c09d19acd5f7c430316807e5a,pass,source_brain_laterality_requires_review: Allen hemisphere labels oppose body convention
female,Allen_lateral_occipitotemporal_fusiform_gyrus_occipital_part_L,occipital fusiform gyrus,nervous,945,1886,"[[-0.0582968071103096, 1.54193115234375, -0.11821138858795166], [-0.02859640307724476, 1.5608553886413574, -0.10148853063583374]]",b60a0ad1fd55e08d0e4dece9e7c0e2b01fea9b4c5f29a87df0e3eccebdb9b732,pass,source_brain_laterality_requires_review: Allen hemisphere labels oppose body convention
female,Allen_inferior_occipital_gyrus_L,inferior occipital gyrus,nervous,2273,4546,"[[-0.06146775558590889, 1.537489414215088, -0.14105264842510223], [-0.023028191179037094, 1.5797334909439087, -0.10112069547176361]]",ddaff97e1af0e5b70f20e4499a9c2493601ba71eaa649dd7dd4c524450b94f10,pass,source_brain_laterality_requires_review: Allen hemisphere labels oppose body convention
female,Allen_superior_occipital_gyrus_L,superior occipital gyrus,nervous,2731,5464,"[[-0.05509678274393082, 1.552372932434082, -0.14570824801921844], [-0.01411465834826231, 1.6030077934265137, -0.11378269642591476]]",c13ba78f379d12f897310a6f7fd6f0b6dc0cf0bf23e226842516c362a3fab7e8,pass,source_brain_laterality_requires_review: Allen hemisphere labels oppose body convention
female,Allen_cingulate_gyrus_rostral_anterior_part_L,anterior cingulate gyrus,nervous,1374,2744,"[[-0.017417030408978462, 1.574882984161377, -0.06382521241903305], [-0.0031700837425887585, 1.624036192893982, -0.0068091535940766335]]",4de7eb901d71b9739f398bbe1c9baf6c70701f65c74726dc547f553ae52f20cb,pass,source_brain_laterality_requires_review: Allen hemisphere labels oppose body convention
female,Allen_cingulate_gyrus_caudal_posterior_part_L,posterior cingulate gyrus,nervous,1861,3718,"[[-0.03157132491469383, 1.5664576292037964, -0.10619040578603745], [-0.004867927171289921, 1.6219202280044556, -0.05980447679758072]]",74c613098efd21aab599fcfd011de70a805b23141ed451d004166d11a4706803,pass,source_brain_laterality_requires_review: Allen hemisphere labels oppose body convention
female,Allen_ingulo_parahippocampal_isthmus_L,isthmus of cingulate gyrus,nervous,125,246,"[[-0.025932544842362404, 1.565129041671753, -0.0899076834321022], [-0.012518460862338543, 1.5760698318481445, -0.07770845293998718]]",4f659d144261ccc5acd7b462bc817083fa8d184f2194b674dfefbc00137064fa,pass,source_brain_laterality_requires_review: Allen hemisphere labels oppose body convention
female,Allen_subcallosal_gyrus_parolfactory_gyrus_L,subcallosal area,nervous,205,406,"[[-0.01162807922810316, 1.5683391094207764, -0.041071854531764984], [-0.004382685758173466, 1.5866878032684326, -0.02368956431746483]]",400d36364bc51cc7042f11ea1761bc2516aba3913d12884f7847d6f44b631cda,pass,source_brain_laterality_requires_review: Allen hemisphere labels oppose body convention
female,Allen_anterior_parahippocampal_gyrus_L,anterior parahippocampal gyrus,nervous,672,1340,"[[-0.03924053907394409, 1.5451637506484985, -0.06234145909547806], [-0.019115561619400978, 1.564404010772705, -0.03262902796268463]]",00d62668d6d41f5b1465e32fdfbb1d67d6159112fdc228a614a067d4ec60e8f8,pass,source_brain_laterality_requires_review: Allen hemisphere labels oppose body convention
female,Allen_posterior_parahippocampal_gyrus_L,posterior parahippocampal gyrus,nervous,553,1102,"[[-0.039706822484731674, 1.548656702041626, -0.08448600769042969], [-0.01919693872332573, 1.5667815208435059, -0.05982883274555206]]",56078fcb995ca5b84d76bf553ef30b82d2902dd9d666f44db5a7bdfb1102eb36,pass,source_brain_laterality_requires_review: Allen hemisphere labels oppose body convention
female,Allen_gyrus_ambiens_L,gyrus ambiens (left),nervous,92,180,"[[-0.021377088502049446, 1.5561621189117432, -0.05336242541670799], [-0.015203094109892845, 1.5644054412841797, -0.03999006375670433]]",f718c6ab342bbdd5d1b40b3d1132e46165e682d690cc0843557ec0679798aae5,pass,side_vs_body_midline: review regional laterality; cardiac/hepatic labels can legitimately cross midline; source_brain_laterality_requires_review: Allen hemisphere labels oppose body convention
female,Allen_head_of_hippocampus_L,head of hippocampus (left),nervous,260,516,"[[-0.04055546224117279, 1.5531699657440186, -0.06253350526094437], [-0.016134042292833328, 1.566877841949463, -0.04649345204234123]]",23912a04a214f34fd711fd7ce7499d8747a5d02644c8f772db010b108de698b3,pass,side_vs_body_midline: review regional laterality; cardiac/hepatic labels can legitimately cross midline; source_brain_laterality_requires_review: Allen hemisphere labels oppose body convention
female,Allen_body_of_hippocampus_L,body of hippocampus (left),nervous,217,430,"[[-0.040885962545871735, 1.5569654703140259, -0.0738862082362175], [-0.021781830117106438, 1.5679945945739746, -0.059493668377399445]]",844d8e6360c639dd834ba7f7b737af621480a0629a8f328e50e1b61101d338c5,pass,side_vs_body_midline: review regional laterality; cardiac/hepatic labels can legitimately cross midline; source_brain_laterality_requires_review: Allen hemisphere labels oppose body convention
female,Allen_tail_of_hippocampus_L,tail of hippocampus (left),nervous,263,522,"[[-0.04009249433875084, 1.562052845954895, -0.08845508098602295], [-0.01672198437154293, 1.5779471397399902, -0.07195056229829788]]",069c5dc4ccd40345257f39321ac21f192181114dd8570c45c9d3329703a429d7,pass,side_vs_body_midline: review regional laterality; cardiac/hepatic labels can legitimately cross midline; source_brain_laterality_requires_review: Allen hemisphere labels oppose body convention
female,Allen_long_insular_gyri_L,long insular gyri (left),nervous,606,1208,"[[-0.04800033941864967, 1.5670660734176636, -0.07844143360853195], [-0.03344718739390373, 1.5972861051559448, -0.03828088566660881]]",12ffdc0dc2b5e2ada755882449529e84476559a8f5b8d34a686233636382c70d,pass,side_vs_body_midline: review regional laterality; cardiac/hepatic labels can legitimately cross midline; source_brain_laterality_requires_review: Allen hemisphere labels oppose body convention
female,Allen_short_insular_gyri_L,short insular gyri (left),nervous,742,1480,"[[-0.048533935099840164, 1.5662052631378174, -0.06320352107286453], [-0.027165109291672707, 1.5995396375656128, -0.021281948313117027]]",5ea27d2ade95741f97b518e34df021616e60fe342ec0666892e8668750aedec9,pass,side_vs_body_midline: review regional laterality; cardiac/hepatic labels can legitimately cross midline; source_brain_laterality_requires_review: Allen hemisphere labels oppose body convention
female,Allen_limen_insula_L,limen insula (left),nervous,34,64,"[[-0.04249800741672516, 1.5658365488052368, -0.039777204394340515], [-0.03423462435603142, 1.5717644691467285, -0.03531185910105705]]",bc66c0a5880540356a9fdb8e481565bed6cf48d60394ce7ba374fc18c75df744,pass,side_vs_body_midline: review regional laterality; cardiac/hepatic labels can legitimately cross midline; source_brain_laterality_requires_review: Allen hemisphere labels oppose body convention
female,Allen_pretectal_region_L,pretectal region (left),nervous,30,56,"[[-0.01915615424513817, 1.5657730102539062, -0.0765068531036377], [-0.007704187650233507, 1.5750203132629395, -0.0690174326300621]]",042ab72a9c0e108d25c90ae6ba44e326463430b8337ab5daafe210edae47003d,pass,side_vs_body_midline: review regional laterality; cardiac/hepatic labels can legitimately cross midline; source_brain_laterality_requires_review: Allen hemisphere labels oppose body convention
female,Allen_substantia_nigra_L,substantia nigra,nervous,61,118,"[[-0.019768692553043365, 1.5592831373214722, -0.06693029403686523], [-0.010392679832875729, 1.5704431533813477, -0.0544702522456646]]",e2c25e4f70a5b6bd3d70a165c1f9a2cfa019ed4cd1511262b2ce746cd5674764,pass,source_brain_laterality_requires_review: Allen hemisphere labels oppose body convention
female,Allen_superior_colliculus_L,superior colliculus,nervous,38,72,"[[-0.016452549025416374, 1.5654518604278564, -0.08049093186855316], [-0.006123017519712448, 1.5731409788131714, -0.07205475121736526]]",1c19769d783e4a551dc06738b1d16ead8edf6198f9282be2d2af6fd73967af21,pass,source_brain_laterality_requires_review: Allen hemisphere labels oppose body convention
female,Allen_cerebral_peduncle_crus_cerebri_L,cerebral peduncle,nervous,233,462,"[[-0.026012476533651352, 1.5548804998397827, -0.0700247585773468], [-0.009149144403636456, 1.571869969367981, -0.050844673067331314]]",fb9607f1741f349205da660d97ecfca0806b42a67525c83d7e4371ee4ffa0838,pass,source_brain_laterality_requires_review: Allen hemisphere labels oppose body convention
female,Allen_superior_cerebellar_peduncle_brachium_conjunctivum_L,superior cerebellar peduncle brachium conjunctivum (left),nervous,131,258,"[[-0.015739087015390396, 1.5386643409729004, -0.08742739260196686], [-0.009920460171997547, 1.556256651878357, -0.07607264071702957]]",3453693bc8f9b3411d654dd73fefea5d97c9e12bdcbe178a9ccdbfe468568b99,pass,side_vs_body_midline: review regional laterality; cardiac/hepatic labels can legitimately cross midline; source_brain_laterality_requires_review: Allen hemisphere labels oppose body convention
female,Allen_cerebral_aqueduct_L,cerebral aqueduct (left),nervous,40,76,"[[-0.009115460328757763, 1.5527101755142212, -0.07886043190956116], [-0.005375570617616177, 1.5722402334213257, -0.0694461464881897]]",72c17cbca1101223ee5177860d708ede4b81b64e4b29cd7d3259914f4218b1d5,pass,side_vs_body_midline: review regional laterality; cardiac/hepatic labels can legitimately cross midline; source_brain_laterality_requires_review: Allen hemisphere labels oppose body convention
female,Allen_paravermis_of_cerebellum_L,paravermis of cerebellum (left),nervous,1612,3242,"[[-0.024184856563806534, 1.5071213245391846, -0.12419047951698303], [-0.008037947118282318, 1.5658631324768066, -0.06836895644664764]]",3173eb35464aa33fdbac27a9be9edcfc1f3e354310e6415174ed12b47ec39ed2,pass,side_vs_body_midline: review regional laterality; cardiac/hepatic labels can legitimately cross midline; source_brain_laterality_requires_review: Allen hemisphere labels oppose body convention
female,Allen_lateral_hemisphere_of_cerebellum_L,lateral hemisphere of cerebellum (left),nervous,4882,9774,"[[-0.06193530559539795, 1.5073246955871582, -0.12390691787004471], [-0.021048633381724358, 1.5563527345657349, -0.06413941085338593]]",967347fe484c30999c4dd3aa11eb3d68d0020ac9e635704434d4f2a5959d624a,pass,side_vs_body_midline: review regional laterality; cardiac/hepatic labels can legitimately cross midline; source_brain_laterality_requires_review: Allen hemisphere labels oppose body convention
female,Allen_basilar_part_of_pons_L,pontine nuclear group,sensory,470,936,"[[-0.02580525353550911, 1.5294795036315918, -0.0725802332162857], [-0.005696689244359732, 1.5577362775802612, -0.051703594624996185]]",7c7e7ceb9d0f47237eaba7eb0f7a3b1635309433179d01ac8bc71f73b0c418e4,pass,source_brain_laterality_requires_review: Allen hemisphere labels oppose body convention
female,Allen_pontine_tegmentum_L,pontine tegmentum,nervous,261,518,"[[-0.01895749755203724, 1.5309563875198364, -0.07772892713546753], [-0.006099812686443329, 1.5599113702774048, -0.06447899341583252]]",1bc1683699c6c5a67a6ba3bb31c66b970aec69d80ed619e09ecb949f708a8add,pass,source_brain_laterality_requires_review: Allen hemisphere labels oppose body convention
female,Allen_pyramidal_part_of_medulla_oblongata_L,pyramidal part of medulla oblongata (left),nervous,60,116,"[[-0.012812246568500996, 1.508470892906189, -0.06513190269470215], [-0.007505741436034441, 1.5313148498535156, -0.06075746566057205]]",af51ed289a91e8afb0e5cd1ef8808112b4b87cf45ba1a5df3136739267a26b99,pass,side_vs_body_midline: review regional laterality; cardiac/hepatic labels can legitimately cross midline; source_brain_laterality_requires_review: Allen hemisphere labels oppose body convention
female,Allen_tegmentum_of_medulla_oblongata_L,tegmentum of medulla oblongata (left),nervous,318,632,"[[-0.01753467507660389, 1.507530927658081, -0.07709351927042007], [-0.006765592377632856, 1.5335965156555176, -0.06318962574005127]]",0576c42f6a1d74ce9bf2bc151a776021a98a39f3f6aef6a6f78e0c135cdc9018,pass,side_vs_body_midline: review regional laterality; cardiac/hepatic labels can legitimately cross midline; source_brain_laterality_requires_review: Allen hemisphere labels oppose body convention
female,Allen_inferior_olive_L,inferior olive (left),nervous,64,124,"[[-0.016385342925786972, 1.5164402723312378, -0.06890507787466049], [-0.011959617026150227, 1.5297455787658691, -0.062397297471761703]]",f1f475700d1fcc39d8487e1b182f9e3379dc075695b5ef5127d5a43b1676c593,pass,side_vs_body_midline: review regional laterality; cardiac/hepatic labels can legitimately cross midline; source_brain_laterality_requires_review: Allen hemisphere labels oppose body convention
female,Allen_middle_cerebellar_peduncle_L,middle cerebellar peduncle (left),nervous,168,332,"[[-0.03240771219134331, 1.5323272943496704, -0.07926665246486664], [-0.017641495913267136, 1.54634428024292, -0.06516958773136139]]",247f3a74d1d2e8caa0fb3337757b9c9d83bf31a825ec119dc809e6fd17bbf601,pass,side_vs_body_midline: review regional laterality; cardiac/hepatic labels can legitimately cross midline; source_brain_laterality_requires_review: Allen hemisphere labels oppose body convention
female,Allen_fourth_ventricle_L,fourth ventricle,nervous,214,424,"[[-0.02025139518082142, 1.5147576332092285, -0.09002923965454102], [-0.0061789280734956264, 1.553727388381958, -0.07376080751419067]]",0906eb078a87d8d4f0c5a028c3f3f9000eafabd65300a47deb68c9e57105bbc8,pass,source_brain_laterality_requires_review: Allen hemisphere labels oppose body convention
female,Allen_central_canal_of_medulla_oblongata_L,central canal of medulla oblongata (left),nervous,8,12,"[[-0.008914289064705372, 1.505794644355774, -0.07424013316631317], [-0.007427399046719074, 1.5153400897979736, -0.07096494734287262]]",b02be5bb1140f414317cc88ba92948df3fb4929f7780d6480a1c5a7ff7ba98f2,pass,side_vs_body_midline: review regional laterality; cardiac/hepatic labels can legitimately cross midline; source_brain_laterality_requires_review: Allen hemisphere labels oppose body convention
female,Allen_midline_nuclear_complex_L,midline nuclear complex (left),sensory,126,248,"[[-0.010327715426683426, 1.5747346878051758, -0.06954764574766159], [-0.004948888905346394, 1.589194893836975, -0.05167447403073311]]",061edd328c7a5f44cc910c31b0b3e33ec4b7311476e83ed504cafab6c4b16baf,pass,source_brain_laterality_requires_review: Allen hemisphere labels oppose body convention
female,Allen_lateral_olfactory_gyrus_L,lateral olfactory gyrus (left),nervous,67,130,"[[-0.029901688918471336, 1.5644886493682861, -0.042124178260564804], [-0.015891198068857193, 1.5725231170654297, -0.03531089797616005]]",c4a7ea8807fbd3f56a624be545c448276f22aaf2bb716063dc4393039e8fc002,pass,side_vs_body_midline: review regional laterality; cardiac/hepatic labels can legitimately cross midline; source_brain_laterality_requires_review: Allen hemisphere labels oppose body convention
female,Allen_parietal_operculum_L,parietal operculum,nervous,619,1234,"[[-0.06392385810613632, 1.5840857028961182, -0.08640092611312866], [-0.03368610143661499, 1.6004390716552734, -0.047029074281454086]]",c4123167ea3f2f231946191583c7585219e58b080b524e44f0209dba32f080b5,pass,source_brain_laterality_requires_review: Allen hemisphere labels oppose body convention
female,Allen_optic_radiation_L,optic radiation,sensory,44,84,"[[-0.03841497749090195, 1.5661442279815674, -0.062377285212278366], [-0.029331108555197716, 1.5740090608596802, -0.04930737242102623]]",9e38dff3307bdfea2ddff993773083fcdcec71ed82c323eb09e20030c7ccca19,pass,source_brain_laterality_requires_review: Allen hemisphere labels oppose body convention
female,Allen_posteroventral_putamen_L,posteroventral putamen (left),nervous,1032,2060,"[[-0.020393937826156616, 1.5829534530639648, -0.07999273389577866], [-0.002742625307291746, 1.6332541704177856, 0.0018093918915838003]]",3f224250863eb05dc8ac64220a75c10508bce61f20c20cc91b065fca5b0fa380,pass,source_brain_laterality_requires_review: Allen hemisphere labels oppose body convention
female,Allen_atrium_of_lateral_ventricle_L,atrium of lateral ventricle (left),nervous,311,618,"[[-0.015855705365538597, 1.569985032081604, -0.03083323873579502], [-0.0034711884800344706, 1.5928542613983154, 0.004914481658488512]]",a3009148756d59b90682281a3c2e5a934fec0cb9b8ea7596c1944ced5013b95e,pass,source_brain_laterality_requires_review: Allen hemisphere labels oppose body convention
female,Allen_paracingulate_gyrus_L,paracingulate gyrus (left),nervous,414,824,"[[-0.04498355835676193, 1.5732388496398926, -0.002577628940343857], [-0.009697213768959045, 1.6010690927505493, 0.01777670532464981]]",24838f70856371b6608e032ff7725ad53c349fe6681cad3ecd7b7d0968eaf2ad,pass,side_vs_body_midline: review regional laterality; cardiac/hepatic labels can legitimately cross midline; source_brain_laterality_requires_review: Allen hemisphere labels oppose body convention
female,Allen_rostral_gyrus_L,rostral gyrus (left),nervous,582,1160,"[[-0.030381176620721817, 1.5726394653320312, 6.758689414709806e-05], [-0.0028764018788933754, 1.6109991073608398, 0.018947048112750053]]",80f90c8a6d3ce0c747f1a0f3a5f96350d9b0fc99bd6218654e2e1bdae864298c,pass,source_brain_laterality_requires_review: Allen hemisphere labels oppose body convention
female,Allen_frontomarginal_gyrus_L,frontomarginal gyrus (left),nervous,544,1084,"[[-0.048039644956588745, 1.535355806350708, -0.06985719501972198], [-0.023108405992388725, 1.5602055788040161, -0.022076154127717018]]",fa3f9fcaa6c4559f61d0ad6be4e0808365d33eaba1d94b12d00c1887fa57ce24,pass,side_vs_body_midline: review regional laterality; cardiac/hepatic labels can legitimately cross midline; source_brain_laterality_requires_review: Allen hemisphere labels oppose body convention
female,Allen_frontal_pole_L,frontal pole (left),nervous,806,1608,"[[-0.04884103313088417, 1.5588488578796387, -0.12620902061462402], [-0.025906281545758247, 1.588046908378601, -0.06074725463986397]]",a314dbfe6b5f2ec8dad50b941bbb39243ed3bce1ae7fbaec3156cc2c8aa5d539,pass,side_vs_body_midline: review regional laterality; cardiac/hepatic labels can legitimately cross midline; source_brain_laterality_requires_review: Allen hemisphere labels oppose body convention
female,Allen_inferior_cerebellar_peduncle_L,inferior cerebellar peduncle (left),nervous,58,112,"[[-0.020794684067368507, 1.5267504453659058, -0.07997183501720428], [-0.015470489859580994, 1.5430200099945068, -0.07036781311035156]]",9466ffccb460153911a5dbc8c768e36d79302a51353ba4266ad840a69673f114,pass,side_vs_body_midline: review regional laterality; cardiac/hepatic labels can legitimately cross midline; source_brain_laterality_requires_review: Allen hemisphere labels oppose body convention
female,Allen_perirhinal_gyrus_rostral_part_of_FuGt_L,perirhinal gyrus rostral part of FuGt (left),nervous,47,90,"[[-0.04139537736773491, 1.5663371086120605, -0.10186547785997391], [-0.024468878284096718, 1.586600422859192, -0.08039302378892899]]",35d2b7ad1e7c028459a96bee1b53138458f1b58efa8c97ad80e62661b40650ee,pass,side_vs_body_midline: review regional laterality; cardiac/hepatic labels can legitimately cross midline; source_brain_laterality_requires_review: Allen hemisphere labels oppose body convention
female,Allen_olfactory_bulb_R,olfactory bulb (right),nervous,6,8,"[[-0.002341274870559573, 1.5604829788208008, -0.00541826244443655], [0.0017758328467607498, 1.5648938417434692, 0.004019265063107014]]",09a5240a7efee7b2d15eafdf547c8dbac27fdb339c018a9362109c9ff7977543,pass,source_brain_laterality_requires_review: Allen hemisphere labels oppose body convention
female,Allen_anterior_olfactory_nucleus_R,anterior olfactory nucleus (right),nervous,9,14,"[[0.004642528016120195, 1.5643353462219238, -0.039997171610593796], [0.009944389574229717, 1.5722054243087769, -0.031784266233444214]]",0dbd32f3577c6473a217aca1aebae1479c0c13bb9baf1197ac2afa79dade37d3,pass,source_brain_laterality_requires_review: Allen hemisphere labels oppose body convention
female,Allen_piriform_region_R,piriform region (right),nervous,131,258,"[[0.010794274508953094, 1.5551722049713135, -0.04532464221119881], [0.025820503011345863, 1.5691646337509155, -0.03770671412348747]]",1abaf5fda82b247b83e555479f7de556da405ccec76496c183896252a5d644bf,pass,side_vs_body_midline: review regional laterality; cardiac/hepatic labels can legitimately cross midline; source_brain_laterality_requires_review: Allen hemisphere labels oppose body convention
female,Allen_frontal_agranular_insular_cortex_area_Fl_R,frontal agranular insular cortex area Fl (right),nervous,46,88,"[[0.01966133527457714, 1.5655522346496582, -0.041868217289447784], [0.02729988284409046, 1.5695210695266724, -0.03918162360787392]]",b378825d4335b211d5b620e03c89b087498a4d2b0855d96b042bc13dc87658db,pass,side_vs_body_midline: review regional laterality; cardiac/hepatic labels can legitimately cross midline; source_brain_laterality_requires_review: Allen hemisphere labels oppose body convention
female,Allen_temporal_agranular_insular_cortex_area_Tl_R,temporal agranular insular cortex area Tl (right),nervous,239,474,"[[0.016794433817267418, 1.5546143054962158, -0.04088805615901947], [0.029450275003910065, 1.565880537033081, -0.03534972295165062]]",11d01c5ec73e090d13e76a1cd42d5c9fccf756a2f2c8b627e8a810659a88289e,pass,side_vs_body_midline: review regional laterality; cardiac/hepatic labels can legitimately cross midline; source_brain_laterality_requires_review: Allen hemisphere labels oppose body convention
female,Allen_head_of_caudate_R,head of caudate (right),nervous,1030,2056,"[[-0.0004920974024571478, 1.5768619775772095, -0.050913434475660324], [0.015607452020049095, 1.6037683486938477, -0.0251701008528471]]",f584117026eda640e83adf28e2b4b04ede8adfb8f796e920b167932b062e2f8e,pass,source_brain_laterality_requires_review: Allen hemisphere labels oppose body convention
female,Allen_body_of_caudate_R,body of caudate (right),nervous,680,1356,"[[0.0032757637090981007, 1.5887221097946167, -0.08387314528226852], [0.016090532764792442, 1.604667067527771, -0.04651804640889168]]",051159fe9afc56c85cd851510e2a6e91f8b15dbf12b9196908f32670b4bd78de,pass,source_brain_laterality_requires_review: Allen hemisphere labels oppose body convention
female,Allen_tail_of_caudate_R,tail of caudate (right),nervous,305,606,"[[0.011304148472845554, 1.5636296272277832, -0.08664720505475998], [0.02862154133617878, 1.590113878250122, -0.058442067354917526]]",83a4e28e16620038869ff50591ea6177873a7cef7fdb8a1d326913b073a2dcf9,pass,side_vs_body_midline: review regional laterality; cardiac/hepatic labels can legitimately cross midline; source_brain_laterality_requires_review: Allen hemisphere labels oppose body convention
female,Allen_putamen_R,right putamen,nervous,847,1690,"[[0.008267240598797798, 1.5706716775894165, -0.07133662700653076], [0.026301300153136253, 1.5955092906951904, -0.0294724740087986]]",2c00626e9d1179022e3c574fbd6c0dd41a5c4b255475ad30b4e7f2be16011c0a,pass,side_vs_body_midline: review regional laterality; cardiac/hepatic labels can legitimately cross midline; source_brain_laterality_requires_review: Allen hemisphere labels oppose body convention
female,Allen_nucleus_accumbens_R,nucleus accumbens (right),nervous,237,470,"[[-0.0016612359322607517, 1.5701271295547485, -0.04263590648770332], [0.013935805298388004, 1.5832360982894897, -0.03264554962515831]]",bf300508d5c3161c368e11c3eed4087cb72764ba73f23979f60c3b10a1a9c61c,pass,source_brain_laterality_requires_review: Allen hemisphere labels oppose body convention
female,Allen_external_segment_of_globus_pallidus_R,external segment of globus pallidus (right),nervous,318,632,"[[0.004449882544577122, 1.5744396448135376, -0.06556185334920883], [0.019406313076615334, 1.587555170059204, -0.041960228234529495]]",38890d57cce92b5ccbfb8d29e6e34c7acdb621ec56fecc1c4bdd298c703dbc54,pass,source_brain_laterality_requires_review: Allen hemisphere labels oppose body convention
female,Allen_internal_segment_of_globus_pallidus_R,internal segment of globus pallidus (right),nervous,229,454,"[[0.004695863462984562, 1.573626160621643, -0.060926202684640884], [0.01690639741718769, 1.5822741985321045, -0.04679476469755173]]",18366e69f5b0424144f6bce72e7e6847e4b2a00c9f8989e937580f117ab54d3f,pass,source_brain_laterality_requires_review: Allen hemisphere labels oppose body convention
female,Allen_claustrum_R,claustrum (right),nervous,1308,2632,"[[0.015753179788589478, 1.5613703727722168, -0.0697392150759697], [0.029511820524930954, 1.5980662107467651, -0.030255207791924477]]",9459bd346cf8d57e25bb6a06175ebd6e0e49b4402ce886de28c6b55dba350abf,pass,side_vs_body_midline: review regional laterality; cardiac/hepatic labels can legitimately cross midline; source_brain_laterality_requires_review: Allen hemisphere labels oppose body convention
female,Allen_basal_forebrain_R,basal forebrain (right),nervous,434,864,"[[-0.0046380371786653996, 1.568756341934204, -0.053184621036052704], [0.017275314778089523, 1.585310935974121, -0.039467714726924896]]",62cb83a28de535510546f145ffdfab2363609b4b831486a861227d7b9c059e79,pass,source_brain_laterality_requires_review: Allen hemisphere labels oppose body convention
female,Allen_septal_nuclei_R,septal nuclei (right),nervous,380,756,"[[-0.005542557220906019, 1.5805572271347046, -0.07258641719818115], [-0.0014954513171687722, 1.6008214950561523, -0.040637798607349396]]",e5f79c8c21f3aac71861f76f6aa2d7b54438cad7ce32a004ee263c6ad28b26f5,pass,source_brain_laterality_requires_review: Allen hemisphere labels oppose body convention
female,Allen_amygdaloid_complex_R,amygdaloid complex (right),nervous,277,546,"[[0.009143604896962643, 1.5572431087493896, -0.059298839420080185], [0.026433667168021202, 1.5707248449325562, -0.04110664874315262]]",75f01841a02327b4c777cb07a10e12f28ffa787ecbadb79fae72fe3c15ac422f,pass,side_vs_body_midline: review regional laterality; cardiac/hepatic labels can legitimately cross midline; source_brain_laterality_requires_review: Allen hemisphere labels oppose body convention
female,Allen_anterior_amygdaloid_area_R,anterior amygdaloid area (right),nervous,85,166,"[[0.012816792353987694, 1.563616156578064, -0.05029039829969406], [0.021704556420445442, 1.569262981414795, -0.043818920850753784]]",088ffd3141b4bf02b21ff924973dd7dc004b07e23ed4a12c0bb4c395d441e355,pass,side_vs_body_midline: review regional laterality; cardiac/hepatic labels can legitimately cross midline; source_brain_laterality_requires_review: Allen hemisphere labels oppose body convention
female,Allen_central_nuclear_group_R,central nuclear group (right),sensory,48,92,"[[0.015147826634347439, 1.5649806261062622, -0.05629214644432068], [0.01986812986433506, 1.5701268911361694, -0.049099914729595184]]",51eee32b22ab84e8b6e0f4393a7dc12ba464cbc3564b7fc0760503e8d4bcb093,pass,side_vs_body_midline: review regional laterality; cardiac/hepatic labels can legitimately cross midline; source_brain_laterality_requires_review: Allen hemisphere labels oppose body convention
female,Allen_lateral_nucleus_R,lateral nucleus (right),nervous,251,498,"[[0.013564788736402988, 1.5536186695098877, -0.05207847058773041], [0.026350408792495728, 1.5647914409637451, -0.04223107546567917]]",04609c9a02e402c9a652dd5018b963d6f21b55ce63615ba981b8ce27816d6cb8,pass,side_vs_body_midline: review regional laterality; cardiac/hepatic labels can legitimately cross midline; source_brain_laterality_requires_review: Allen hemisphere labels oppose body convention
female,Allen_basolateral_nucleus_basal_nucleus_R,basolateral nucleus basal nucleus (right),nervous,214,424,"[[0.00900632981210947, 1.5574357509613037, -0.054010190069675446], [0.023548206314444542, 1.5671836137771606, -0.042657867074012756]]",cc444b368330925d1bb041e262e8f6afbeac3e135829fbabb5da5652e8a475fc,pass,side_vs_body_midline: review regional laterality; cardiac/hepatic labels can legitimately cross midline; source_brain_laterality_requires_review: Allen hemisphere labels oppose body convention
female,Allen_basomedial_nucleus_accessory_basal_nucleus_R,basomedial nucleus accessory basal nucleus (right),nervous,77,150,"[[0.010895030573010445, 1.5617527961730957, -0.05555994436144829], [0.01828858070075512, 1.5678584575653076, -0.04666464775800705]]",11c2f416ed4d6753d7bbcf97f8e9eee607ecf1d65ce77317789a7a341eb5915e,pass,side_vs_body_midline: review regional laterality; cardiac/hepatic labels can legitimately cross midline; source_brain_laterality_requires_review: Allen hemisphere labels oppose body convention
female,Allen_anterior_cortical_nucleus_R,anterior cortical nucleus (right),nervous,92,180,"[[0.006702415179461241, 1.561063289642334, -0.050887271761894226], [0.015824439004063606, 1.5681782960891724, -0.04318918660283089]]",18ac260011b8dac242e301d27b6f097449afd90f80be53bc46803fe6cc5fae7b,pass,side_vs_body_midline: review regional laterality; cardiac/hepatic labels can legitimately cross midline; source_brain_laterality_requires_review: Allen hemisphere labels oppose body convention
female,Allen_posterior_cortical_nucleus_R,posterior cortical nucleus (right),nervous,53,102,"[[0.007179708685725927, 1.5626628398895264, -0.05498095229268074], [0.013960200361907482, 1.5676209926605225, -0.04952819645404816]]",3229a809ead3e7aed6f9d027c67484759b9fa2d3feaf8121eabf351dea6dbda2,pass,side_vs_body_midline: review regional laterality; cardiac/hepatic labels can legitimately cross midline; source_brain_laterality_requires_review: Allen hemisphere labels oppose body convention
female,Allen_medial_nucleus_R,medial nucleus (right),nervous,45,86,"[[0.011484931223094463, 1.565497875213623, -0.05581281706690788], [0.016324898228049278, 1.5699039697647095, -0.04963267594575882]]",9deac7e72cb95353166ddcd5a8fb9438dbeb4b677d0321ab3dae6091cc850545,pass,side_vs_body_midline: review regional laterality; cardiac/hepatic labels can legitimately cross midline; source_brain_laterality_requires_review: Allen hemisphere labels oppose body convention
female,Allen_amygdalohippocampal_area_R,amygdalohippocampal area (right),nervous,55,106,"[[0.005927737802267075, 1.5607013702392578, -0.053730882704257965], [0.013403411023318768, 1.5651177167892456, -0.048453863710165024]]",0ba60c5f206c37326951cc5e59e6bd67cb9ec8c9f9987b75beb6a32cd103c133,pass,side_vs_body_midline: review regional laterality; cardiac/hepatic labels can legitimately cross midline; source_brain_laterality_requires_review: Allen hemisphere labels oppose body convention
female,Allen_bed_nucleus_of_stria_terminalis_R,bed nucleus of stria terminalis (right),nervous,279,558,"[[-0.0028013503178954124, 1.574520230293274, -0.05847502127289772], [0.007542745675891638, 1.5962252616882324, -0.03990205377340317]]",b15bb13ff6916eb3b21133ed295cca32404aa686a48b9279a8e33baa50f49cc7,pass,source_brain_laterality_requires_review: Allen hemisphere labels oppose body convention
female,Allen_thalamus_R,thalamus (right),nervous,2366,4812,"[[-0.00577583396807313, 1.5670632123947144, -0.08323660492897034], [0.018070083111524582, 1.5964975357055664, -0.049923479557037354]]",a04a61dfcc86a519a0e60983686716cfc335b03bfd38204763dd4e18496ebf54,pass,source_brain_laterality_requires_review: Allen hemisphere labels oppose body convention
female,Allen_anterior_nuclear_complex_of_thalamus_R,anterior nuclear complex of thalamus (right),sensory,124,244,"[[-0.003607650985941291, 1.5856711864471436, -0.06452438235282898], [0.0022352561354637146, 1.5943866968154907, -0.053526509553194046]]",049fd78257efaf8efa0831f5d2ceed00a02ee8d064cd5cb9b4e1a8caad16b503,pass,source_brain_laterality_requires_review: Allen hemisphere labels oppose body convention
female,Allen_lateral_dorsal_nucleus_of_thalamus_R,lateral dorsal nucleus of thalamus (right),nervous,113,222,"[[-0.0017460390226915479, 1.5845168828964233, -0.07840026915073395], [0.005827911198139191, 1.5936956405639648, -0.0637122392654419]]",6c89fd5c7c5855e40e6a2a772e52f9d8ffe7e05afc1dbcaa9a89f899f8e8bf11,pass,source_brain_laterality_requires_review: Allen hemisphere labels oppose body convention
female,Allen_mediodorsal_nucleus_of_thalamus_R,mediodorsal nucleus of thalamus (right),nervous,377,750,"[[-0.004055218771100044, 1.57649827003479, -0.07662679255008698], [0.0048059578984975815, 1.5902644395828247, -0.05789037048816681]]",befa9c3f226abb7069ea3e0683ed0c828287bd7a8b20fff793d4796c1a32af8c,pass,source_brain_laterality_requires_review: Allen hemisphere labels oppose body convention
female,Allen_reuniens_nucleus_medioventral_nucleus_of_thalamus_R,reuniens nucleus medioventral nucleus of thalamus (right),nervous,82,160,"[[-0.00576025852933526, 1.5760844945907593, -0.06208010017871857], [-0.0017135435482487082, 1.58220636844635, -0.052791085094213486]]",14c259b0528946ed7ed332ca67dbc0f0ee002ee9d013e94cdda2fca15f268870,pass,source_brain_laterality_requires_review: Allen hemisphere labels oppose body convention
female,Allen_lateral_posterior_nucleus_of_thalamus_R,lateral posterior nucleus of thalamus (right),nervous,192,380,"[[0.005195715464651585, 1.5807206630706787, -0.07995852082967758], [0.015339133329689503, 1.5894092321395874, -0.06768952310085297]]",119b9f7eda16537f369f907e3aaa6fad331eac94cdf7926b679b02aca8ce6e02,pass,side_vs_body_midline: review regional laterality; cardiac/hepatic labels can legitimately cross midline; source_brain_laterality_requires_review: Allen hemisphere labels oppose body convention
female,Allen_pulvinar_of_thalamus_R,pulvinar of thalamus (right),nervous,449,894,"[[-0.0002697032759897411, 1.5677964687347412, -0.08233734220266342], [0.016648896038532257, 1.5855103731155396, -0.0711233988404274]]",570d754f2abfe5d17ae6da0e672d76d260d5b32dcfacb19a6278a6f9e48d7605,pass,source_brain_laterality_requires_review: Allen hemisphere labels oppose body convention
female,Allen_ventral_anterior_nucleus_of_thalamus_R,ventral anterior nucleus of thalamus (right),nervous,406,812,"[[-0.0030895706731826067, 1.5778076648712158, -0.07082799077033997], [0.010444728657603264, 1.5949673652648926, -0.0520046167075634]]",ce7b9871fc37a5697e569a19015d6f88e4b89de606f92de0ee49b69f81e3ef6c,pass,source_brain_laterality_requires_review: Allen hemisphere labels oppose body convention
female,Allen_ventral_lateral_nucleus_of_thalamus_R,ventral lateral nucleus of thalamus (right),nervous,441,878,"[[0.0012288790894672275, 1.5761743783950806, -0.0764673575758934], [0.01254229061305523, 1.5935359001159668, -0.05904487892985344]]",ffb8e9dfa3e908cb81ae6063ccc3572b162e8ce6c251da448b047b91abafb1e3,pass,source_brain_laterality_requires_review: Allen hemisphere labels oppose body convention
female,Allen_ventral_posterior_lateral_nucleus_R,ventral posterior lateral nucleus (right),nervous,223,442,"[[0.004256031941622496, 1.572463035583496, -0.07696209847927094], [0.015872986987233162, 1.5852813720703125, -0.06369607895612717]]",e838b083d4282c4c093e691fae857d508e05f7ee9669f13a9a8865b4799e12c3,pass,source_brain_laterality_requires_review: Allen hemisphere labels oppose body convention
female,Allen_ventral_posterior_medial_nucleus_R,ventral posterior medial nucleus (right),nervous,95,186,"[[0.001534740556962788, 1.5732381343841553, -0.07159045338630676], [0.008120251819491386, 1.5814793109893799, -0.06320571899414062]]",daf8aea3654e2d77e334abd94df8cda3dc6f905e664936a6af62b22176293b5d,pass,source_brain_laterality_requires_review: Allen hemisphere labels oppose body convention
female,Allen_dorsal_lateral_geniculate_nucleus_R,dorsal lateral geniculate nucleus (right),nervous,87,170,"[[0.011704578064382076, 1.565504550933838, -0.07404453307390213], [0.018200181424617767, 1.5720115900039673, -0.06588742882013321]]",a8fdf6fb4fec0ca70a71ac3166eaa363976bcbc0f2ef78219305e327dcc7d91b,pass,side_vs_body_midline: review regional laterality; cardiac/hepatic labels can legitimately cross midline; source_brain_laterality_requires_review: Allen hemisphere labels oppose body convention
female,Allen_medial_geniculate_nuclei_R,medial geniculate nuclei (right),nervous,62,120,"[[0.00530049717053771, 1.5660512447357178, -0.07472038269042969], [0.011972904205322266, 1.5719616413116455, -0.06921335309743881]]",f396119e17af6135143e7365f93a4f3c3af2a51354c0d3dd73ff69377cae3a1d,pass,side_vs_body_midline: review regional laterality; cardiac/hepatic labels can legitimately cross midline; source_brain_laterality_requires_review: Allen hemisphere labels oppose body convention
female,Allen_centromedian_nucleus_of_thalamus_R,centromedian nucleus of thalamus (right),nervous,124,244,"[[-0.00038833735743537545, 1.5747761726379395, -0.07311537861824036], [0.006174206733703613, 1.5815030336380005, -0.06130056083202362]]",a5bafedae680b67ff22aa52e06c9e84b71b9d2b279f926b0c5e35cb5e27036a7,pass,source_brain_laterality_requires_review: Allen hemisphere labels oppose body convention
female,Allen_parafascicular_nucleus_of_thalamus_R,parafascicular nucleus of thalamus (right),nervous,57,110,"[[-0.002703550737351179, 1.5739483833312988, -0.0711640939116478], [0.002480995375663042, 1.5790190696716309, -0.06093815341591835]]",977ccb6bc6b2fbcb315b022b5c1ead68426c94172918590fb65e1d899cba1276,pass,source_brain_laterality_requires_review: Allen hemisphere labels oppose body convention
female,Allen_habenular_nuclei_R,habenular nuclei (right),nervous,57,110,"[[-0.0051404270343482494, 1.5739890336990356, -0.07347340136766434], [-0.0005202799802646041, 1.5821330547332764, -0.0685841292142868]]",6310fe6271db0526b081585d255f6105cf97e19539260a3103ae12451fad324a,pass,source_brain_laterality_requires_review: Allen hemisphere labels oppose body convention
female,Allen_pineal_body_R,pineal body,nervous,51,98,"[[-0.007099564652889967, 1.5718045234680176, -0.08068323880434036], [-0.0036255738232284784, 1.5760835409164429, -0.07315929979085922]]",f982c96cfc0d74eb7a9bd4e2cf2f634412593cc5842410308de9716f44f1ac9d,pass,source_brain_laterality_requires_review: Allen hemisphere labels oppose body convention
female,Allen_zona_incerta_R,zona incerta (right),nervous,158,312,"[[-6.995737203396857e-05, 1.5692393779754639, -0.06959454715251923], [0.01389897521585226, 1.581371545791626, -0.05383789911866188]]",1e7e1f917d88ab01100121e7b7b62d67aca988017dd44976f84ac598c34f917c,pass,source_brain_laterality_requires_review: Allen hemisphere labels oppose body convention
female,Allen_supraoptic_region_of_HTH_R,supraoptic region of HTH (right),sensory,165,326,"[[-0.004489158745855093, 1.5660109519958496, -0.050642699003219604], [0.005235549062490463, 1.5793097019195557, -0.04355625435709953]]",d8bf1b70e1386e8b26f9aef0caa25c52c5db919241490e591c4a73bcea6a3b3c,pass,source_brain_laterality_requires_review: Allen hemisphere labels oppose body convention
female,Allen_white_matter_of_forebrain_R,white matter of forebrain (right),nervous,11566,23274,"[[-0.007465722505003214, 1.5230156183242798, -0.14501561224460602], [0.05824504420161247, 1.646414041519165, 0.01438185665756464]]",e3fb6141568d343d348dfd09b7026b8f28a28f582fd758f2691aa9aec6d69f7c,pass,source_brain_laterality_requires_review: Allen hemisphere labels oppose body convention
female,Allen_anterior_commissure_R,anterior commissure,nervous,139,274,"[[-0.005627280566841364, 1.567662000656128, -0.053425926715135574], [0.023699864745140076, 1.580479621887207, -0.0421106219291687]]",6c8b40a27a7646c23a5c8c00ce2f2b7b833d3093a1c36d953f58d3b600d58e48,pass,source_brain_laterality_requires_review: Allen hemisphere labels oppose body convention
female,Allen_corpus_callosum_R,corpus callosum,nervous,987,1970,"[[-0.006921757943928242, 1.5746264457702637, -0.09574798494577408], [0.01124319527298212, 1.6103976964950562, -0.01819097064435482]]",2c636bf5ed8b987934ed36679756dd87ad69b3746d00dea605eacba7ec256fdc,pass,source_brain_laterality_requires_review: Allen hemisphere labels oppose body convention
female,Allen_fornix_R,fornix of brain,nervous,325,642,"[[-0.005591046530753374, 1.568792700767517, -0.08425626903772354], [0.009155909530818462, 1.5961850881576538, -0.046149756759405136]]",2fbde793548a6bd211f4c5cc40559747939bd38a987cd2a96efaf3719edd2b1b,pass,source_brain_laterality_requires_review: Allen hemisphere labels oppose body convention
female,Allen_mammillothalamic_tract_R,mammillothalamic tract (right),nervous,64,124,"[[-0.00409220764413476, 1.570090889930725, -0.058348409831523895], [0.0015451633371412754, 1.5893436670303345, -0.05463370680809021]]",30bf2224bb57975a4470d7a40d98040ca6605a3bfca69f05ff25c3a5bf116f69,pass,source_brain_laterality_requires_review: Allen hemisphere labels oppose body convention
female,Allen_optic_tract_R,optic tract,nervous,140,276,"[[-0.0026436576154083014, 1.564333438873291, -0.06470806896686554], [0.018169814720749855, 1.5707687139511108, -0.03966038301587105]]",f36df94eff2a2545ef783824a9b4b32fda0585e0845e86cc418b9cc678529029,pass,source_brain_laterality_requires_review: Allen hemisphere labels oppose body convention
female,Allen_anterior_horn_of_lateral_ventricle_R,anterior horn of lateral ventricle (right),nervous,925,1846,"[[-0.004358601290732622, 1.5819863080978394, -0.06714814901351929], [0.013926495797932148, 1.6068474054336548, -0.022165784612298012]]",390017feae314dfb1b41305df22f09d0f6f355e554292c2c0e2ec511d0ba0b49,pass,source_brain_laterality_requires_review: Allen hemisphere labels oppose body convention
female,Allen_body_of_lateral_ventricle_R,body of lateral ventricle (right),nervous,757,1510,"[[-0.004193645901978016, 1.5768526792526245, -0.09692520648241043], [0.019224142655730247, 1.6052767038345337, -0.06596513837575912]]",5877a6e07f36dbf244d322917e652305bde9e401bdc27007aef14d8513c63d2e,pass,source_brain_laterality_requires_review: Allen hemisphere labels oppose body convention
female,Allen_posterior_horn_of_lateral_ventricle_R,posterior horn of lateral ventricle (right),nervous,211,418,"[[0.00942222960293293, 1.5621494054794312, -0.12356271594762802], [0.023144086822867393, 1.5735949277877808, -0.10180089622735977]]",4a8dc8b555b960ca6708cd33c75b7551d25268199d8f8b56ebb5f520548db9c3,pass,side_vs_body_midline: review regional laterality; cardiac/hepatic labels can legitimately cross midline; source_brain_laterality_requires_review: Allen hemisphere labels oppose body convention
female,Allen_inferior_horn_of_lateral_ventricle_R,inferior horn of lateral ventricle (right),nervous,639,1274,"[[0.011115757748484612, 1.5520799160003662, -0.08445572853088379], [0.03128284215927124, 1.573613166809082, -0.044588811695575714]]",fd98516b34114b982da798126a0848a620b15e805e1b5cf8bf5eee089cba1a2f,pass,side_vs_body_midline: review regional laterality; cardiac/hepatic labels can legitimately cross midline; source_brain_laterality_requires_review: Allen hemisphere labels oppose body convention
female,Allen_third_ventricle_R,third ventricle (right),nervous,467,930,"[[-0.0068170116282999516, 1.565151572227478, -0.0754200890660286], [-0.001966187497600913, 1.5849194526672363, -0.03944665938615799]]",2b055c17c2854a5476bd16d3d394df509c142544a5f57c399c3f6ab5c450734e,pass,source_brain_laterality_requires_review: Allen hemisphere labels oppose body convention
female,Allen_cerebellar_vermis_R,cerebellar vermis (right),nervous,1321,2642,"[[-0.00847762729972601, 1.5188841819763184, -0.11659985035657883], [-0.0015893219970166683, 1.5693999528884888, -0.07961094379425049]]",59d5deb5c2ca7e303b3e7b9931c12e06e55ac684b15a1e8bf800f93139a93947,pass,source_brain_laterality_requires_review: Allen hemisphere labels oppose body convention
female,Allen_cerebellar_deep_nuclei_R,cerebellar deep nuclei (right),nervous,329,654,"[[-0.003965223208069801, 1.530327320098877, -0.09705850481987], [0.009958388283848763, 1.5455516576766968, -0.08243502676486969]]",036b174149b315cec3c18b72847c1b1c444bc2874ad49bde681a44c63493744b,pass,source_brain_laterality_requires_review: Allen hemisphere labels oppose body convention
female,Allen_white_matter_of_hindbrain_R,white matter of hindbrain (right),nervous,5775,11591,"[[-0.00809707585722208, 1.5121253728866577, -0.12076017260551453], [0.03891996666789055, 1.5536754131317139, -0.0677289292216301]]",aeb915604f45920b6ae724470d3aff1e463f172fbcad4fa6ac35631e3b44099e,pass,source_brain_laterality_requires_review: Allen hemisphere labels oppose body convention
female,Allen_olfactory_tract_R,olfactory tract (right),nervous,73,142,"[[0.0003586265374906361, 1.562473177909851, -0.03538729250431061], [0.006575752515345812, 1.5653973817825317, -0.005844566505402327]]",adb65a9a93eee5001029d79eaecea00d0ac34081c25783ff1f6a490411251ebd,pass,source_brain_laterality_requires_review: Allen hemisphere labels oppose body convention
female,Allen_precentral_gyrus_R,precentral gyrus,nervous,3318,6632,"[[0.0006839039851911366, 1.579576849937439, -0.10326482355594635], [0.057752177119255066, 1.6490799188613892, -0.04127233847975731]]",4aab43bd02d9632dab336095d751b3cb9620d7d31d6acccb8576e39d05c00aa7,pass,source_brain_laterality_requires_review: Allen hemisphere labels oppose body convention
female,Allen_superior_frontal_gyrus_R,superior frontal gyrus,nervous,3505,7006,"[[-0.0037512111011892557, 1.596450924873352, -0.0862206518650055], [0.030162518844008446, 1.6514160633087158, 0.013204493559896946]]",75e62fec25e93dd23a53d7dc800419fdbc1686a07ce2321eab266b789127f046,pass,source_brain_laterality_requires_review: Allen hemisphere labels oppose body convention
female,Allen_middle_frontal_gyrus_R,middle frontal gyrus,nervous,3631,7258,"[[0.015356660820543766, 1.5906771421432495, -0.07300315052270889], [0.04946771636605263, 1.6433371305465698, 0.008352508768439293]]",a967f674252a97ca0e6464413a080684bfea6c723539a29cb316b818e26115f8,pass,source_brain_laterality_requires_review: Allen hemisphere labels oppose body convention
female,Allen_inferior_frontal_gyrus_triangular_part_R,triangular part of inferior frontal gyrus,nervous,2482,4960,"[[0.0232541523873806, 1.5803688764572144, -0.03828053921461105], [0.05347829312086105, 1.6108475923538208, -0.006993374787271023]]",dbaaa8d5c7191c6f303cee8c78d2a3c67fc8918473443e5459592c5010af5038,pass,source_brain_laterality_requires_review: Allen hemisphere labels oppose body convention
female,Allen_inferior_frontal_gyrus_opercular_part_R,opercular part of inferior frontal gyrus,nervous,1460,2916,"[[0.02338424138724804, 1.579850435256958, -0.05226431414484978], [0.054165348410606384, 1.6131432056427002, -0.031950052827596664]]",cf6d5c271886d7ef0856c235ab78fb11fad5d9d3fc3e064159df95d026aab21c,pass,source_brain_laterality_requires_review: Allen hemisphere labels oppose body convention
female,Allen_gyrus_rectus_straight_gyrus_R,gyrus rectus,nervous,883,1762,"[[-0.004317017272114754, 1.5628812313079834, -0.04081103578209877], [0.009016276337206364, 1.5842349529266357, 0.009313697926700115]]",56057d3bdf36cff142677e1f52459136bac93b942f422f2d8fdcf195be2ff5a7,pass,source_brain_laterality_requires_review: Allen hemisphere labels oppose body convention
female,Allen_medial_orbital_gyrus_R,medial orbital gyrus,nervous,1120,2236,"[[0.0023869045544415712, 1.5600966215133667, -0.037849925458431244], [0.021036813035607338, 1.5835068225860596, 0.010363192297518253]]",a4be99b902545153f426ddbcf237a7b6afe037fa2e6d4ca33f73786cb5f5d8ad,pass,source_brain_laterality_requires_review: Allen hemisphere labels oppose body convention
female,Allen_anterior_intermediate_orbital_gyrus_R,intermediate orbital gyrus,nervous,583,1162,"[[0.011563584208488464, 1.5706466436386108, -0.016920046880841255], [0.03440496325492859, 1.588354229927063, 0.007216436788439751]]",a7f6c601167920c14c26ab29df46ce94839d6630039f90421631c5712586182a,pass,source_brain_laterality_requires_review: Allen hemisphere labels oppose body convention
female,Allen_posterior_intermediate_orbital_gyrus_R,intermediate orbital gyrus,nervous,970,1936,"[[0.012724672444164753, 1.5601086616516113, -0.03860662877559662], [0.03829432651400566, 1.5846062898635864, -0.011541904881596565]]",541c020474d960c490b3089cfd2cceacf912125517de633e75420e51948a2594,pass,source_brain_laterality_requires_review: Allen hemisphere labels oppose body convention
female,Allen_lateral_orbital_gyrus_R,lateral orbital gyrus,nervous,1467,2930,"[[0.021216310560703278, 1.571515679359436, -0.030307387933135033], [0.048583369702100754, 1.5949885845184326, 0.005019726697355509]]",fd861b37b183c4a78f2efdf8bc02c270705c1a0e254f7e1f879553bd75df1e04,pass,source_brain_laterality_requires_review: Allen hemisphere labels oppose body convention
female,Allen_paracentral_lobule_rostral_part_R,anterior segment of paracentral lobule,nervous,1353,2702,"[[-0.005004380363970995, 1.6092236042022705, -0.1036188080906868], [0.011788020841777325, 1.6485196352005005, -0.07675012946128845]]",7f9d967f47cfe2ffcf22602e8b04a9b34382a0bc80e4fa808374b9a6652e41c8,pass,source_brain_laterality_requires_review: Allen hemisphere labels oppose body convention
female,Allen_frontal_operculum_R,frontal operculum,nervous,656,1308,"[[0.02577449195086956, 1.5795471668243408, -0.07204790413379669], [0.04320848733186722, 1.598349928855896, -0.040654681622982025]]",428992072e4b22dc02e998f05665c85cd99cd4ab64ca1aea5a1fdc21d0c568a9,pass,source_brain_laterality_requires_review: Allen hemisphere labels oppose body convention
female,Allen_postcentral_gyrus_R,postcentral gyrus,nervous,3321,6638,"[[0.0002700829354580492, 1.5847218036651611, -0.11596482992172241], [0.060512397438287735, 1.6462379693984985, -0.05329149588942528]]",baf2c08ec9613a7aac03bcad592093f98357eb502e556176f21347d78cb41dad,pass,source_brain_laterality_requires_review: Allen hemisphere labels oppose body convention
female,Allen_supraparietal_lobule_R,supraparietal lobule (right),nervous,3550,7100,"[[-0.0012035786639899015, 1.5884840488433838, -0.14056450128555298], [0.03738098219037056, 1.641984224319458, -0.09483236819505692]]",ca2e298411e150e3aac228122f46b089e6e689107a985b7cd348cc1e1cf43019,pass,source_brain_laterality_requires_review: Allen hemisphere labels oppose body convention
female,Allen_supramarginal_gyrus_R,supramarginal gyrus (right),nervous,2349,4694,"[[0.025124110281467438, 1.5826811790466309, -0.1133926585316658], [0.06048551946878433, 1.6234620809555054, -0.07409464567899704]]",16a0306ae6f85b69a4697822acda9c94004980df9511f12e3598c8ba874ec362,pass,side_vs_body_midline: review regional laterality; cardiac/hepatic labels can legitimately cross midline; source_brain_laterality_requires_review: Allen hemisphere labels oppose body convention
female,Allen_angular_gyrus_R,angular gyrus (right),nervous,2936,5868,"[[0.018061337992548943, 1.5706733465194702, -0.1375737339258194], [0.05546870082616806, 1.6181596517562866, -0.09981415420770645]]",7ac29f7b7ac81a61e34fa31aa690959e65e0bcfdaadec683d7aa802e0d40e5de,pass,side_vs_body_midline: review regional laterality; cardiac/hepatic labels can legitimately cross midline; source_brain_laterality_requires_review: Allen hemisphere labels oppose body convention
female,Allen_precuneus_R,precuneus cortex,nervous,2899,5794,"[[-0.0073856329545378685, 1.5681281089782715, -0.13924247026443481], [0.01931195892393589, 1.6393694877624512, -0.09697867929935455]]",38ecb59fd9934f2276ed65535431a378f1dd4312c7df02f3b09c3e41e0b78aae,pass,source_brain_laterality_requires_review: Allen hemisphere labels oppose body convention
female,Allen_paracentral_lobule_caudal_part_R,paracentral lobule caudal part (right),nervous,948,1892,"[[-0.0051937703974545, 1.6091870069503784, -0.11319633573293686], [0.012174472212791443, 1.6434106826782227, -0.09084728360176086]]",d4c3f1b0dbb238659bc7fe0fc2b94c158a2822008c6a086be00580e1d2b56c60,pass,source_brain_laterality_requires_review: Allen hemisphere labels oppose body convention
female,Allen_superior_temporal_gyrus_R,superior temporal gyrus,nervous,1583,3162,"[[0.03088979236781597, 1.5506595373153687, -0.10461517423391342], [0.061627257615327835, 1.5895031690597534, -0.02725614421069622]]",fbbcfe235474cf02c0c564e719b50de9d33863db547b6e24d14bd14f4527f200,pass,source_brain_laterality_requires_review: Allen hemisphere labels oppose body convention
female,Allen_middle_temporal_gyrus_R,middle temporal gyrus,nervous,2183,4362,"[[0.023242315277457237, 1.5406612157821655, -0.11753765493631363], [0.0616968534886837, 1.5825668573379517, -0.020422963425517082]]",be845509be6d6076a3bffdd361316f7d93ae1fb452f8753ffd876ddb7881d350,pass,source_brain_laterality_requires_review: Allen hemisphere labels oppose body convention
female,Allen_inferior_temporal_gyrus_R,inferior temporal gyrus,nervous,1758,3512,"[[0.02766028419137001, 1.5339823961257935, -0.11507829278707504], [0.05812564864754677, 1.5622856616973877, -0.032169830054044724]]",0769c147e52793fcf66812aea6b8381efcebfffeb66c739a355030e78cf3712d,pass,source_brain_laterality_requires_review: Allen hemisphere labels oppose body convention
female,Allen_occipitotemporal_fusiform_gyrus_temporal_part_R,occipitotemporal fusiform gyrus temporal part (right),nervous,2104,4204,"[[0.012639562599360943, 1.5423357486724854, -0.10883063077926636], [0.04169995337724686, 1.5646157264709473, -0.0674237608909607]]",8f4b60dec90c148194682c0651f38f12fc27f2c3a39044c574fa3e8959f658c8,pass,side_vs_body_midline: review regional laterality; cardiac/hepatic labels can legitimately cross midline; source_brain_laterality_requires_review: Allen hemisphere labels oppose body convention
female,Allen_transverse_temporal_gyrus_Heschls_gyrus_R,transverse temporal gyrus Heschls gyrus (right),nervous,715,1426,"[[0.022768301889300346, 1.5742580890655518, -0.08602789789438248], [0.05319490283727646, 1.591302514076233, -0.05787188932299614]]",b884d28ae3262bd85f55096c3279a353b3d54d32035578f1197c8efd28c5f726,pass,side_vs_body_midline: review regional laterality; cardiac/hepatic labels can legitimately cross midline; source_brain_laterality_requires_review: Allen hemisphere labels oppose body convention
female,Allen_planum_temporale_R,planum temporale,nervous,806,1608,"[[0.02975798025727272, 1.5768063068389893, -0.09345367550849915], [0.05498195439577103, 1.5941903591156006, -0.061411403119564056]]",7f6901d5c45b2e5d73137ca62f3850e52e5445099c9d28f20ba126026920dd6e,pass,source_brain_laterality_requires_review: Allen hemisphere labels oppose body convention
female,Allen_temporal_pole_R,temporal pole,nervous,1214,2424,"[[0.014526461251080036, 1.5434002876281738, -0.03846616670489311], [0.04775064438581467, 1.5777069330215454, -0.016225697472691536]]",b0fddbdd26833fdb8a3e528ed6b175c3e7ff7141b472602e472750199b001009,pass,source_brain_laterality_requires_review: Allen hemisphere labels oppose body convention
female,Allen_planum_polare_R,planum polare,nervous,979,1954,"[[0.02679380588233471, 1.5604023933410645, -0.07635245472192764], [0.05130300298333168, 1.5847729444503784, -0.03160876780748367]]",44a243bf8015dfef6179ddf25c15c83c951b1373e43696b06d459b4b8aa49a8f,pass,source_brain_laterality_requires_review: Allen hemisphere labels oppose body convention
female,Allen_occipital_pole_R,occipital pole,nervous,742,1484,"[[-0.005055613815784454, 1.5367960929870605, -0.14809247851371765], [0.018376048654317856, 1.571414589881897, -0.12877467274665833]]",ef9885fc63fc3479d7a861b55d1fa9eaf9116fc6203bc81fae2f9343cc20ce73,pass,source_brain_laterality_requires_review: Allen hemisphere labels oppose body convention
female,Allen_cuneus_R,cuneus cortex,nervous,2600,5204,"[[-0.008634287863969803, 1.5520974397659302, -0.1448548138141632], [0.017790133133530617, 1.5977628231048584, -0.10700702667236328]]",ced631b07012270f63bfadf8b784927e85bc9a40241861ccf2d2e29a045389a5,pass,source_brain_laterality_requires_review: Allen hemisphere labels oppose body convention
female,Allen_lingual_gyrus_medial_occipitotemporal_gyrus_R,lingual gyrus,nervous,2700,5396,"[[-0.008578925393521786, 1.538535237312317, -0.13956375420093536], [0.025562793016433716, 1.5742599964141846, -0.07639914005994797]]",b065d92442434cdcbe5da7afbc060282f941d9c4226e0e9136a198d5e8199493,pass,source_brain_laterality_requires_review: Allen hemisphere labels oppose body convention
female,Allen_lateral_occipitotemporal_fusiform_gyrus_occipital_part_R,occipital fusiform gyrus,nervous,942,1880,"[[0.012236418202519417, 1.5401610136032104, -0.12039341032505035], [0.04197492077946663, 1.5595859289169312, -0.10489070415496826]]",4f88b012c2e69d210a5c0d74b78dcf8812205db2320af3b5e4c2fe17c46039e6,pass,source_brain_laterality_requires_review: Allen hemisphere labels oppose body convention
female,Allen_inferior_occipital_gyrus_R,inferior occipital gyrus,nervous,2275,4550,"[[0.005108019802719355, 1.5364463329315186, -0.1431628316640854], [0.04548437148332596, 1.577510952949524, -0.10421493649482727]]",17463cf60c522f4be45a629e196ba46496e6e8d77af82cacc7f79cbcde8189a1,pass,source_brain_laterality_requires_review: Allen hemisphere labels oppose body convention
female,Allen_superior_occipital_gyrus_R,superior occipital gyrus,nervous,2731,5464,"[[-0.0031887090299278498, 1.55134916305542, -0.14692725241184235], [0.03874329850077629, 1.6016677618026733, -0.11596933007240295]]",bc2255fbf0d513ec7acaa53af0848df2080a3ae2d478d590df09cf884c9db004,pass,source_brain_laterality_requires_review: Allen hemisphere labels oppose body convention
female,Allen_cingulate_gyrus_rostral_anterior_part_R,anterior cingulate gyrus,nervous,1372,2740,"[[-0.003964680712670088, 1.5746105909347534, -0.06414075195789337], [0.011228184215724468, 1.623874306678772, -0.0070493267849087715]]",8a72d890cfe2dc215b85d3d24de890ba55ed92ce9b52685b0d482a2777b2308c,pass,source_brain_laterality_requires_review: Allen hemisphere labels oppose body convention
female,Allen_cingulate_gyrus_caudal_posterior_part_R,posterior cingulate gyrus,nervous,1853,3702,"[[-0.006197730079293251, 1.5656050443649292, -0.10643608868122101], [0.017313474789261818, 1.621759057044983, -0.060011524707078934]]",698b615e6853aabab58588c372de6998afc6a5752b851f28bdca3ca067da04cb,pass,source_brain_laterality_requires_review: Allen hemisphere labels oppose body convention
female,Allen_ingulo_parahippocampal_isthmus_R,isthmus of cingulate gyrus,nervous,125,246,"[[-0.0009659945499151945, 1.5643208026885986, -0.09056796878576279], [0.01216439250856638, 1.5756471157073975, -0.07870745658874512]]",b72884154480e428df79e1ddc7461e953cb2e37a4ae98a34c5b3381af0f18b71,pass,source_brain_laterality_requires_review: Allen hemisphere labels oppose body convention
female,Allen_subcallosal_gyrus_parolfactory_gyrus_R,subcallosal area,nervous,205,406,"[[-0.00460640387609601, 1.5681757926940918, -0.04126237332820892], [0.0023365626111626625, 1.5865648984909058, -0.023872235789895058]]",3534dffe214a419650f31c74b877701b17a6adc67c25de74088e14cf00243ab5,pass,source_brain_laterality_requires_review: Allen hemisphere labels oppose body convention
female,Allen_anterior_parahippocampal_gyrus_R,anterior parahippocampal gyrus,nervous,672,1340,"[[0.008674797601997852, 1.5439844131469727, -0.0647229552268982], [0.02708570472896099, 1.5634384155273438, -0.03433234617114067]]",173e3fe09d5b9d4b1535656811babdccb7d582f9125f6672afcc41556daf9dd1,pass,source_brain_laterality_requires_review: Allen hemisphere labels oppose body convention
female,Allen_posterior_parahippocampal_gyrus_R,posterior parahippocampal gyrus,nervous,553,1102,"[[0.006201093550771475, 1.5472394227981567, -0.08670678734779358], [0.02631532773375511, 1.565238356590271, -0.061938319355249405]]",f4f5ac3a58c36b2dc7d7918cc0a032f7ce14cbebafcabfe364a677029a051dc4,pass,source_brain_laterality_requires_review: Allen hemisphere labels oppose body convention
female,Allen_gyrus_ambiens_R,gyrus ambiens (right),nervous,92,180,"[[0.004049745388329029, 1.5554609298706055, -0.054510682821273804], [0.011014475487172604, 1.563608169555664, -0.04111412912607193]]",090d9899b17cd898fe16d3780046e58f36e3d7f9750c35c8fbf58067de0bb683,pass,source_brain_laterality_requires_review: Allen hemisphere labels oppose body convention
female,Allen_head_of_hippocampus_R,head of hippocampus (right),nervous,260,516,"[[0.0050114830955863, 1.5519546270370483, -0.06413743644952774], [0.028539106249809265, 1.565972089767456, -0.048153553158044815]]",8a76a15f932593fbe9e5f9e4549306d0ee9fd8f90e22149f2467309e8f0e012c,pass,side_vs_body_midline: review regional laterality; cardiac/hepatic labels can legitimately cross midline; source_brain_laterality_requires_review: Allen hemisphere labels oppose body convention
female,Allen_body_of_hippocampus_R,body of hippocampus (right),nervous,217,430,"[[0.009007442742586136, 1.555677056312561, -0.07583104074001312], [0.02853461168706417, 1.5667781829833984, -0.06149005889892578]]",f62cfac6e344fcd1b456b7829362e0bcfb062ab8d94c226d578b2ba28ed2b94d,pass,side_vs_body_midline: review regional laterality; cardiac/hepatic labels can legitimately cross midline; source_brain_laterality_requires_review: Allen hemisphere labels oppose body convention
female,Allen_tail_of_hippocampus_R,tail of hippocampus (right),nervous,263,522,"[[0.0034528844989836216, 1.5606558322906494, -0.08941537886857986], [0.02722262591123581, 1.577101707458496, -0.07412078976631165]]",3080e0029d8ac37b08f0c4f474467cb1cd2ed6fcb2546c8972e014b4e3daa863,pass,source_brain_laterality_requires_review: Allen hemisphere labels oppose body convention
female,Allen_long_insular_gyri_R,long insular gyri (right),nervous,606,1208,"[[0.021618271246552467, 1.5652694702148438, -0.08072404563426971], [0.03739583492279053, 1.5956103801727295, -0.041249506175518036]]",9a9b23b64ff0b440fabe7eaaef243931b5ddffc8c17ac3453cfd3949f428d115,pass,side_vs_body_midline: review regional laterality; cardiac/hepatic labels can legitimately cross midline; source_brain_laterality_requires_review: Allen hemisphere labels oppose body convention
female,Allen_short_insular_gyri_R,short insular gyri (right),nervous,742,1480,"[[0.018250757828354836, 1.5648250579833984, -0.06562015414237976], [0.03869730979204178, 1.5979710817337036, -0.023513836786150932]]",9c93d2e182748896487b8db8f5bfd8b003659da22dadee1eb8cb1f4600b2ac9c,pass,side_vs_body_midline: review regional laterality; cardiac/hepatic labels can legitimately cross midline; source_brain_laterality_requires_review: Allen hemisphere labels oppose body convention
female,Allen_limen_insula_R,limen insula (right),nervous,34,64,"[[0.02437729574739933, 1.5641658306121826, -0.04257426783442497], [0.03253226727247238, 1.5699007511138916, -0.03796599805355072]]",59ec1a05574af69823ee49928ac9b84ced2ed6bd1f75d0e31b26e9cf879b1b54,pass,side_vs_body_midline: review regional laterality; cardiac/hepatic labels can legitimately cross midline; source_brain_laterality_requires_review: Allen hemisphere labels oppose body convention
female,Allen_pretectal_region_R,pretectal region (right),nervous,30,56,"[[-0.004680866375565529, 1.5652035474777222, -0.07709451019763947], [0.006706142798066139, 1.5747315883636475, -0.06968864053487778]]",d8094c2eaf0749fbe6771baef7adaffc72f43b4d60f886f6451a0f845152c04f,pass,source_brain_laterality_requires_review: Allen hemisphere labels oppose body convention
female,Allen_red_nucleus_R,red nucleus,nervous,52,100,"[[-0.004437238909304142, 1.5624520778656006, -0.0684848502278328], [0.0032523898407816887, 1.572227954864502, -0.05926095321774483]]",3874c758ef42cd34e201b33976f7fab3d2d6296ab03a855942e8d45838e32ef4,pass,source_brain_laterality_requires_review: Allen hemisphere labels oppose body convention
female,Allen_substantia_nigra_R,substantia nigra,nervous,61,118,"[[-0.0013498106272891164, 1.5588089227676392, -0.06784658133983612], [0.007980472408235073, 1.5698727369308472, -0.055085305124521255]]",9a873f2a85fbe296d558fb23eac671e5baf349224ad41a660130db05c135a471,pass,source_brain_laterality_requires_review: Allen hemisphere labels oppose body convention
female,Allen_superior_colliculus_R,superior colliculus,nervous,38,72,"[[-0.006797383073717356, 1.5653083324432373, -0.08082260191440582], [0.0038296212442219257, 1.5729643106460571, -0.07280746102333069]]",cb20897d4d872660f60a6f7e9a7b64564ad9580471fb0d1c417ab7a2b75b21c3,pass,source_brain_laterality_requires_review: Allen hemisphere labels oppose body convention
female,Allen_inferior_colliculus_R,inferior colliculus,nervous,86,168,"[[-0.006483681499958038, 1.5580836534500122, -0.08238676190376282], [0.004749697167426348, 1.5668672323226929, -0.0725134015083313]]",d2241695d4fd14abeef67071a8dce5b96951da5677814e57a0f94b42fbcbe084,pass,source_brain_laterality_requires_review: Allen hemisphere labels oppose body convention
female,Allen_cerebral_peduncle_crus_cerebri_R,cerebral peduncle,nervous,233,462,"[[-0.0024336727801710367, 1.5542943477630615, -0.07085295766592026], [0.014158832840621471, 1.5712485313415527, -0.051478974521160126]]",534ffee4690e1a726d48f59c28e150539e739af05b0344a4e65e046345b971d2,pass,source_brain_laterality_requires_review: Allen hemisphere labels oppose body convention
female,Allen_superior_cerebellar_peduncle_brachium_conjunctivum_R,superior cerebellar peduncle brachium conjunctivum (right),nervous,131,258,"[[-0.004684916697442532, 1.538246512413025, -0.08778879046440125], [0.0012261789524927735, 1.5560638904571533, -0.07670704275369644]]",75eb1c6357baca50ca22fa7bd3630ace9b97cb653ed328cd00d94a6d22e05866,pass,source_brain_laterality_requires_review: Allen hemisphere labels oppose body convention
female,Allen_cerebral_aqueduct_R,cerebral aqueduct (right),nervous,40,76,"[[-0.007492510136216879, 1.5527061223983765, -0.0788465216755867], [-0.004307474009692669, 1.5722556114196777, -0.06948038190603256]]",170312651aff6a836f24e63ec3f36f573d38ce1f3b47ef6abe08c013f3205d65,pass,source_brain_laterality_requires_review: Allen hemisphere labels oppose body convention
female,Allen_paravermis_of_cerebellum_R,paravermis of cerebellum (right),nervous,1616,3248,"[[-0.007972482591867447, 1.5067147016525269, -0.1253257542848587], [0.00818353146314621, 1.5655728578567505, -0.06946554780006409]]",8192395da4e24d93a366c3d345b889ae4cbe10496e435c9054956138ba0fa7ce,pass,source_brain_laterality_requires_review: Allen hemisphere labels oppose body convention
female,Allen_lateral_hemisphere_of_cerebellum_R,lateral hemisphere of cerebellum (right),nervous,4911,9832,"[[0.00547223724424839, 1.5061777830123901, -0.12528862059116364], [0.045932039618492126, 1.5555719137191772, -0.0659591555595398]]",eb8a381726308b09413bf551ff3d308552355e585aadcf24731deaf9512b433b,pass,side_vs_body_midline: review regional laterality; cardiac/hepatic labels can legitimately cross midline; source_brain_laterality_requires_review: Allen hemisphere labels oppose body convention
female,Allen_basilar_part_of_pons_R,pontine nuclear group,sensory,470,936,"[[-0.007078734692186117, 1.5292716026306152, -0.07359331846237183], [0.012445662170648575, 1.5575660467147827, -0.05212211608886719]]",67f2f800b56039398f39e209bcce98253626f61432a6a98232ce45beccfde035,pass,source_brain_laterality_requires_review: Allen hemisphere labels oppose body convention
female,Allen_pontine_tegmentum_R,pontine tegmentum,nervous,261,518,"[[-0.007444518618285656, 1.5305581092834473, -0.07811248302459717], [0.004787939600646496, 1.559427261352539, -0.06455754488706589]]",7780a340df9147e1379a8aaa3201aca94b72b3dc5aaa905974d1a9d0b78da844,pass,source_brain_laterality_requires_review: Allen hemisphere labels oppose body convention
female,Allen_pyramidal_part_of_medulla_oblongata_R,pyramidal part of medulla oblongata (right),nervous,60,116,"[[-0.0068972352892160416, 1.5083616971969604, -0.06532281637191772], [-0.001013953355140984, 1.5311176776885986, -0.06099087744951248]]",4f14695264c338a1bd77f620d2349d72a8bd647c63e0fb083e613aadbed4831f,pass,source_brain_laterality_requires_review: Allen hemisphere labels oppose body convention
female,Allen_tegmentum_of_medulla_oblongata_R,tegmentum of medulla oblongata (right),nervous,318,632,"[[-0.008083883672952652, 1.5073684453964233, -0.07774833589792252], [0.003110725898295641, 1.533522129058838, -0.0634344294667244]]",27224390e0edbc30e4e141122e67357ee129e013903d6226cc28e5095f878706,pass,source_brain_laterality_requires_review: Allen hemisphere labels oppose body convention
female,Allen_inferior_olive_R,inferior olive (right),nervous,64,124,"[[-0.00236779754050076, 1.5161311626434326, -0.0694553479552269], [0.0020855392795056105, 1.5294100046157837, -0.06284251809120178]]",dd670bd7d7e046fb7a1189878088e9c8c9c06aae17d5d291298db1e3f54788af,pass,source_brain_laterality_requires_review: Allen hemisphere labels oppose body convention
female,Allen_inferior_cerebellar_peduncle_R,inferior cerebellar peduncle (right),nervous,58,112,"[[0.0009742724942043424, 1.5262211561203003, -0.08072873204946518], [0.0061713168397545815, 1.542514443397522, -0.07123129069805145]]",75f2deb1932d97a6670e7ea20653f79493382170f29e1b4733ac5a62e88841bb,pass,source_brain_laterality_requires_review: Allen hemisphere labels oppose body convention
female,Allen_middle_cerebellar_peduncle_R,middle cerebellar peduncle (right),nervous,168,332,"[[0.0035511257592588663, 1.531345248222351, -0.08049600571393967], [0.018127135932445526, 1.5455405712127686, -0.06668592244386673]]",43beeb3228ba3c6e628070a8b7baa2b54967cdc99b17bba4da3fa269a91101fb,pass,source_brain_laterality_requires_review: Allen hemisphere labels oppose body convention
female,Allen_fourth_ventricle_R,fourth ventricle,nervous,214,424,"[[-0.00844602007418871, 1.5147483348846436, -0.09061115235090256], [0.005405177362263203, 1.5537352561950684, -0.07377825677394867]]",3274a9322657bdb7c40072f21218a8d01262155dd59c0e8952f9ec083e214263,pass,source_brain_laterality_requires_review: Allen hemisphere labels oppose body convention
female,Allen_central_canal_of_medulla_oblongata_R,central canal of medulla oblongata (right),nervous,8,12,"[[-0.007956545799970627, 1.505783200263977, -0.07429704815149307], [-0.006567959673702717, 1.5152990818023682, -0.0709821954369545]]",0a070403afb3e2c9240a1c87aada8e073c73248657fb62562596f10e16123af9,pass,source_brain_laterality_requires_review: Allen hemisphere labels oppose body convention
female,Allen_midline_nuclear_complex_R,midline nuclear complex (right),sensory,126,248,"[[-0.005933575332164764, 1.574579119682312, -0.06976615637540817], [-0.0014500534161925316, 1.5890942811965942, -0.05187163129448891]]",2c66f0752df5e845abb35f2ceff19ed0058305869e78601975be348bf2e9dd6c,pass,source_brain_laterality_requires_review: Allen hemisphere labels oppose body convention
female,Allen_lateral_olfactory_gyrus_R,lateral olfactory gyrus (right),nervous,67,130,"[[0.005990717094391584, 1.5635639429092407, -0.04381978511810303], [0.020038284361362457, 1.5714439153671265, -0.03670886904001236]]",c07feca4ac4859dc31ba3f4bcb3eb7bb2b999a33f0bb80a2f52bef50a20750b3,pass,side_vs_body_midline: review regional laterality; cardiac/hepatic labels can legitimately cross midline; source_brain_laterality_requires_review: Allen hemisphere labels oppose body convention
female,Allen_parietal_operculum_R,parietal operculum,nervous,619,1234,"[[0.021837815642356873, 1.5817081928253174, -0.08955707401037216], [0.05263812467455864, 1.5985348224639893, -0.05066493898630142]]",a3c68ff869a1c0ae371e0426cc411843fa1e55ba65caacac7ce991f123acc883,pass,source_brain_laterality_requires_review: Allen hemisphere labels oppose body convention
female,Allen_optic_radiation_R,optic radiation,sensory,44,84,"[[0.01850101910531521, 1.5646313428878784, -0.06487908959388733], [0.026906084269285202, 1.5724376440048218, -0.05155252292752266]]",0afa3fce91e6647ee6c9cc43c15b259191f8a80ed2e2a9f3ee7ca5f786fbfde8,pass,source_brain_laterality_requires_review: Allen hemisphere labels oppose body convention
female,Allen_posteroventral_putamen_R,posteroventral putamen (right),nervous,1035,2066,"[[-0.0041977958753705025, 1.5827360153198242, -0.08027292788028717], [0.012348807416856289, 1.6328564882278442, 0.0008760452037677169]]",4d45fd6a41f4f16ff34e287ddc622aa68d6cfa95fb4688f7f2cf6b71d3fd67d9,pass,source_brain_laterality_requires_review: Allen hemisphere labels oppose body convention
female,Allen_atrium_of_lateral_ventricle_R,atrium of lateral ventricle (right),nervous,311,618,"[[-0.0038408732507377863, 1.5699419975280762, -0.031347911804914474], [0.009966534562408924, 1.592607855796814, 0.004458317533135414]]",79a2f426be9b12ffa11dfc263f9913639b4a12ed51eb10d8a3fb49f1fad6ba05,pass,source_brain_laterality_requires_review: Allen hemisphere labels oppose body convention
female,Allen_paracingulate_gyrus_R,paracingulate gyrus (right),nervous,414,824,"[[0.0044892472214996815, 1.5727952718734741, -0.0045699309557676315], [0.039616458117961884, 1.5997892618179321, 0.016731014475226402]]",3e769c42aff9035cab29667dc53fef1e635865b8d5fc9145c8b13f2e71d19831,pass,source_brain_laterality_requires_review: Allen hemisphere labels oppose body convention
female,Allen_rostral_gyrus_R,rostral gyrus (right),nervous,582,1160,"[[-0.002065480686724186, 1.5723812580108643, -0.000600252125877887], [0.025823621079325676, 1.610395073890686, 0.018329491838812828]]",01d4e7346b043adeb051e5258cf36dab64eacf237c12ef1495f973b54d57eb95,pass,source_brain_laterality_requires_review: Allen hemisphere labels oppose body convention
female,Allen_frontomarginal_gyrus_R,frontomarginal gyrus (right),nervous,544,1084,"[[0.012810287065804005, 1.5337811708450317, -0.07248392701148987], [0.03553655371069908, 1.5584754943847656, -0.0239909328520298]]",98f7a4faacf72f4ea977296858013e2fbcbc41858a38e16b36480351ad2d685c,pass,side_vs_body_midline: review regional laterality; cardiac/hepatic labels can legitimately cross midline; source_brain_laterality_requires_review: Allen hemisphere labels oppose body convention
female,Allen_frontal_pole_R,frontal pole (right),nervous,824,1644,"[[0.008920298889279366, 1.5578739643096924, -0.12776687741279602], [0.03615204617381096, 1.5864624977111816, -0.06392236053943634]]",f06fd037a5d61046f1f89b568b0afb7e5929e77f87e8a3be0e109cb20068c2bc,pass,side_vs_body_midline: review regional laterality; cardiac/hepatic labels can legitimately cross midline; source_brain_laterality_requires_review: Allen hemisphere labels oppose body convention
female,Allen_perirhinal_gyrus_rostral_part_of_FuGt_R,perirhinal gyrus rostral part of FuGt (right),nervous,47,90,"[[0.010992739349603653, 1.5645623207092285, -0.10408946871757507], [0.028035327792167664, 1.5854424238204956, -0.08231014758348465]]",2576cfd9f92ae386e9527e92b44a92114302122a94c72c46ecafcc03b654647e,pass,side_vs_body_midline: review regional laterality; cardiac/hepatic labels can legitimately cross midline; source_brain_laterality_requires_review: Allen hemisphere labels oppose body convention
female,Allen_hypothalamus_L,hypothalamus,nervous,46,92,"[[-0.011325040832161903, 1.565627932548523, -0.060180697590112686], [-0.005398671608418226, 1.575128197669983, -0.054616402834653854]]",4adb0aeab7dda95bb8def939d337dccea02490c7dc37341676e87a1d8e561912,pass,source_brain_laterality_requires_review: Allen hemisphere labels oppose body convention
female,Allen_hypothalamus_R,hypothalamus,nervous,46,92,"[[-0.005868922919034958, 1.5655207633972168, -0.060332801192998886], [0.0002773991145659238, 1.5750093460083008, -0.054780397564172745]]",513bb8e675ad06be5075d931b499a7dcb7c5fbfad2b6d983ad088a19e3f02917,pass,source_brain_laterality_requires_review: Allen hemisphere labels oppose body convention
female,Allen_subthalamic_nucleus_R,subthalamic nucleus (right),nervous,104,204,"[[-0.00037908999365754426, 1.568385362625122, -0.06266636401414871], [0.007669380865991116, 1.5748913288116455, -0.05314116179943085]]",1e8a9a3fb0f75361ae93598437519b06a1534c4aa996ef67e13c8be67d0a14e7,pass,source_brain_laterality_requires_review: Allen hemisphere labels oppose body convention
female,Allen_mammillary_region_of_HTH_R,mammillary region of HTH (right),nervous,233,462,"[[-0.005796907935291529, 1.563315510749817, -0.05793076381087303], [0.008017752319574356, 1.5773037672042847, -0.04952571168541908]]",458a4fcd4af329b8fc52a4ab7276f4f3e0a85be05f6ad8fd2eed9d6a433a0901,pass,source_brain_laterality_requires_review: Allen hemisphere labels oppose body convention
female,Allen_midbrain_tegmentum_R,midbrain tegmentum (right),nervous,353,710,"[[-0.006864616647362709, 1.5559978485107422, -0.07785413414239883], [0.009428441524505615, 1.5740211009979248, -0.05325872451066971]]",8b5d0fdd28bbd98886ab4f7fe0d034898d45080e0e1ed822b7b45ad99a316c75,pass,source_brain_laterality_requires_review: Allen hemisphere labels oppose body convention
female,Allen_tuberal_region_of_HTH_R,tuberal region of HTH (right),nervous,321,642,"[[-0.005606934428215027, 1.561523675918579, -0.05386080592870712], [0.008444291539490223, 1.5789470672607422, -0.0406121201813221]]",fd1370990bb08f86b17ebadb3df5f928c82cc4ff215936de5e661df77030c9bc,pass,source_brain_laterality_requires_review: Allen hemisphere labels oppose body convention
female,Allen_preoptic_region_of_HTH_R,preoptic region of HTH (right),sensory,113,222,"[[-0.004344358574599028, 1.5658421516418457, -0.04721401631832123], [0.0027222572825849056, 1.5775463581085205, -0.039397839456796646]]",4662521113e66e3f2e2f2c5b40ee7e4ad07ed37f9e04d25fd5382103e72b7a63,pass,source_brain_laterality_requires_review: Allen hemisphere labels oppose body convention
female,Allen_midbrain_tegmentum_L,midbrain tegmentum (left),nervous,353,710,"[[-0.021274106577038765, 1.5559943914413452, -0.07777224481105804], [-0.005498672369867563, 1.5741757154464722, -0.052738726139068604]]",8c3456e9f6c6e290a90c522a24022068fac9483c5cc14fe10ec1a0b90e6483c6,pass,side_vs_body_midline: review regional laterality; cardiac/hepatic labels can legitimately cross midline; source_brain_laterality_requires_review: Allen hemisphere labels oppose body convention
female,Allen_red_nucleus_L,red nucleus,nervous,52,100,"[[-0.015134481713175774, 1.562703251838684, -0.06798350065946579], [-0.0074989646673202515, 1.5725417137145996, -0.05884793773293495]]",b2a9e3dd5f142ab8ca32be6f3db97d3a882c0f7d0253f22ab4d17c0b7e4d2b30,pass,source_brain_laterality_requires_review: Allen hemisphere labels oppose body convention
female,Allen_inferior_colliculus_L,inferior colliculus,nervous,86,168,"[[-0.01738956943154335, 1.5583076477050781, -0.08205053210258484], [-0.006860316731035709, 1.5673775672912598, -0.07169685512781143]]",8df890be0dbe1bb50334a29de518025bf26a5f93bfe0c5a14206d10fda094212,pass,source_brain_laterality_requires_review: Allen hemisphere labels oppose body convention
female,Allen_mammillary_region_of_HTH_L,mammillary region of HTH (left),nervous,233,462,"[[-0.018731670454144478, 1.5634082555770874, -0.05778682231903076], [-0.005198217928409576, 1.5775060653686523, -0.04937952011823654]]",155f4f347713bd36b4a7156c3aa93c749aaa32a03f515f52bd82a969e81610fd,pass,side_vs_body_midline: review regional laterality; cardiac/hepatic labels can legitimately cross midline; source_brain_laterality_requires_review: Allen hemisphere labels oppose body convention
female,Allen_subthalamic_nucleus_L,subthalamic nucleus (left),nervous,104,204,"[[-0.01901666633784771, 1.5687527656555176, -0.061725400388240814], [-0.010679283179342747, 1.5754590034484863, -0.05257359519600868]]",31828f82b4272cd0c35b8ded6b2dc7d99631a4bde603aa52081f5b7bbbffd2b2,pass,side_vs_body_midline: review regional laterality; cardiac/hepatic labels can legitimately cross midline; source_brain_laterality_requires_review: Allen hemisphere labels oppose body convention
female,VH_F_C1_segment_of_cervical_spinal_cord,C1 segment of cervical spinal cord,nervous,1149,2198,"[[-0.01603899896144867, 1.4931384325027466, -0.0750163272023201], [-0.005439166910946369, 1.5055294036865234, -0.06589215248823166]]",e958bbd599a8412e7437658f078ded9a2024e09620b8c7a49215b81b6c078abc,pass,
female,VH_F_C2_segment_of_cervical_spinal_cord,C2 segment of cervical spinal cord,nervous,1216,2206,"[[-0.016173353418707848, 1.4821946620941162, -0.07448787242174149], [-0.005981950554996729, 1.4934146404266357, -0.06507667154073715]]",60514466ea741d1e750aa18ba49855c41aff9025a43093fcc3af77dd4a180e78,pass,
female,VH_F_C3_segment_of_cervical_spinal_cord,C3 segment of cervical spinal cord,nervous,1197,2199,"[[-0.01607769913971424, 1.4671049118041992, -0.07383525371551514], [-0.004848193842917681, 1.482286810874939, -0.06382022053003311]]",38931e552617c78f44a504dc3ce4e66ce5115a2051f68a8ad56b0b296008d60d,pass,
female,VH_F_C4_segment_of_cervical_spinal_cord,C4 segment of cervical spinal cord,nervous,1200,2192,"[[-0.015120362862944603, 1.4547821283340454, -0.07181926816701889], [-0.003574485657736659, 1.4671896696090698, -0.06378408521413803]]",76c352ddf39e2200f239e7c9f73b607c7f028fd9709681150a6b6dbf9fcf8f7b,pass,
female,VH_F_C5_segment_of_cervical_spinal_cord,C5 segment of cervical spinal cord,nervous,1199,2195,"[[-0.012937631458044052, 1.4420934915542603, -0.0741492509841919], [-0.00347729679197073, 1.455458402633667, -0.06488187611103058]]",477e8de7fd2337385c71e4c5f7350690414a89e1665a9c41049efc1e24dfa9ee,pass,
female,VH_F_C6_segment_of_cervical_spinal_cord,C6 segment of cervical spinal cord,nervous,1201,2192,"[[-0.012399720959365368, 1.430970549583435, -0.07959236204624176], [-0.0031273269560188055, 1.4453976154327393, -0.06726671755313873]]",a8612071d6fed2d2abc0f2fc7e85252304bd5911addd4f0f719cb29d9f2ba8e4,pass,
female,VH_F_C7_segment_of_cervical_spinal_cord,C7 segment of cervical spinal cord,nervous,1172,2168,"[[-0.012357053346931934, 1.4160197973251343, -0.08707384020090103], [-0.0032973671332001686, 1.4344309568405151, -0.07237619906663895]]",6f48a7204d30cda439ede99ec4a2d4309ee67d78e298bbf0b1fa2bd5db5ce736,pass,
female,VH_F_C8_segment_of_cervical_spinal_cord,C8 segment of cervical spinal cord,nervous,1196,2208,"[[-0.012286062352359295, 1.402143120765686, -0.09351962804794312], [-0.0031976508907973766, 1.419296383857727, -0.08023044466972351]]",f8b6d6635b17b8a9ad2df4454889b52bc9c2136441fcf47889f931d5b6638ae1,pass,
female,VH_F_first_thoracic_spinal_cord_segment,first thoracic spinal cord segment,nervous,1182,2200,"[[-0.011741552501916885, 1.3850109577178955, -0.10189605504274368], [-0.0028572939336299896, 1.4061336517333984, -0.08677259087562561]]",85105a9fc19a9f4e7594a5757ae4fcfbe4512748e33b88360e8645d038bf7353,pass,
female,VH_F_second_thoracic_spinal_cord_segment,second thoracic spinal cord segment,nervous,1187,2205,"[[-0.011109856888651848, 1.3687258958816528, -0.10947847366333008], [-0.002213821280747652, 1.3883721828460693, -0.09487390518188477]]",1233bca361b819e77eba998f51725900b1a871db5066652446e7b053574e6c79,pass,
female,VH_F_third_thoracic_spinal_cord_segment,third thoracic spinal cord segment,nervous,1167,2173,"[[-0.011819076724350452, 1.3515969514846802, -0.11784736067056656], [-0.0020869255531579256, 1.3721957206726074, -0.10222776979207993]]",4c96c4e186c22653c13383447659e77639c9e6466d2a2b427b2c3637cf8533dd,pass,
female,VH_F_fourth_thoracic_spinal_cord_segment,fourth thoracic spinal cord segment,nervous,1179,2207,"[[-0.011821908876299858, 1.330448865890503, -0.12646649777889252], [-0.0008935260702855885, 1.3540632724761963, -0.11127527803182602]]",dc50d044701a22b7f38c8dcd9172da71d792883452c204c02e648a9379d39f9d,pass,
female,VH_F_fifth_thoracic_spinal_cord_segment,fifth thoracic spinal cord segment,nervous,1175,2196,"[[-0.01145198754966259, 1.3088271617889404, -0.13308963179588318], [-0.000673751812428236, 1.3322311639785767, -0.12006795406341553]]",c6e44426321c4a5c4246288db2c3a38cb02daa9d22944998f29928f133e9253a,pass,
female,VH_F_seventh_thoracic_spinal_cord_segment,seventh thoracic spinal cord segment,nervous,1174,2196,"[[-0.010755748488008976, 1.2622854709625244, -0.14191675186157227], [-0.0005390644073486328, 1.2843869924545288, -0.13137169182300568]]",9a7554a6a9a0a471e2927531bf74f934a48f96e0c00fd237c1242f49d02f00a3,pass,
female,VH_F_eigth_thoracic_spinal_cord_segment,eighth thoracic spinal cord segment,nervous,1196,2219,"[[-0.011024932377040386, 1.243683934211731, -0.1435275375843048], [-0.0012090301606804132, 1.262366533279419, -0.13450117409229279]]",0225fb1ceda63ecb145a9e5e7bd06a240b0199cb4afbb17bc0a45ccbf0b185fc,pass,
female,VH_F_sixth_thoracic_spinal_cord_segment,sixth thoracic spinal cord segment,nervous,1162,2186,"[[-0.01132376678287983, 1.2837291955947876, -0.13817071914672852], [-0.0007684898446314037, 1.3106844425201416, -0.12642426788806915]]",0827ef9b047abb3e8cf35875f9dead89a2d678f8eb9aa53b2c35f0e9fa39b07a,pass,
female,VH_F_ninth_thoracic_spinal_cord_segment,ninth thoracic spinal cord segment,nervous,1177,2201,"[[-0.010719290003180504, 1.2206718921661377, -0.1444120556116104], [-0.0010692786891013384, 1.2437723875045776, -0.13538777828216553]]",6293fa90f37a07dc0f6890bd271376b366d5b3cf31b624109cb5c46b1b8ebcd3,pass,
female,VH_F_tenth_thoracic_spinal_cord_segment,tenth thoracic spinal cord segment,nervous,1188,2206,"[[-0.010938338935375214, 1.2005205154418945, -0.14568373560905457], [-0.0009957790607586503, 1.2207714319229126, -0.13533367216587067]]",2287015dc63f32b2c6d2f7b381afe747ed5ea231296e0bea6cbd3741a0deecf9,pass,
female,VH_F_eleventh_thoracic_spinal_cord_segment,eleventh thoracic spinal cord segment,nervous,1184,2184,"[[-0.01039836835116148, 1.1833217144012451, -0.1456761360168457], [0.0005052947672083974, 1.2006224393844604, -0.13635998964309692]]",65a30c169bcc261913d0c2331a188ca72f286d24bb8f50a9b1bfe35b350ce3e2,pass,
female,VH_F_twelfth_thoracic_spinal_cord_segment,twelfth thoracic spinal cord segment,nervous,1190,2192,"[[-0.00917057041078806, 1.1659551858901978, -0.1450994610786438], [0.0015575217548757792, 1.183421015739441, -0.1356070190668106]]",14677cb727c69a01935122a6e1038cd7a13fc185f1969d93c7ab5d1e3feda26f,pass,
female,VH_F_first_lumbar_spinal_cord_segment,first lumbar spinal cord segment,nervous,1189,2170,"[[-0.009932898916304111, 1.1518698930740356, -0.14445418119430542], [0.0017241858877241611, 1.1660586595535278, -0.13494588434696198]]",90619d0201800c3f6be4ebf0e6e9fd91ee252df123ae1d29206d23992437b0de,pass,
female,VH_F_second_lumbar_spinal_cord_segment,second lumbar spinal cord segment,nervous,1230,2197,"[[-0.010177630931138992, 1.1431193351745605, -0.14312370121479034], [0.0017219638684764504, 1.1519694328308105, -0.13403929769992828]]",f81b88c85d6b1fc8ed2200654cad3dccd230cb217736a9e82d80adf31b408da5,pass,
female,VH_F_third_lumbar_spinal_cord_segment,third lumbar spinal cord segment,nervous,1203,2161,"[[-0.010205811820924282, 1.1337393522262573, -0.14191220700740814], [0.0014675712445750833, 1.1432160139083862, -0.1336890161037445]]",00b54381271814b5ee9b3d1184e84613cb1e1cf8bf3638dfa63d9b24d43741fa,pass,
female,VH_F_fourth_lumbar_spinal_cord_segment,fourth lumbar spinal cord segment,nervous,1203,2163,"[[-0.00919849332422018, 1.1253427267074585, -0.14068065583705902], [0.0008356666658073664, 1.133825659751892, -0.1336953341960907]]",aca929af5719a520a9af5264b424e00f4bd61f90c56ef682026f4c0ce80e9d3d,pass,
female,VH_F_fifth_lumbar_spinal_cord_segment,fifth lumbar spinal cord segment,nervous,1237,2201,"[[-0.008592948317527771, 1.1194270849227905, -0.14017638564109802], [4.6501158067258075e-05, 1.1254210472106934, -0.13374198973178864]]",c09fbe4b12e3e955b04a11ded008cbbc7580f88b3585d3726a9e9fad74223c35,pass,
female,VH_F_first_sacral_spinal_cord_segment,first sacral spinal cord segment,nervous,1214,2179,"[[-0.008127078413963318, 1.1132532358169556, -0.1397823691368103], [-0.0006083583575673401, 1.1194982528686523, -0.13383212685585022]]",34198dbda962b00fd2e4325f36836182df1167a1d05025168c5416226c2b8f09,pass,
female,VH_F_second_sacral_spinal_cord_segment,second sacral spinal cord segment,nervous,1232,2216,"[[-0.0075452327728271484, 1.107867956161499, -0.13915111124515533], [-0.001302585587836802, 1.113315224647522, -0.13386234641075134]]",b65289586c16601d9314e8133706d5889f20adfce7b152229bfacf672a1f1196,pass,
female,VH_F_third_sacral_spinal_cord_segment,third sacral spinal cord segment,nervous,1211,2193,"[[-0.007143993396311998, 1.1024092435836792, -0.13851550221443176], [-0.0017311382107436657, 1.1079233884811401, -0.1337815672159195]]",dd363d3d5e9a8cdfe748b0e2dc8878e6a87d9a0075a12bbea8ec05dd5a5c5b52,pass,
female,VH_F_fourth_sacral_spinal_cord_segment,fourth sacral spinal cord segment,nervous,1157,2131,"[[-0.006623401306569576, 1.096710443496704, -0.13767200708389282], [-0.0021233081351965666, 1.102455496788025, -0.13377301394939423]]",1ec1bf0dacda684d78a33b4e6c22a4a0361a759172dee6221fc936d82bff6b5e,pass,
female,VH_F_medial_rectus_extraocular_muscle_L,Left medial rectus,muscular,179,354,"[[0.010090365074574947, 1.5549328327178955, -0.017371267080307007], [0.02176140993833542, 1.5625230073928833, 0.026336535811424255]]",6ef5201ba6e5648c7869c8d9ea1f0378c8bfdc8f77814e78a2394d656be06a2f,pass,
female,VH_F_inferior_rectus_extraocular_muscle_L,Left inferior rectus,muscular,1328,2652,"[[0.009829607792198658, 1.546617031097412, -0.017973341047763824], [0.03562546148896217, 1.5557466745376587, 0.026161417365074158]]",e5380a97fb800fc665431df79d99397ec676b0f1ca60d045f40f5d7b4c4822c6,pass,
female,VH_F_superior_rectus_extraocular_muscle_L,Left superior rectus,muscular,237,470,"[[0.012298861518502235, 1.5572510957717896, -0.017080850899219513], [0.03534244745969772, 1.5736851692199707, 0.026416167616844177]]",6e67615a801bb536417fd3a60532b39df1af900e77057b14989d73ee74ec83c8,pass,
female,VH_F_inferior_oblique_extraocular_muscle_L,Left inferior oblique,muscular,1376,2748,"[[0.011850341223180294, 1.5440468788146973, 0.008597888983786106], [0.043272536247968674, 1.5571082830429077, 0.02209152653813362]]",c48d8d1dc7f0173746da855260be3263da241b1330212b39a5d0c33a6e17de76,pass,
female,VH_F_lateral_rectus_extraocular_muscle_L,Left lateral rectus,muscular,1522,3040,"[[0.013619530014693737, 1.554522156715393, -0.02017655409872532], [0.044920433312654495, 1.5625786781311035, 0.025696882978081703]]",60b276760affafe72fd40c69c5733e0b49151341385d24e6b162541aed84b25f,pass,
female,VH_F_superior_oblique_extraocular_muscle_L,Left superior oblique,muscular,276,548,"[[0.008715295232832432, 1.5554219484329224, -0.018314829096198082], [0.030442655086517334, 1.5733751058578491, 0.02809494361281395]]",e613c2a019b88cb39356b5cdbd6b9e7d2c8b8875c04c32a263fa9b94ecd37dca,pass,
female,VH_F_medial_rectus_extraocular_muscle_R,Right medial rectus,muscular,174,344,"[[-0.031065579503774643, 1.5550326108932495, -0.017842693254351616], [-0.02082950249314308, 1.5626459121704102, 0.026192674413323402]]",1a3e503f47b7be5f70b4dd31c5825aba114759b2fcc139687e7e15ce91cecc21,pass,
female,VH_F_inferior_rectus_extraocular_muscle_R,Right inferior rectus,muscular,1328,2652,"[[-0.04482143372297287, 1.546565055847168, -0.01843332313001156], [-0.020553141832351685, 1.5557478666305542, 0.026432743296027184]]",896c47172f0e53d4d4ba2c7d4f84c7ec524fddaa3891516ea1692728fc587adf,pass,
female,VH_F_superior_rectus_extraocular_muscle_R,Right superior rectus,muscular,238,472,"[[-0.044897451996803284, 1.5572447776794434, -0.017480148002505302], [-0.02305055968463421, 1.5736064910888672, 0.026553047820925713]]",f53e7e5970ac502f410dba5fb51b2ededf123f164bf1f42f69d44d7ac324227f,pass,
female,VH_F_inferior_oblique_extraocular_muscle_R,Right inferior oblique,muscular,1376,2748,"[[-0.052894990891218185, 1.5440739393234253, 0.009024791419506073], [-0.02135838009417057, 1.5571677684783936, 0.021732272580266]]",2f2ba2084a3e561b8ea156c0fe3a7aebea299130b88764e7287d8530de969b08,pass,
female,VH_F_lateral_rectus_extraocular_muscle_R,Right lateral rectus,muscular,1522,3040,"[[-0.05449562519788742, 1.5543720722198486, -0.02053961716592312], [-0.024480702355504036, 1.5623630285263062, 0.02627316489815712]]",be44d65889a73578450d640a61bccde5572decf26ef896594a15a167b27e04ce,pass,
female,VH_F_superior_oblique_extraocular_muscle_R,Right superior oblique,muscular,274,544,"[[-0.0400695838034153, 1.5554826259613037, -0.018827838823199272], [-0.019445134326815605, 1.5735225677490234, 0.02764006517827511]]",7d7ef1cd0f43bc29169eadcb5e7f03d954aef29fda1fa7acb8143da2d4d326c8,pass,
female,VH_F_rectus_femoris_L,Left rectus femoris,muscular,1247,2466,"[[0.0939754769206047, 0.5066866874694824, -0.026179395616054535], [0.16731379926204681, 0.8573958277702332, 0.020871739834547043]]",d3e26a2677b4101473afb9c157539d81aff960fded18ba0fd772182cb3ef8a00,pass,
female,VH_F_tendon_of_quadriceps_femoris_L,Tendon of left quadriceps femoris,connective,174,321,"[[0.12308285385370255, 0.45395249128341675, -0.01997242495417595], [0.1388876736164093, 0.5107999444007874, -0.008963136933743954]]",8460324670359f5bf9f188b27bb32322abc645742630f0de2935eed22658a464,pass,
female,VH_F_rectus_femoris_R,Right rectus femoris,muscular,1247,2467,"[[-0.18818995356559753, 0.5066866874694824, -0.02244715578854084], [-0.11485164612531662, 0.8573697209358215, 0.02466382458806038]]",cd5a5911edc1361797e73ebd6041732c3446ff90c09cb7ba5e3d0103a7dcccd8,pass,
female,VH_F_tendon_of_quadriceps_femoris_R,Tendon of right quadriceps femoris,connective,174,321,"[[-0.15976384282112122, 0.45395249128341675, -0.01624019630253315], [-0.14395903050899506, 0.5107999444007874, -0.005230912938714027]]",8af51b04bb3236dc497908af0090e25b27da55f6c04392f11c2de225200bc7a1,pass,
female,VH_F_basal_plate,basal plate,pregnancy,1941,3799,"[[-0.11847411096096039, 0.8990885615348816, 0.09888257086277008], [0.0790318101644516, 1.0990654230117798, 0.2048710584640503]]",7cd57d78e20fa2cf2753d58fef861f5c14b261eb7200098893254467acf1ff8d,pass,
female,VH_F_chorionic_plate,chorionic plate,pregnancy,1959,3787,"[[-0.11784575879573822, 0.8989461064338684, 0.11616276204586029], [0.07764773815870285, 1.0938674211502075, 0.20603328943252563]]",242fda844a8437d023d413fa7a8b35e1feb3438eb784412636d8ce768fb375e5,pass,
female,VH_F_placenta_vessels,placenta vessels,pregnancy,8321,16626,"[[-0.10725869983434677, 0.9302546977996826, 0.13415484130382538], [0.057089995592832565, 1.069185495376587, 0.20054177939891815]]",ea725d054d6c1b2afdbabd64312642c9ec5fce4fc2aa8d2268a65b34fcc7c82e,pass,
female,VH_F_amnion,amnion,pregnancy,1612,3220,"[[-0.13836707174777985, 0.874379575252533, 0.10648884624242783], [0.11240619421005249, 1.1049168109893799, 0.21760854125022888]]",8047e6a6a521b76c0c5b14d46d895f26c00b2c2e1052632ae4e3d3b21a3ec479,pass,
female,VH_F_umbilical_cord,umbilical cord,pregnancy,3338,6692,"[[-0.02177860401570797, 0.9171690940856934, 0.16556912660598755], [0.0013724666787311435, 0.9711118936538696, 0.23266540467739105]]",8e14715b2a8d7724dff967662ea937fa218a7822439977cdef981d6164837292,pass,
female,VH_F_umbilical_artery_1,umbilical artery,pregnancy,1174,2341,"[[-0.020130151882767677, 0.9190341830253601, 0.1685682088136673], [0.00012599526962731034, 0.9726295471191406, 0.22817635536193848]]",28d477b8e9e34d9a151c2db2c5f9f2daf5554324c1b7480446009f1a93d9b4de,pass,
female,VH_F_umbilical_artery_2,umbilical artery,pregnancy,1368,2732,"[[-0.02063736878335476, 0.9242430329322815, 0.1676780879497528], [-0.000970089400652796, 0.9807238578796387, 0.22364211082458496]]",26d7fbc47a559634b5b8087e1e4e2e458ac05b8d5d05d917838f1861ac8a44b4,pass,
female,VH_F_umbilical_vein,umbilical vein,pregnancy,1119,2234,"[[-0.01759904995560646, 0.9172757267951965, 0.16550210118293762], [-0.0022381991147994995, 0.9749202728271484, 0.23094996809959412]]",502ac3e2e1588a88f22cd3c285bc9f3e1457315f1f466b7a60e0cedf076f81e7,pass,
female,VH_F_vagina,vagina,reproductive,1161,2236,"[[-0.0345090851187706, 0.7426738739013672, -0.0828528180718422], [0.010000132955610752, 0.8012129664421082, -0.05912921950221062]]",f7bf288f48ea266ef06a02b0ce68d89f79af55c96a2951977cae82440a349850,pass,
female,VH_F_cervicovaginal_junction,cervicovaginal junction,reproductive,675,1252,"[[-0.03143985569477081, 0.7971633076667786, -0.09038802981376648], [0.006820926442742348, 0.8204440474510193, -0.06505817174911499]]",16d860e10b3de0e43dde09b2d17ec4aa577ddfebb828d197003be7be19feaf9f,pass,
female,VH_F_ampulla_of_uterine_tube_R,Ampulla of right uterine tube,reproductive,1188,2296,"[[-0.07373370975255966, 0.8375114798545837, -0.05196963995695114], [-0.04722654074430466, 0.8792572021484375, -0.03710786625742912]]",648d377d8efcd2ca9d78b7ce3482d8ce6a5b520e623f9023ca7439543ece60d4,pass,
female,VH_F_isthmus_of_fallopian_tube_R,Isthmus of right uterine tube,reproductive,336,594,"[[-0.04784681275486946, 0.8346537351608276, -0.042316894978284836], [-0.03932168707251549, 0.839188814163208, -0.03857158496975899]]",074edf9034e378d1f7e834b2897201a1b0936e1a586d631e8fc16779b5a9e0b1,pass,
female,VH_F_fibria_of_uterine_tube_R,Fimbria of right uterine tube,reproductive,1155,2270,"[[-0.07175300270318985, 0.8657097816467285, -0.05750121921300888], [-0.06473506987094879, 0.8701030611991882, -0.05171554535627365]]",4839dfb28352c6c3a2df209e2363af007dec2878b38c1b753e5a640e6a5fc375,pass,
female,VH_F_uterine_tube_infundibulum_R,Infundibulum of right uterine tube,reproductive,622,1164,"[[-0.07247859984636307, 0.8681874871253967, -0.05797962099313736], [-0.06489913910627365, 0.8791736364364624, -0.05086631700396538]]",e2571637e57e4aeb62f40bfbcc61c06a453e53c36437046e5c96db3673fe1324,pass,
female,VH_F_uterine_tube_infundibulum_L,Infundibulum of left uterine tube,reproductive,575,1070,"[[0.03647768124938011, 0.8689035177230835, -0.05167331546545029], [0.044939689338207245, 0.8799457550048828, -0.0440741702914238]]",0784f618ee562b65911fd1105059bcdbe7df68194ec86dc06a0c860e95cfee26,pass,
female,VH_F_fibria_of_uterine_tube_L,Fimbria of left uterine tube,reproductive,952,1864,"[[0.03547431901097298, 0.8657691478729248, -0.0520339198410511], [0.04285121709108353, 0.8709695339202881, -0.04378688707947731]]",4da1a1f55c8201d93f49b1c4700a548225923a4197c71f6207300ff28723721b,pass,
female,VH_F_isthmus_of_fallopian_tube_L,Isthmus of left uterine tube,reproductive,333,588,"[[0.012065276503562927, 0.8356482982635498, -0.0417814627289772], [0.02217910625040531, 0.8399235010147095, -0.03785453736782074]]",e12464cfa4f3941b66bfd8288b9aa983139060703b075ff8ed9906d4467ed638,pass,
female,VH_F_ampulla_of_uterine_tube_L,Ampulla of left uterine tube,reproductive,1296,2512,"[[0.02176433429121971, 0.8376039862632751, -0.048626404255628586], [0.05068530887365341, 0.8801199793815613, -0.033484190702438354]]",6b8c6e121a5a5bfc6dd9baf5e5b870b6d2da9526428ebf46fa546d37e5b89fa6,pass,
female,VH_F_uterovesical_pouch,Uterovesical pouch,reproductive,2897,5576,"[[-0.039972055703401566, 0.8079322576522827, -0.06207088381052017], [0.011801938526332378, 0.8356019854545593, 0.0019966887775808573]]",5f69f39b6e1a1e23356c9f3427266a1a5d038cebc59e7a92fce1a2ec0aefe507,pass,
female,VH_F_right_round_ligament_of_uterus,Right round ligament of uterus,reproductive,243,482,"[[0.0020686625503003597, 0.7797217965126038, -0.038823068141937256], [0.04897189885377884, 0.8414096236228943, 0.00994615163654089]]",547cd3243a0f4b6a3776626bb8f390b55724f14d99b6990fde0bf809185469af,pass,
female,VH_F_left_round_ligament_of_uterus,Left round ligament of uterus,reproductive,273,542,"[[-0.09142684936523438, 0.7783535122871399, -0.04070678725838661], [-0.030598659068346024, 0.8451098203659058, 0.004402030725032091]]",c243ffa09e85ea868381dfd1fcc4fcd251664cff2e6fa8ed59e692d14d29d90f,pass,side_vs_body_midline: review regional laterality; cardiac/hepatic labels can legitimately cross midline
female,VH_F_right_uterosacral_ligament,Right uterosacral ligament,reproductive,220,436,"[[-0.03552013263106346, 0.8152413368225098, -0.15976135432720184], [-0.02166406624019146, 0.8704363107681274, -0.0801418274641037]]",e0ca8bd2ebc68ae6fe4f454c58a6230bfafc406c52f805daa92269c143ab2752,pass,
female,VH_F_left_uterosacral_ligament,Left uterosacral ligament,reproductive,216,428,"[[0.00048693656572140753, 0.8166120052337646, -0.16060660779476166], [0.006828470155596733, 0.8685286641120911, -0.07845687866210938]]",cf66fa131d1b4dd894a79b7fb701cdf2543aacace45c170e4ec9684b26639d89,pass,
female,VH_F_right_cardinal_ligament_of_uterus,Cardinal ligament,reproductive,448,892,"[[-0.08383975923061371, 0.8129843473434448, -0.11542129516601562], [-0.017134008929133415, 0.8383620977401733, -0.06209983676671982]]",3e7dc024003b27b9aa50cb7a4c4f4c58961dd1f8ec9d76f8a53dcaa6d7851eec,pass,
female,VH_F_left_cardinal_ligament_of_uterus,Cardinal ligament,reproductive,448,892,"[[-0.007059134542942047, 0.8148899674415588, -0.11005042493343353], [0.055428922176361084, 0.8336449265480042, -0.05943115055561066]]",de0474ed866ff119b0383cdb45cbf485b04749e58f2001d0e0e8813f223d822d,pass,
female,VH_F_suspensory_ligament_of_ovary_R,Suspensory ligament of right ovary,reproductive,213,422,"[[-0.07911372929811478, 0.8659059405326843, -0.06090610474348068], [-0.07118995487689972, 0.8967172503471375, -0.04736644774675369]]",669ac6ff576b287b95ef2cea7d135cb68ecff70e03802725e14b53b5910b3877,pass,
female,VH_F_suspensory_ligament_of_ovary_L,Suspensory ligament of left ovary,reproductive,184,364,"[[0.0371561236679554, 0.8658154606819153, -0.06895274668931961], [0.04798019304871559, 0.9016900062561035, -0.04798087850213051]]",badd0c1c1e97fe4438de3e410b6c1e8c231e8c57be198954e1a553648994fe6a,pass,
female,VH_F_ovarian_ligament_L,Left ovarian ligament,reproductive,73,134,"[[0.007376641966402531, 0.8331642746925354, -0.044658925384283066], [0.039880599826574326, 0.8446306586265564, -0.04112869128584862]]",b7c038b0f2cfa985ac71901f241f22116814ec7c430b5e9da5f469c911f897f6,pass,
female,VH_F_ovarian_ligament_R,Right ovarian ligament,reproductive,76,142,"[[-0.06607212126255035, 0.8324293494224548, -0.04657043516635895], [-0.032768458127975464, 0.8457995057106018, -0.042424313724040985]]",d621fe348fbf2f1070afbc3c3ab391a3f4bc540f014527c985c7989414e47ce9,pass,
female,VH_F_broad_ligament,broad ligament of uterus,reproductive,3332,6476,"[[-0.08392427116632462, 0.8120892643928528, -0.13467147946357727], [0.0556151457130909, 0.8746911287307739, -0.008539517410099506]]",cb573688c1558851c660dce621f3a53ec934bed408757758b4b2987dc02ad3f9,pass,
female,VH_F_mesosalpinx_L,Left mesosalpinx,reproductive,442,758,"[[0.00966936070472002, 0.8286036252975464, -0.048081472516059875], [0.054316479712724686, 0.8795173764228821, -0.03158002719283104]]",1b809bf8ad78a68ac339d3956d245feb844c8b03bf125591f648ec8d02517842,pass,
female,VH_F_mesosalpinx_R,Right mesosalpinx,reproductive,498,871,"[[-0.07894016057252884, 0.830801248550415, -0.05221744254231453], [-0.03250095248222351, 0.8793795704841614, -0.033698346465826035]]",2bb3d9fdb24d016f139ac49b20a3d2fd91702b4b55fc0679e704ba450c0568de,pass,
female,VH_F_mesovarium_R,Right mesovarium,reproductive,97,148,"[[-0.07879699766635895, 0.8433733582496643, -0.04549907520413399], [-0.06649070233106613, 0.8644843101501465, -0.04010173678398132]]",a04538d912bf1e8ae2fca4f4cef7089929a70a41d95c8a6c00357c5f71ec8415,pass,
female,VH_F_mesovarium_L,Left mesovarium,reproductive,193,330,"[[0.036023616790771484, 0.8426083922386169, -0.04883388429880142], [0.05356365069746971, 0.8680649995803833, -0.03895549848675728]]",22b928d100b8901c7a4aad8263e4bb398e7210508f360e5e52e65a70bb44d46f,pass,
female,VH_F_left_ovary,Left ovary,reproductive,185,366,"[[0.038216304033994675, 0.8437377214431763, -0.0507369227707386], [0.05049369856715202, 0.8676847219467163, -0.040202751755714417]]",b28f0fe9925c2c74bb94a3788ad6bfc61e1f63bf77bfaff6cea85a46d351bdc7,pass,
female,VH_F_right_ovary,Right ovary,reproductive,180,356,"[[-0.0767170712351799, 0.8436698317527771, -0.050816573202610016], [-0.06440738588571548, 0.8676567673683167, -0.04018905386328697]]",c7b4eb2df94d141a7b0f29da6f40643a0d7dbb11f8c7d0b1436fd4ce00f044d8,pass,
female,VH_F_abdominal_ostium_of_uterine_tube,Abdominal ostium of uterine tube,reproductive,93,120,"[[-0.03974504396319389, 0.8342276811599731, -0.04208793491125107], [0.012742566876113415, 0.8378807902336121, -0.03987690061330795]]",12c9f8b25383e963059523ac51900dbb5c564d88f4c87e5c13a81160f2696f0a,pass,
female,VH_F_body_of_uterus,body of uterus,reproductive,676,1175,"[[-0.0341830812394619, 0.8162230253219604, -0.06569686532020569], [0.008935680612921715, 0.8462884426116943, -0.03804643452167511]]",875e4cace1fc0b19aecaa70ffeaef9b6ffeec05d1d612f52a5184e27fc5c34b9,pass,
female,VH_F_fundus_of_uterus,Fundus of uterus,reproductive,416,737,"[[-0.03336295858025551, 0.8268918395042419, -0.049555204808712006], [0.008037347346544266, 0.8479729294776917, -0.027496622875332832]]",82d19407bd3236278eca963a64025719d80bf6f2664a98969e15aa1e7a3ae9c6,pass,
female,VH_F_cornua,cornua,reproductive,119,178,"[[-0.03974319249391556, 0.8318109512329102, -0.04591949284076691], [0.012725362554192543, 0.8411264419555664, -0.036262739449739456]]",1e54ce81e9a4797c14f3c34a24ccb6596b5f3cbc50d76c88e0c4bef06982bc3f,pass,
female,VH_F_lower_uterine_segment,Lower uterine segment,reproductive,356,540,"[[-0.020889349281787872, 0.812445878982544, -0.07143371552228928], [-0.0028578233905136585, 0.8327948451042175, -0.05686080828309059]]",0f0a65cf8afe3a05a6d7c58ece90de7305f2732e0b65cdd40bc9f7e6551cfcac,pass,
female,VH_F_posterior_wall_of_uterus,Posterior wall of uterus,reproductive,1324,2644,"[[-0.03401535004377365, 0.8161591291427612, -0.06136665120720863], [0.008844166062772274, 0.8420875668525696, -0.027685241773724556]]",f76081b28dba76b406e8e667dacb58f24972f6bc4cf19687b926444deb1d96d8,pass,
female,VH_F_anterior_wall_of_uterus,Anterior wall of uterus,reproductive,1118,2232,"[[-0.03401535004377365, 0.8231751918792725, -0.06570125371217728], [0.008844166062772274, 0.8477187752723694, -0.02975006029009819]]",f3db83b69ed484d05e4c8d20d3dbf5105a238d5bbd5b810cdfe6e6641ce6945e,pass,
female,VH_F_cervix,uterine cervix,reproductive,799,1484,"[[-0.02460305206477642, 0.8009797930717468, -0.08617530763149261], [0.0026926230639219284, 0.8299028277397156, -0.06190929189324379]]",1c4521dd13b0ce8b81bf55ceaf1239ff361d9e74efe4f669d7de2e4d63efe939,pass,
female,VH_F_internal_cervical_os,internal cervical os,reproductive,87,120,"[[-0.012525038793683052, 0.8179135918617249, -0.06961788237094879], [-0.009072573855519295, 0.8216923475265503, -0.06537212431430817]]",321f86b91c865668ca45e26a0edf30d4b3c7adead03d2292482060915dd51356,pass,
female,VH_F_external_cervical_os,external cervical os,reproductive,162,270,"[[-0.014222287572920322, 0.8078100085258484, -0.0841342881321907], [-0.006857067346572876, 0.8148683309555054, -0.07832885533571243]]",f0d42048d6339e03bbbb0be5c5029ac869889cb42e8c4313490bf22c9d009aa6,pass,
female,VH_F_palatine_tonsil_L,left palatine tonsil,lymphatic,2236,4468,"[[0.0016583477845415473, 1.4713375568389893, -0.01885097846388817], [0.01798943430185318, 1.4956212043762207, -0.002922747051343322]]",84f8a6659b90972b5f450cccb7eba1b226ff7a348992be72075083bf018b033e,pass,
female,VH_F_palatine_tonsil_R,right palatine tonsil,lymphatic,1906,3808,"[[-0.028234852477908134, 1.4712947607040405, -0.0180056132376194], [-0.011442409828305244, 1.4952141046524048, -0.004065163433551788]]",3aac3b5f9f3c45c28d7819390337dd44c2b10141043ab7657daafb7d30bf4a49,pass,
female,VH_F_hepatic_flexure_of_colon,hepatic flexure of colon,digestive,699,1293,"[[-0.12198115140199661, 0.9847204089164734, -0.0829615592956543], [-0.053575482219457626, 1.055445909500122, -0.004003987181931734]]",6ab3809ae5383accb4399fe311ab587c5c4545f35263ee825c54418f243a6d3f,pass,
female,VH_F_transverse_colon,transverse colon,digestive,1402,2712,"[[-0.10217850655317307, 0.9708799123764038, -0.06985234469175339], [0.09910925477743149, 1.0763225555419922, 0.0469122976064682]]",464fcccd3e696b74892342b980025959bfeb76d2877cf5b27788418ca8f56973,pass,
female,VH_F_ascending_colon,ascending colon,digestive,663,1230,"[[-0.1264546662569046, 0.9302348494529724, -0.08315559476613998], [-0.07498738914728165, 1.0556087493896484, -0.026430878788232803]]",8faa2cf410a96d44701d87e5dd0a90493d36f079436804035902c400a4ae9ff9,pass,
female,VH_F_vermiform_appendix,vermiform appendix,digestive,139,254,"[[-0.0904390960931778, 0.8798567056655884, -0.023890847340226173], [-0.0742487758398056, 0.9036986827850342, -0.00045069216866977513]]",385c947b70a4d30516da16037998bf3bb78f15d784dd5f110be434f27b92371f,pass,
female,VH_F_descending_colon,descending colon,digestive,1031,1964,"[[-0.01948930136859417, 0.8209433555603027, -0.06844989210367203], [0.11682110279798508, 1.0763225555419922, 0.011876516044139862]]",40ae04956c0877f8c5e0a9231862accefa5d58e8a76a6ba26d4127ed5fe32169,pass,
female,VH_F_ileocecal_valve,ileocecal valve,digestive,34,44,"[[-0.08132796734571457, 0.9369640946388245, -0.043898895382881165], [-0.0754615068435669, 0.956701934337616, -0.023824581876397133]]",399396277739c2e6696533445f3f41d50757d258f79e5acb12a3bbf95c0c1437,pass,
female,VH_F_caecum,caecum,digestive,434,782,"[[-0.12099619954824448, 0.8930115699768066, -0.054375890642404556], [-0.06722050905227661, 0.9622611403465271, -0.0027674196753650904]]",e404287759c0edd43d593b753244f3083c87eb525241d23c7c2fc3069eb2e8f3,pass,
female,VH_F_rectum,rectum,digestive,774,1498,"[[-0.02385588362812996, 0.7814794182777405, -0.14650557935237885], [0.029071612283587456, 0.8873186111450195, -0.08313643932342529]]",7cf2fe2509514df5842a81731bfb8b1d5a9accc29b30b1409f69eb9304325e7f,pass,
female,VH_F_sigmoid_colon,sigmoid colon,digestive,1330,2555,"[[-0.053754519671201706, 0.8266196846961975, -0.0890328511595726], [0.03427771106362343, 0.8898487091064453, 0.0037842271849513054]]",89eb069caeddce36850217e33b9cd00d69d9e0bb288169b12124c7f73b5e1c45,pass,
female,VH_F_splenic_flexure_of_colon,splenic flexure of colon,digestive,715,1313,"[[0.050400182604789734, 1.0017476081848145, -0.06216336414217949], [0.11526370793581009, 1.0762392282485962, 0.009946770034730434]]",0601699a1138633547d8fbd7306b3b7c5b31d0c81e583f47e0c698897153a2a5,pass,
female,VH_F_duodenum_superior,superior part of duodenum,digestive,441,810,"[[-0.04969744011759758, 1.0398318767547607, -0.0691952183842659], [-0.011244631372392178, 1.0908777713775635, -0.00022676089429296553]]",7e12c5ee01d58e3a870e48b5d9c7eafe3c6d7b9197da9203a99e312af7ba2f61,pass,
female,VH_F_duodenal_ampulla,duodenal ampulla,digestive,411,786,"[[-0.03970484808087349, 1.0281338691711426, -0.023482434451580048], [-0.01093993242830038, 1.0572855472564697, 0.006455487571656704]]",2ee49aef094526e5b1933a84fe8cc53b9ef8247713e856109b32e114ac0350fa,pass,
female,VH_F_duodenum_descending,descending part of duodenum,digestive,443,814,"[[-0.06652910262346268, 1.0275545120239258, -0.07816566526889801], [-0.0313403382897377, 1.0876049995422363, -0.05146569758653641]]",9ae8baa813f7848a59ef06ed3fb2aae70c78df0037488d5a15cae9a611afb1a0,pass,
female,VH_F_sphincter_of_heptopancreatic_ampulla,Sphincter of hepatopancreatic ampulla,digestive,1594,3188,"[[-0.04710247740149498, 1.0396698713302612, -0.06469082087278366], [-0.042129576206207275, 1.044835090637207, -0.059655673801898956]]",3a0f6776b75df39452c9cd68004ef675f2b006badd9efe7df8b9586e3151ba0e,pass,
female,VH_F_duodenum_ascending,ascending part of duodenum,digestive,280,488,"[[-0.005242888815701008, 1.025339961051941, -0.06619530916213989], [0.02155720628798008, 1.0508992671966553, -0.024763358756899834]]",d75fd0824d17b0b030d9979ad15b155e646299eaa6eab81b33c1d18cca2e8513,pass,
female,VH_F_duodenum_horizontal,horizontal part of duodenum,digestive,504,936,"[[-0.05628524348139763, 1.0134296417236328, -0.07272207736968994], [0.008575943298637867, 1.0409209728240967, -0.045003850013017654]]",12aad753ee23c1d65eda39fbe7787cea3caf2f30767db8ef958427021bc7d0f9,pass,
female,VH_F_jejenum,jejunum,digestive,3223,6374,"[[-0.06212623044848442, 0.9091756939888, -0.07333412766456604], [0.0744376927614212, 1.0465896129608154, -0.008929028175771236]]",ef6b31bb501e2ff78b7495af4a68cdbdef6282cfca90c149307d1d7097238ef0,pass,
female,VH_F_ileum,ileum,digestive,5522,10973,"[[-0.08713378012180328, 0.8736768960952759, -0.07697034627199173], [0.07300128042697906, 1.0078192949295044, 0.02182808890938759]]",427ea420d121431c98092486774d95a30d3ad5d2228fbc9d7aeec4c372983c00,pass,
female,VH_F_ileum_terminal,distal part of ileum,digestive,630,1224,"[[-0.07948146760463715, 0.8864390850067139, -0.04221899434924126], [-0.007495788857340813, 0.9540315270423889, -0.026971207931637764]]",3c17c1abf938637464e24fa48778aecdb1176cd4ba98931de7870cb20ea38d97,pass,
female,VH_F_right_hepatic_duct,right hepatic duct,digestive,171,326,"[[-0.052663106471300125, 1.12037193775177, -0.06855779886245728], [-0.03902658447623253, 1.1279504299163818, -0.0596284419298172]]",05fb613b2c0c113665d7c3e8dcc496be3a57e86205e34844a93babac781055c7,pass,
female,VH_F_left_hepatic_duct,left hepatic duct,digestive,196,376,"[[-0.03786679357290268, 1.1217104196548462, -0.059343669563531876], [-0.016881344839930534, 1.1407099962234497, -0.04253910481929779]]",68160d387e19cd2032bdf770538c7d5ffb039fe6da3e4c3d913e101bc215c80d,pass,side_vs_body_midline: review regional laterality; cardiac/hepatic labels can legitimately cross midline
female,VH_F_common_hepatic_duct,common hepatic duct,digestive,245,426,"[[-0.03965213894844055, 1.1140469312667847, -0.06370757520198822], [-0.0330842025578022, 1.1225063800811768, -0.05817623808979988]]",e3ca8ae40ed387a1060a2b2733bf2ac98b15238390ac3e5cea77f3f3b55d8078,pass,
female,VH_F_hepatopancreatic_ampulla,hepatopancreatic ampulla,digestive,344,648,"[[-0.04648091271519661, 1.0402379035949707, -0.06400081515312195], [-0.03841373696923256, 1.0474481582641602, -0.0599716380238533]]",209b869203d43796f4a9b97ffca91c29ae85e5d9ee8926a06f9a34ecf111157a,pass,
female,VH_F_dorsal_pancreatic_duct,dorsal pancreatic duct,digestive,366,708,"[[-0.04178215563297272, 1.0544285774230957, -0.0694812536239624], [-0.0228809155523777, 1.0681986808776855, -0.05813663825392723]]",47276ea08726edca9cacaef2ef9a88e5adedf45771c3bb15c7c526fa5f462fc3,pass,
female,VH_F_common_bile_duct,common bile duct,digestive,234,427,"[[-0.0402967669069767, 1.0461338758468628, -0.0640360414981842], [-0.019023260101675987, 1.114929437637329, -0.05826365947723389]]",561e4437d553b13a8d5aab572136d8409529eccf4fee93085122e6255bc6d6cc,pass,
female,VH_F_ventral_pancreatic_duct,Ventral pancreatic duct,digestive,581,1126,"[[-0.03918810188770294, 1.0455164909362793, -0.10590124130249023], [0.1117204949259758, 1.0795304775238037, -0.042430125176906586]]",5bd9ae328729b2f1fff2587cc220d6cef25ab804b4942e8303de9ad1aff18312,pass,
female,VH_F_cystic_duct,cystic duct,digestive,277,530,"[[-0.051486268639564514, 1.0869439840316772, -0.06858503818511963], [-0.03525432571768761, 1.1167465448379517, -0.06204457953572273]]",f5fd54bdf5fc8103097950aac55833f7a03693c14be32860099b322cd284761a,pass,
female,VH_F_gastric_impression_of_liver,gastric impression of liver,digestive,385,653,"[[-0.0036454414948821068, 1.062983751296997, -0.07579582184553146], [0.09402097761631012, 1.1795926094055176, -0.0011343936203047633]]",410f64eae10588c756c2f585f5051adbb3a5f50c975f121b2f8143349a4f4a07,pass,
female,VH_F_suprarenal_impression_of_liver,Suprarenal impression of liver,digestive,48,59,"[[-0.06846342980861664, 1.099528431892395, -0.13224874436855316], [-0.03795311227440834, 1.1160967350006104, -0.09702840447425842]]",c08315aaf2fc90f8e24d7ccf372704ce6ff9750f74378d0b5dcaf042b591ab1d,pass,
female,VH_F_renal_impression_of_liver,renal impression of liver,digestive,135,209,"[[-0.09399621933698654, 1.0635498762130737, -0.13096632063388824], [-0.0380854457616806, 1.1067934036254883, -0.08119681477546692]]",ebb221cbc7fc6c845287fe54029ed27aa00bc687924518e0ee179903a55b275b,pass,
female,VH_F_duodenal_impression_of_liver,duodenal impression of liver,digestive,44,66,"[[-0.0594903901219368, 1.0830638408660889, -0.08336348086595535], [-0.04547400772571564, 1.0957517623901367, -0.07243173569440842]]",bc73a8eea756b61d5d71d116fb3c2b5652a2fab3ce7c4204889409417bb1801e,pass,
female,VH_F_esophageal_impression_of_liver,esophageal impression of liver,digestive,102,157,"[[0.010792951099574566, 1.1325629949569702, -0.08061622083187103], [0.03451649472117424, 1.1759527921676636, -0.06412878632545471]]",d7586562bfeaa26b064794ac074ae8b98e952465a4162f3f0f0989a9410ab0ca,pass,
female,VH_F_porta_hepatis,porta hepatis,digestive,308,557,"[[-0.057310573756694794, 1.0916392803192139, -0.07437004894018173], [-0.008243336342275143, 1.1292824745178223, -0.033628690987825394]]",b2dc7ab3eedc427107a35ab811cb1b10aafa72f22f94e6e1bef67288356219f9,pass,
female,VH_F_colic_impression_of_liver,colic impression of liver,digestive,99,127,"[[-0.10991223156452179, 1.0573004484176636, -0.08322736620903015], [-0.03303024545311928, 1.0891276597976685, -0.012934878468513489]]",7cf70c173455ad1f0a1364c65ba6c042fa2e42812e8b6a50b12e5e472534b691,pass,
female,VH_F_capsule_of_the_liver,capsule of the liver,digestive,3369,6606,"[[-0.1348661333322525, 1.0573478937149048, -0.1400981992483139], [0.1122201681137085, 1.2272586822509766, 0.012357319705188274]]",73aecc35c3faa2b125e80e2bba922c92f1ce2954f23d5abb997f68382f0e4501,pass,
female,VH_F_bare_area_of_liver,bare area of liver,digestive,697,1290,"[[-0.11884476244449615, 1.0995934009552002, -0.15380553901195526], [0.0411863848567009, 1.2098854780197144, -0.0540321059525013]]",9919d0dfb7c7bf9ab7539e8f0d016a970d3af5551b58643925274606d6666de7,pass,
female,VH_F_diaphragmatic_surface_of_liver,diaphragmatic surface of liver,digestive,1458,2737,"[[-0.11645153909921646, 1.057286024093628, -0.14249920845031738], [0.1114019826054573, 1.1924470663070679, 0.00897550955414772]]",a1988ebafc3a47cf9dd6fadafc96b76ed0340fdcd551d57686419ba7cc2e159a,pass,
female,VH_F_left_anterolateral_segment,left anterolateral segment,digestive,580,1077,"[[-0.03790036961436272, 1.0587395429611206, -0.06175176799297333], [0.09017767012119293, 1.1287678480148315, 0.012332826852798462]]",b3c55449fb38aafa4d0c269853cffa17d44e9bcdac13f671714484d7d7eaf299,pass,
female,VH_F_left_superomedial_segment,left superomedial segment,digestive,754,1416,"[[-0.012802372686564922, 1.1179728507995605, -0.08193647116422653], [0.11214424669742584, 1.194012999534607, 0.005919327028095722]]",fb47560012aebed9de9877b7504cdde33931ae74eae750452ca32fc782610eb6,pass,
female,VH_F_left_superomedial_segment1,left superomedial segment1,digestive,367,634,"[[-0.08796725422143936, 1.1250978708267212, -0.06388180702924728], [0.01742900162935257, 1.2169636487960815, 0.003194032935425639]]",5eb17d4d581437bad1a1c9b2f9c4e32a925629c91b518b0d56ea1595d41a6813,pass,
female,VH_F_left_inferomedial_segment,left inferomedial segment,digestive,191,323,"[[-0.09451890736818314, 1.0642658472061157, -0.023465557023882866], [-0.012802372686564922, 1.1264930963516235, 0.005107450298964977]]",7a304e295651dd1e9002d8bb8da076ca89c29c987a4e7a8c66b7c7b0172cbcc5,pass,side_vs_body_midline: review regional laterality; cardiac/hepatic labels can legitimately cross midline
female,VH_F_quadrate_lobe,quadrate lobe of liver,digestive,330,598,"[[-0.08777671307325363, 1.0607160329818726, -0.06726440787315369], [-0.023581432178616524, 1.1267825365066528, -0.0016464865766465664]]",a9e6c92d4f677fdcd523626778b4643c96f04b3c37aa4354a1bb95fe8a709658,pass,
female,VH_F_right_anterosuperior_segment,right anterosuperior segment,digestive,313,561,"[[-0.13431711494922638, 1.1255338191986084, -0.09502806514501572], [-0.023033007979393005, 1.2270902395248413, -0.015604275278747082]]",4a90f17bcf8bb79c484d4fd7fcff7bb4fad9eab5524503fa1e261677a6ed6318,pass,
female,VH_F_right_posteroinferior_segment,right posteroinferior segment,digestive,292,524,"[[-0.13460873067378998, 1.058902382850647, -0.1522052139043808], [-0.037604816257953644, 1.1327555179595947, -0.09006930887699127]]",df851cbb92e530403b9006ffaa5e75876fc29bdcc95ef581853c0e964f77d5e6,pass,
female,VH_F_right_posterosuperior_segment,right posterosuperior segment,digestive,373,676,"[[-0.1343110352754593, 1.1247470378875732, -0.15377701818943024], [-0.03226787596940994, 1.2200374603271484, -0.09024777263402939]]",68342685d15c9b5f1544afb11ed7a06c8e1b6bb3c3c9c3415ecd596246ec3276,pass,
female,VH_F_right_anteroinferior_segment,right anteroinferior segment,digestive,302,531,"[[-0.1347273588180542, 1.0574487447738647, -0.09278898686170578], [-0.04517248645424843, 1.1327555179595947, -0.011963991448283195]]",ee77a52d0aa53e67785013272a349722fce35d47de93d2a606ad29879ee557e7,pass,
female,VH_F_caudate_lobe,caudate lobe of liver,digestive,637,1176,"[[-0.050473518669605255, 1.0927585363388062, -0.11662663519382477], [0.030446423217654228, 1.2068102359771729, -0.04998481646180153]]",69ace8f2d3e329c7619d6ebe1718f73c5daf19891037bfc8ffc0ab7545179027,pass,
female,VH_F_coronary_ligament_of_liver,coronary ligament of liver,digestive,359,693,"[[-0.12351681292057037, 1.094846248626709, -0.14340360462665558], [0.038809455931186676, 1.2171151638031006, -0.0503590852022171]]",06aade113eaf8ca7307abcf696f7c33801c6073296a3c1501435e5fa886639c4,pass,
female,VH_F_falciform_ligament,falciform ligament,digestive,153,286,"[[-0.03852479159832001, 1.0884530544281006, -0.051487039774656296], [0.016790499910712242, 1.195765733718872, 0.007804466877132654]]",af291d4cdb2b78831f1dde44d41a69132674e741f9b88be5517b9a8c20476590,pass,
female,VH_F_triangular_ligament_of_liver,triangular ligament of liver,digestive,118,209,"[[0.031979747116565704, 1.1878243684768677, -0.08140312880277634], [0.06642086058855057, 1.1952614784240723, -0.07174532860517502]]",1c37a970158ef327eab179546ab0fb94281da845475710c81e654ff74883eb0a,pass,
female,VH_F_ligamentum_venosum,ligamentum venosum,digestive,222,422,"[[-0.002934637013822794, 1.1085017919540405, -0.08456677943468094], [0.0384419709444046, 1.1935462951660156, -0.04972543194890022]]",3aa0d88e4c4e466791d84e779cb53e8f27de5c63cfda8477daf5c62537d04c5a,pass,
female,VH_F_round_ligament_of_liver,round ligament of liver,digestive,250,471,"[[-0.04196837916970253, 1.0810133218765259, -0.04293685406446457], [-0.017031706869602203, 1.1191051006317139, 0.0030297674238681793]]",83b16e166ce34164e37db879081133f80395b1d3b5918eb908e316a4aedee940,pass,
female,VH_F_hepataduodenal_ligament,hepatoduodenal ligament,digestive,426,812,"[[-0.06146339327096939, 1.086928129196167, -0.07472928613424301], [-0.0006794559303671122, 1.116957664489746, -0.0361003503203392]]",a419aa7b75113cb4d1768a8f61a120beb78911daca3b47f14f67cf95901b2e38,pass,
female,VH_F_tail_of_pancreas,tail of pancreas,digestive,510,982,"[[0.0420064739882946, 1.043583631515503, -0.11208879202604294], [0.11807678639888763, 1.083028793334961, -0.04987296834588051]]",967995a4ab88cc411db636b2ada3bf68231ea0de91df1c24e308176ac185233b,pass,
female,VH_F_body_of_pancreas,body of pancreas,digestive,667,1265,"[[-0.010571395047008991, 1.0465885400772095, -0.07602794468402863], [0.05372413620352745, 1.0888381004333496, -0.02771533839404583]]",8851d8176cade89f16bf1f47b81e7190047e15a7a08df2faf05c970d8656b95b,pass,
female,VH_F_ucinate_process1,uncinate process of pancreas,digestive,271,488,"[[-0.040230631828308105, 1.0322997570037842, -0.06941457837820053], [-0.0008083721622824669, 1.0540858507156372, -0.04676628112792969]]",45d338523ee4e8cff1cede62157b8154d596e0e04a1e13edfcab8ae1acaca9ef,pass,
female,VH_F_head_of_pancreas,head of pancreas,digestive,928,1786,"[[-0.05395494028925896, 1.0434352159500122, -0.07958701997995377], [-2.358479832764715e-05, 1.0874799489974976, -0.03920144960284233]]",ae8104db2aeeafbe73da321c23844b62d0ed7559a3ff7a88ee197dab285ef9b9,pass,
female,VH_F_neck_of_pancreas,Neck of pancreas,digestive,268,451,"[[-0.020204180851578712, 1.052498459815979, -0.05289842560887337], [0.001298363320529461, 1.0765280723571777, -0.03426116704940796]]",ddd412f0b5b9114397d955b2809cb8fff107c2a786cfa0cc2dc020cdf8801dfb,pass,
female,VH_F_gallbladder,gallbladder,digestive,816,1628,"[[-0.08931174874305725, 1.0509533882141113, -0.07164299488067627], [-0.04840186610817909, 1.0888792276382446, -0.019629456102848053]]",0fb37bd99e6ccde16c9580372f999c15320d1134ee2bf70c7540f64c31b2b32b,pass,
female,VH_F_kidney_capsule_L,kidney capsule,urinary,1646,3288,"[[0.04005156829953194, 0.9705370664596558, -0.139386385679245], [0.11316228657960892, 1.095393419265747, -0.061940714716911316]]",06401b0d6774faf8c63de9d8e1698d16d22397a90adee9bba2c52374afcb71f7,pass,
female,VH_F_hilum_of_kidney_L,hilum of kidney,urinary,1190,2229,"[[0.04433417320251465, 1.001267910003662, -0.106826052069664], [0.08287303894758224, 1.074234127998352, -0.06654682755470276]]",defd72bb6dbf61ffb75584ed61eb4a388dd74bfd3fd68ccd533dae4e09da4d88,pass,
female,VH_F_renal_papilla_L_a,renal papilla,urinary,44,70,"[[0.06617489457130432, 1.062152624130249, -0.11351031810045242], [0.07006396353244781, 1.0664117336273193, -0.10862156003713608]]",12ac2aaa31a34bd5ef4dc1f7b90741d99c9c3895393cc38c4d5b4aa82b872545,pass,
female,VH_F_renal_papilla_L_b,renal papilla,urinary,33,50,"[[0.0715339258313179, 1.0617543458938599, -0.11208982020616531], [0.07503000646829605, 1.065436840057373, -0.10773972421884537]]",3c0f465e43b952cc10b610ecd7ea2dde35be624384113548629b0c8df9394390,pass,
female,VH_F_renal_papilla_L_c,renal papilla,urinary,28,42,"[[0.07306274026632309, 1.0513075590133667, -0.11838918179273605], [0.07820040732622147, 1.0558443069458008, -0.11542647331953049]]",17dbe1122b1d5d88d434a422b3e6da47a58e62c3da8f01311ab1137e994f45c6,pass,
female,VH_F_renal_papilla_L_d,renal papilla,urinary,48,78,"[[0.07381825894117355, 1.049377679824829, -0.11433839797973633], [0.07853297144174576, 1.0527011156082153, -0.1101880818605423]]",a57e628019e488e62085279f777081dbcfccab76be2a235a8050060b86cf6023,pass,
female,VH_F_renal_papilla_L_e,renal papilla,urinary,42,66,"[[0.0780252069234848, 1.051479697227478, -0.11253286153078079], [0.08076024800539017, 1.056447148323059, -0.10896100103855133]]",df66344c53701d15697cec0846b4200156db3ee4fa83bfa4edca3d28b3a62bab,pass,
female,VH_F_renal_papilla_L_f,renal papilla,urinary,46,72,"[[0.08378361165523529, 1.0263421535491943, -0.09354568272829056], [0.08650947362184525, 1.0332204103469849, -0.08763048052787781]]",1caf1ee591bb86204ccaf87c2c851555beb3645b18e7f9b06a048341f6068a0b,pass,
female,VH_F_renal_papilla_L_g,renal papilla,urinary,35,50,"[[0.07454095035791397, 1.0156110525131226, -0.10364246368408203], [0.08107130229473114, 1.0233101844787598, -0.10041095316410065]]",bce9dbb3caf939b723b5de647ce57b4e0f8c1bf87112068406a419b26ba30951,pass,
female,VH_F_renal_papilla_L_h,renal papilla,urinary,38,60,"[[0.08759096264839172, 1.0188060998916626, -0.09266255050897598], [0.09034600853919983, 1.0228781700134277, -0.08831403404474258]]",f15b65d46660addbd34c575b4b9326b6e3b5ba014a9cbace2dd97e73eeb2e095,pass,
female,VH_F_renal_papilla_L_i,renal papilla,urinary,41,62,"[[0.08143289387226105, 0.9993368983268738, -0.08578932285308838], [0.08574356138706207, 1.0065423250198364, -0.08202409744262695]]",3eb85a4f2b9f6e433ce5dc1a7ef743691582f529b32f387219175b2cc967e6fb,pass,
female,VH_F_renal_papilla_L_j,renal papilla,urinary,53,86,"[[0.0752747505903244, 0.9964982867240906, -0.09366912394762039], [0.08034925162792206, 1.0019911527633667, -0.08867400884628296]]",bce321223824153f9a254a688fde9bdfe730bb7f9b8080e07c219d51d1d8b3ae,pass,
female,VH_F_renal_papilla_L_k,renal papilla,urinary,60,102,"[[0.08031198382377625, 0.9941928386688232, -0.08502727001905441], [0.08611124753952026, 0.9986362457275391, -0.08018933981657028]]",bbc9dde74830c7584ec65a61e6acf8aa3ee4390b3212799ce729ec18e6760e2d,pass,
female,VH_F_renal_pyramid_L_a,renal pyramid,urinary,982,1946,"[[0.04795345291495323, 1.0386836528778076, -0.12892861664295197], [0.0701276957988739, 1.0876389741897583, -0.09421319514513016]]",59459183e8a1bce93748975a312ce61013af244541d64a55332be70b3bd12d2f,pass,
female,VH_F_renal_pyramid_L_b,renal pyramid,urinary,460,904,"[[0.06840518116950989, 1.054311752319336, -0.11564532667398453], [0.08302880823612213, 1.0752134323120117, -0.08881530910730362]]",97ead6e3394bb98aa108f825dd4098a0624529df31f22c0b05bb6a649fa58b45,pass,
female,VH_F_renal_pyramid_L_c,renal pyramid,urinary,329,644,"[[0.06943705677986145, 1.051147699356079, -0.1319991499185562], [0.08625096827745438, 1.0681530237197876, -0.11550389230251312]]",ca5afb92e22097ccec17a81f88164e0b667a70b1ad5d9cfd72df6ab5b9270526,pass,
female,VH_F_renal_pyramid_L_d,renal pyramid,urinary,599,1180,"[[0.06022220477461815, 1.0317652225494385, -0.12704423069953918], [0.09821433573961258, 1.0516444444656372, -0.10879325866699219]]",a78bcd3c1f6d06c785aa0148adf61524e757a6ed687f8ce6aa969b260e425036,pass,
female,VH_F_renal_pyramid_L_e,renal pyramid,urinary,581,1144,"[[0.07848113775253296, 1.040310025215149, -0.11739179491996765], [0.10464747250080109, 1.0607891082763672, -0.09278968721628189]]",d5eae45814dcc3e5a92348cd962015453603362f421c6f13f3f8c51cf1430037,pass,
female,VH_F_renal_pyramid_L_f,renal pyramid,urinary,688,1357,"[[0.07162977755069733, 1.0217152833938599, -0.10639914870262146], [0.10604783147573471, 1.0483943223953247, -0.07458195835351944]]",b2f575f43d3eef889c5349222d3c1f4a340aaa9292524ba05ca9003bc07ddf50,pass,
female,VH_F_renal_pyramid_L_g,renal pyramid,urinary,1100,2183,"[[0.05922000855207443, 0.9997907280921936, -0.1228482574224472], [0.09759365767240524, 1.0310226678848267, -0.09872309118509293]]",9da6910d092e60cf59496318bc35e1c34267d209b5a03cf90878adaef8b74043,pass,
female,VH_F_renal_pyramid_L_h,renal pyramid,urinary,343,670,"[[0.08783098310232162, 1.006174921989441, -0.1017100140452385], [0.10522914677858353, 1.0227605104446411, -0.07884824275970459]]",be237103d2c91d7e9c9c1f6c027d91ddcbbd401d293846aabdc08d80973b32dc,pass,
female,VH_F_renal_pyramid_L_i,renal pyramid,urinary,546,1072,"[[0.07827804982662201, 0.9927816390991211, -0.09452415257692337], [0.10150130093097687, 1.0235154628753662, -0.06758322566747665]]",4fa1c28f80ff32e057d8f2d6f1b86cffd71a31f97ea6f8f42bfebc411c8d97dd,pass,
female,VH_F_renal_pyramid_L_j,renal pyramid,urinary,587,1154,"[[0.05895138904452324, 0.9840467572212219, -0.10634202510118484], [0.08348739147186279, 1.0105490684509277, -0.08342466503381729]]",d591a83e41de03110deb54bf5d8a3de8675e16c82aa50ff06d26b203a1bf166c,pass,
female,VH_F_renal_pyramid_L_k,renal pyramid,urinary,541,1064,"[[0.06824538111686707, 0.9776089191436768, -0.08965129405260086], [0.09610850363969803, 1.0009185075759888, -0.07091074436903]]",a0cd58950dfa20a06a818a746e83ee54d886565a8c998d8fc12e9c458a9b3f1c,pass,
female,VH_F_renal_column_L,renal column,urinary,3243,6437,"[[0.05143791437149048, 0.9808804392814636, -0.13005654513835907], [0.10407403856515884, 1.0829722881317139, -0.07165829092264175]]",0dbc5e12ee466f8e9520c668cc07e176f4be88009ad72ab6bfdeca4c17ba2936,pass,
female,VH_F_outer_cortex_of_kidney_L,outer cortex of kidney,urinary,1680,3356,"[[0.040669769048690796, 0.9708232879638672, -0.1390341967344284], [0.11296729743480682, 1.0942573547363281, -0.06207120791077614]]",66eccf633d473638a59108a17f09b81813df3f4e6bd92729cd25f765bdae7064,pass,
female,VH_F_kidney_capsule_R,kidney capsule,urinary,1666,3328,"[[-0.1087215319275856, 0.9933799505233765, -0.13443805277347565], [-0.035330820828676224, 1.0912114381790161, -0.06489789485931396]]",abcdf67e9bc2355eda206d3793e69583788b8fff0bc75782e695ea535f6bea87,pass,
female,VH_F_hilum_of_kidney_R,hilum of kidney,urinary,1257,2335,"[[-0.08308717608451843, 1.0198040008544922, -0.10493690520524979], [-0.04479450732469559, 1.0672807693481445, -0.07525740563869476]]",a2360e6962c468b1892ed175992e9a3846a82f2671ca37a5590fbd77f3e600a5,pass,
female,VH_F_outer_cortex_of_kidney_R,outer cortex of kidney,urinary,2152,4300,"[[-0.10803420096635818, 0.9941490888595581, -0.13378700613975525], [-0.03600793331861496, 1.090373158454895, -0.06565389782190323]]",8058f4c662fa816578bf1531e7f9c385a6a7d4233c5fd6943048f0f27ebbb69e,pass,
female,VH_F_renal_column_R,renal column,urinary,3747,7396,"[[-0.10004356503486633, 0.9999121427536011, -0.1259564459323883], [-0.04160062223672867, 1.0804476737976074, -0.07164070755243301]]",01819993f29940ecb007e61efe612a60b5a31995a908dd7324b9c480fff7961b,pass,
female,VH_F_renal_papilla_R_a,renal papilla,urinary,70,122,"[[-0.06218768283724785, 1.062961459159851, -0.11376632750034332], [-0.05828362703323364, 1.0678894519805908, -0.1088547557592392]]",7b1783bd603b72a946d309e3884b18dc39a4200e2cbfe681df2c3ec30f5484de,pass,
female,VH_F_renal_papilla_R_b,renal papilla,urinary,36,58,"[[-0.05639124661684036, 1.0619378089904785, -0.11375011503696442], [-0.05383043736219406, 1.0664418935775757, -0.1103341281414032]]",14894881fd0a121f898505177adb3835c225412f4ef53b4adb900ea751cc941d,pass,
female,VH_F_renal_papilla_R_c,renal papilla,urinary,48,80,"[[-0.07521344721317291, 1.0584571361541748, -0.1147930845618248], [-0.07111959159374237, 1.0639417171478271, -0.10983763635158539]]",41a186b1cc819883f2fd40c6ba2b03b0375c5a909d5757bb0452e6d11de9d0f6,pass,
female,VH_F_renal_papilla_R_d,renal papilla,urinary,46,72,"[[-0.07301755994558334, 1.0513912439346313, -0.11390767991542816], [-0.06897556036710739, 1.0579686164855957, -0.11025919020175934]]",7f426238f0cbb8be1cea93259c6d490e5cf52ccb78974a2579b0f9ee3230739b,pass,
female,VH_F_renal_papilla_R_e,renal papilla,urinary,63,106,"[[-0.08139079809188843, 1.0473679304122925, -0.09450919926166534], [-0.07778023928403854, 1.0516992807388306, -0.09052715450525284]]",c4e49fa3e1bf54df97ed5052d5ce5c7e566714a134f6e0dfe97d32adbc60ad7a,pass,
female,VH_F_renal_papilla_R_f,renal papilla,urinary,50,81,"[[-0.08113663643598557, 1.0450067520141602, -0.09962651878595352], [-0.07916056364774704, 1.0487890243530273, -0.09502208232879639]]",66911d7cdf696dd06d647fcc52dcc382b89e1fb4fc49986dd47b43000b79ccfe,pass,
female,VH_F_renal_papilla_R_g,renal papilla,urinary,71,124,"[[-0.08324696123600006, 1.0236536264419556, -0.10292604565620422], [-0.08023157715797424, 1.0267298221588135, -0.09881021082401276]]",31e67fc72fdf2551c59e3e188f2a7e7110bfffb8f0eef497c1c7bf3a91c7c85f,pass,
female,VH_F_renal_papilla_R_h,renal papilla,urinary,19,26,"[[-0.08511818945407867, 1.0281164646148682, -0.0865614265203476], [-0.08285130560398102, 1.0317133665084839, -0.08278585225343704]]",7db5c47b994d3e75c600fc620aff6dac3abaef2f10b6752fe685fb5cbb5a4948,pass,
female,VH_F_renal_papilla_R_i,renal papilla,urinary,62,104,"[[-0.08504489064216614, 1.0166312456130981, -0.09490109980106354], [-0.08001004904508591, 1.020133376121521, -0.09152200818061829]]",e5a50d23a12b441892a0c0ff68204028567d1f8e2cfec594dcb23fab9b7230de,pass,
female,VH_F_renal_papilla_R_j,renal papilla,urinary,47,78,"[[-0.081885926425457, 1.015333652496338, -0.08340257406234741], [-0.07802293449640274, 1.0193560123443604, -0.07968917489051819]]",1e1362dc7f9876558dbfada0aa5069ec2c5f0d10caee457a960702a49b1ea229,pass,
female,VH_F_renal_pyramid_R_a,renal pyramid,urinary,939,1860,"[[-0.06582176685333252, 1.053296446800232, -0.12726706266403198], [-0.04545842111110687, 1.08530592918396, -0.09872154146432877]]",b2d6cdd3557f763b99f3e6e648039fb9a50d7639931c224bfa3c12f1ee6c7785,pass,
female,VH_F_renal_pyramid_R_b,renal pyramid,urinary,404,794,"[[-0.056699808686971664, 1.0447181463241577, -0.11384893953800201], [-0.04291539639234543, 1.0713932514190674, -0.09922889620065689]]",1be3de5103698503b48921b444a8c02bb56b2f7b411bf63d5f1cca22979aa13a,pass,
female,VH_F_renal_pyramid_R_c,renal pyramid,urinary,836,1656,"[[-0.092692069709301, 1.0543268918991089, -0.1271144449710846], [-0.06486190855503082, 1.076123595237732, -0.09954473376274109]]",77dd11290a653824671cd4bc6882114a81b3b80cc8e33b50f630f9d7a6f1c952,pass,
female,VH_F_renal_pyramid_R_d,renal pyramid,urinary,796,1572,"[[-0.08375894278287888, 1.0350711345672607, -0.1274588406085968], [-0.05906752124428749, 1.0661516189575195, -0.10476872324943542]]",37094bdbbcc86a93168d9e9140de8614bf9b92fc285d9f3181ed2ba21a7b7f8a,pass,
female,VH_F_renal_pyramid_R_e,renal pyramid,urinary,873,1726,"[[-0.08900592476129532, 1.043875813484192, -0.09683994948863983], [-0.062248535454273224, 1.0672024488449097, -0.07283447682857513]]",073df4f8d00571eeb4987d9995a0e640c120d7f1d02a683a5e771b0c1094702c,pass,
female,VH_F_renal_pyramid_R_f,renal pyramid,urinary,747,1476,"[[-0.09942200779914856, 1.0385656356811523, -0.11720948666334152], [-0.08058765530586243, 1.0523607730865479, -0.08461479097604752]]",e8b04cb255b32bcf1e580a2fff1b20857432f57f0180fe0f53c8bc765b30b8a7,pass,
female,VH_F_renal_pyramid_R_g,renal pyramid,urinary,857,1698,"[[-0.09725014120340347, 1.0177685022354126, -0.11741897463798523], [-0.06349658221006393, 1.0324020385742188, -0.09776150435209274]]",e09c3729109e00504b1cdcc713368022534a3797dc4df7ad196d135831f19413,pass,
female,VH_F_renal_pyramid_R_h,renal pyramid,urinary,765,1518,"[[-0.10199489444494247, 1.0210527181625366, -0.09633628278970718], [-0.06815332919359207, 1.0387111902236938, -0.0695267915725708]]",f152c1638cec9df5da5b7ce1de839398a9a6b2047c2f1d568573d90500be4441,pass,
female,VH_F_renal_pyramid_R_i,renal pyramid,urinary,613,1206,"[[-0.09707077592611313, 1.0057162046432495, -0.1033148542046547], [-0.06502987444400787, 1.0205672979354858, -0.08949106931686401]]",e82abb0607e421c4fae10c3dd9cffeffe7b11500003ba58c65bee60ead6cce9b,pass,
female,VH_F_renal_pyramid_R_j,renal pyramid,urinary,1129,2242,"[[-0.09368892759084702, 0.9980542659759521, -0.08980970084667206], [-0.06103358790278435, 1.024883508682251, -0.06908649206161499]]",b0451b6be216fd23effe9366e3db3565801c4a8e50ee7b5675741f134f1498ad,pass,
female,VH_F_minor_calyx_R_a,minor calyx,urinary,496,902,"[[-0.06770940870046616, 1.054948329925537, -0.11467066407203674], [-0.05341233313083649, 1.0671770572662354, -0.10610738396644592]]",be2a49b159738418c84d9354e449c121308ebd899e1faa4be8669ba0861833ad,pass,
female,VH_F_minor_calyx_R_b,minor calyx,urinary,547,963,"[[-0.06941087543964386, 1.0526771545410156, -0.11528076231479645], [-0.05635090544819832, 1.0686122179031372, -0.10598531365394592]]",1024772f24d45dfc3d6d031168b9c6e375ba2f798260f163137f2fb836d362cd,pass,
female,VH_F_minor_calyx_R_c,minor calyx,urinary,409,726,"[[-0.07461956143379211, 1.0504050254821777, -0.11582466214895248], [-0.06653570383787155, 1.0623736381530762, -0.10734269767999649]]",3547ee0769b98521df639215978e6369faaa29327649b4e4bd9062494d0334b6,pass,
female,VH_F_minor_calyx_R_d,minor calyx,urinary,605,1136,"[[-0.0761081799864769, 1.052507758140564, -0.11676543205976486], [-0.06799498200416565, 1.0658406019210815, -0.10610832273960114]]",3cffa4b0238fee8f96cfbefd8c2de0458690201810b748cc6ca7bd3074e8ac0f,pass,
female,VH_F_minor_calyx_R_e,minor calyx,urinary,464,843,"[[-0.08244818449020386, 1.0441339015960693, -0.10087904334068298], [-0.07555215805768967, 1.051514744758606, -0.0932711660861969]]",4c7395fc18ccfdd65317df694893c28f5380a1c7ff343d9428ce51d9ae398afb,pass,
female,VH_F_minor_calyx_R_f,minor calyx,urinary,563,1056,"[[-0.08237840235233307, 1.045677900314331, -0.09833871573209763], [-0.07478322088718414, 1.0533376932144165, -0.08892379701137543]]",6e914938ea64161249ca3264df79af954c11be2ac4b94fca08055da09acf3052,pass,
female,VH_F_minor_calyx_R_g,minor calyx,urinary,643,1242,"[[-0.08445581048727036, 1.0233244895935059, -0.1044619157910347], [-0.07751668244600296, 1.0286033153533936, -0.0960005447268486]]",ff70c3bf7eaf86e83cb734d8dd6f2810523b750b5cbaf47c84f6e750f84313ab,pass,
female,VH_F_minor_calyx_R_h,minor calyx,urinary,369,706,"[[-0.08477143198251724, 1.0169697999954224, -0.09608782827854156], [-0.07830628007650375, 1.0229673385620117, -0.09045367687940598]]",4c23286843c82d60315e0aca4411f75f09cd2e225f24caa75092fe961cae6acb,pass,
female,VH_F_minor_calyx_R_i,minor calyx,urinary,578,1116,"[[-0.08623215556144714, 1.0258206129074097, -0.08919140696525574], [-0.07912728935480118, 1.0348056554794312, -0.08117592334747314]]",82c1cd7dfb8f270b3b4298d31eab8c9c53007e3775252c9d397e502ff54ec18c,pass,
female,VH_F_minor_calyx_R_j,minor calyx,urinary,879,1722,"[[-0.08477939665317535, 1.0139005184173584, -0.08693137764930725], [-0.07382889091968536, 1.0243334770202637, -0.07681534439325333]]",ba2d1180a62a0c366d092583f9874bb10576ff083bb5c6420fefcffe514e0e9c,pass,
female,VH_F_major_calyx_R_a,major calyx,urinary,529,946,"[[-0.07313825935125351, 1.0434774160385132, -0.10938366502523422], [-0.06574022024869919, 1.057446002960205, -0.09608455747365952]]",658ffb5b8d9a874975fc293c1113a378825b8ffd01e6758d25fbc3de2e76a909,pass,
female,VH_F_major_calyx_R_b,major calyx,urinary,344,570,"[[-0.07606134563684464, 1.0426039695739746, -0.10179393738508224], [-0.06875281035900116, 1.050919532775879, -0.09576240926980972]]",3c5eb96641c09628060a7b535c262ab1d010f551cca79c26ecd9e1cc899ba3a6,pass,
female,VH_F_major_calyx_R_c,major calyx,urinary,961,1728,"[[-0.08478949964046478, 1.0222907066345215, -0.09661275893449783], [-0.07126639038324356, 1.0334876775741577, -0.08520756661891937]]",ca5b8d43aab6ec6e1922ce82f2b8951ee1000996610fbeed0a1aa99f5ce76f01,pass,
female,VH_F_renal_pelvis_R,renal pelvis,urinary,964,1784,"[[-0.07289521396160126, 1.0273933410644531, -0.09892194718122482], [-0.054390933364629745, 1.047136902809143, -0.08536100387573242]]",e3fc7e8acf0f1fa43d0ee90cf358dd8fa612016e4e2e6e1da6b70a93d5b43aad,pass,
female,VH_F_right_ureter,right ureter,urinary,1426,2848,"[[-0.06973984837532043, 0.8059372901916504, -0.08923254162073135], [-0.034442342817783356, 1.0302810668945312, -0.05355392396450043]]",99f4b52fd2f6c15f652750e2a9106ae00b3fffdb28af2d91d7cd0169533725b6,pass,
female,VH_F_minor_calyx_L_a,minor calyx,urinary,914,1741,"[[0.05890164151787758, 1.055501103401184, -0.11536754667758942], [0.07336634397506714, 1.0698838233947754, -0.10679882019758224]]",d27ad382626464e20558ea044cd8f7f85aadef2992bc1aecb5eb34b74a539169,pass,
female,VH_F_minor_calyx_L_b,minor calyx,urinary,375,674,"[[0.06997614353895187, 1.0572640895843506, -0.11404683440923691], [0.07618655264377594, 1.0672383308410645, -0.10642482340335846]]",a108e55ff329ae6ba040225407567bb87d5cdbc1dd0930a0a6ffe04931f9a2a5,pass,
female,VH_F_minor_calyx_L_c,minor calyx,urinary,749,1408,"[[0.06940515339374542, 1.0484124422073364, -0.11684568226337433], [0.08066611737012863, 1.0593763589859009, -0.10826397687196732]]",58043ba4da3e90e585d2f45b38f043f40658b8e576eea12aa504642ccbc353fa,pass,
female,VH_F_minor_calyx_L_d,minor calyx,urinary,332,597,"[[0.07322525978088379, 1.049679160118103, -0.11387736350297928], [0.08112464100122452, 1.0593763589859009, -0.10816934704780579]]",a46803c10e37ea0826387e1f864b40b03f5135a01146d024b6951ea9a032f3d6,pass,
female,VH_F_minor_calyx_L_e,minor calyx,urinary,601,1164,"[[0.07299800962209702, 1.0129822492599487, -0.1069660633802414], [0.08265216648578644, 1.024771809577942, -0.09843304753303528]]",a7d7969b68229d03ef1744afc9b3fcbd1b0a563560414690f9e2558395836cf6,pass,
female,VH_F_minor_calyx_L_f,minor calyx,urinary,640,1216,"[[0.08167369663715363, 1.0235754251480103, -0.09416524320840836], [0.09113557636737823, 1.0342453718185425, -0.0868658646941185]]",200433d23a9e598b5445728d8a27d8434e50bc5a34f17ea460e955ced5a1111e,pass,
female,VH_F_minor_calyx_L_g,minor calyx,urinary,431,798,"[[0.08248139917850494, 1.0177528858184814, -0.09401566535234451], [0.0921245813369751, 1.0246059894561768, -0.08710411936044693]]",c015f8e5b4d79a4e20a614cb3773fe76f0f548f971acdeaee96ac0e476fde321,pass,
female,VH_F_minor_calyx_L_h,minor calyx,urinary,723,1350,"[[0.07756023854017258, 0.9966275691986084, -0.08835187554359436], [0.08737289160490036, 1.0105959177017212, -0.07927875965833664]]",e6c060ddf1e6d823dab32da58407fcf0dbc5f3872e8af088659decc7e48ec69a,pass,
female,VH_F_minor_calyx_L_i,minor calyx,urinary,371,700,"[[0.07527926564216614, 0.9968626499176025, -0.09345510601997375], [0.08180796355009079, 1.0073237419128418, -0.08597391843795776]]",31b76f0ff61aa259fe5f658e84b2e56023dc48142e4bc4f440060c868523141b,pass,
female,VH_F_minor_calyx_L_j,minor calyx,urinary,416,726,"[[0.07694816589355469, 0.993575930595398, -0.08933113515377045], [0.08769404888153076, 1.0079306364059448, -0.07975466549396515]]",82c44dbb826a8b7288c67863bc77e573a71906001da94f8937e50821b317df6b,pass,
female,VH_F_major_calyx_L_a,major calyx,urinary,416,740,"[[0.06436197459697723, 1.0389823913574219, -0.11018235236406326], [0.07464274764060974, 1.0574719905853271, -0.09742898494005203]]",73fe5427d850b9d79d7837a3c52c8692ee1d1269e7990d8b48a082e7d03462fa,pass,
female,VH_F_major_calyx_L_b,major calyx,urinary,405,713,"[[0.07117663323879242, 1.0192774534225464, -0.10028328001499176], [0.07771472632884979, 1.026118516921997, -0.09018085151910782]]",1f88af65b756efe906abd4f7e213e8f768a0e69a70db94a42b3a02854ad85c37,pass,
female,VH_F_major_calyx_L_c,major calyx,urinary,464,796,"[[0.07096529752016068, 1.0165200233459473, -0.09420613944530487], [0.08303812891244888, 1.0265318155288696, -0.08695708960294724]]",252c57b067678a3c1d903a924384e34b2369b067845aa0dbb995dd5deaf948f0,pass,
female,VH_F_major_calyx_L_d,major calyx,urinary,371,643,"[[0.07054843008518219, 1.0053651332855225, -0.09064450114965439], [0.07978328317403793, 1.0221141576766968, -0.08506979048252106]]",23c8cbc4b5fec47657aecf3132b738236be5bb1e8056f86a54aeb38d33d0ca16,pass,
female,VH_F_renal_pelvis_L,renal pelvis,urinary,870,1606,"[[0.05957278609275818, 1.0176631212234497, -0.09872148185968399], [0.0721089318394661, 1.0419291257858276, -0.08268268406391144]]",445e9f203d91c73133affd7c44ad37ced8449ed767b765fd82189d394459f9a9,pass,
female,VH_F_left_ureter,left ureter,urinary,1645,3286,"[[0.00963280163705349, 0.8038890957832336, -0.08789537847042084], [0.0631011426448822, 1.0235406160354614, -0.051182616502046585]]",683fbe5fc70c7d3df5806469812d2c963fa69d8af68631cdd01357e1be43d2e9,pass,
female,VH_F_fundus_of_urinary_bladder_dome,fundus of urinary bladder,urinary,1406,2621,"[[-0.040533311665058136, 0.8025636076927185, -0.05876102298498154], [0.01143630687147379, 0.820982038974762, 0.0024150912649929523]]",cbe0acc5040d5e29e62596ebf56b9758d202e66d98bc32345ef6e62b1286e009,pass,
female,VH_F_urinary_bladder_neck_smooth_muscle,urinary bladder neck smooth muscle,urinary,451,822,"[[-0.01607695035636425, 0.7767669558525085, -0.05493762716650963], [-0.00919598899781704, 0.7810047268867493, -0.0492430105805397]]",0f5bbddc43db63461f8a111ba6f009c2be0db280150e6e3ab162f91a8b568fa7,pass,
female,VH_F_fundus_of_urinary_bladder_base,fundus of urinary bladder,urinary,2959,5615,"[[-0.04052138701081276, 0.779538631439209, -0.059270985424518585], [0.01143630687147379, 0.8149107694625854, 0.0024150912649929523]]",17e365ec719da4e2edbbfb528409ddd4e37fed27b0093526e19678e8bb495c15,pass,
female,VH_F_trigone_of_urinary_bladder,trigone of urinary bladder,urinary,225,370,"[[-0.03412303701043129, 0.7804318070411682, -0.055649757385253906], [0.00866294838488102, 0.806786298751831, -0.050865285098552704]]",6fdcc5b909eddf4ec7257da7d577b96df7ce70c8144c93efc552d2ee76ecaa14,pass,
female,VH_F_ureteral_orifice_R,Right ureteral orifice,urinary,99,167,"[[-0.036559198051691055, 0.8043720126152039, -0.05600558966398239], [-0.03312330320477486, 0.8077678084373474, -0.053813934326171875]]",369cbc12a9f05bd18f579e11044a6d388d06e2c69b11984e2d2233ac9aecff78,pass,
female,VH_F_ureteral_orifice_L,Left ureteral orifice,urinary,110,179,"[[0.00818664487451315, 0.803226113319397, -0.05201484635472298], [0.010536002926528454, 0.8066102862358093, -0.04904640093445778]]",f6f0c48f54ae46ed1a9a169b557efc4a161a30b7d502ec5b15958116c2c4a45a,pass,
female,VH_F_interventricular_septum,interventricular septum,cardiac,1712,3424,"[[0.014379502274096012, 1.1911298036575317, -0.07709791511297226], [0.08257827907800674, 1.2571828365325928, -0.017243627458810806]]",74e2c2c360e789146374ac3efe6aea3294fc743d99df38772d9b56929f727800,pass,
female,VH_F_left_cardiac_atrium,left cardiac atrium,cardiac,1824,3391,"[[-0.03232482075691223, 1.2245664596557617, -0.10404525697231293], [0.041768211871385574, 1.289894461631775, -0.04874409735202789]]",5e572cc8f1a0097429bf75f8dd40e462a591097516980d4d8ef61980edf3c010,pass,
female,VH_F_left_ventricle,heart left ventricle,cardiac,1461,2918,"[[0.010332913137972355, 1.1899532079696655, -0.10660556703805923], [0.10758949816226959, 1.2728842496871948, -0.01871385984122753]]",f966aba2ed1c3fd332b5030376935fb543eda5cfc9d33b6eab9212a7beb2771b,pass,
female,VH_F_right_cardiac_atrium,right cardiac atrium,cardiac,1397,2802,"[[-0.03492063283920288, 1.1926243305206299, -0.09531635046005249], [0.015613789670169353, 1.2760255336761475, -0.016641635447740555]]",70e53348c0aef2b313eb244eb57b67b5ab47364c060b88a41c21f20dd4c67828,pass,
female,VH_F_right_ventricle,heart right ventricle,cardiac,2298,4554,"[[-0.006416316609829664, 1.183894395828247, -0.06412573903799057], [0.0864141508936882, 1.2938077449798584, -0.0051424503326416016]]",7c17a1d143f46cef0ff79646b3ddd6a1bc8bd2c8ae22f4f3edcc1e26d2aa77ab,pass,
female,VH_F_papillary_muscle_of_heart_ant,Anterior papillary muscle of left ventricle,cardiac,282,522,"[[0.028685906901955605, 1.206107258796692, -0.021944541484117508], [0.059065960347652435, 1.2237387895584106, -0.012879895977675915]]",c13bc275b2d5fa0f3f871392e0e14305767b3f1e1df35126f404f7078a5a764a,pass,
female,VH_F_papillary_muscle_of_heart_antlat,Anterolateral head of lateral papillary muscle of left ventricle,cardiac,821,1638,"[[0.04736406356096268, 1.2214648723602295, -0.07756812870502472], [0.08328864723443985, 1.2508022785186768, -0.04903716593980789]]",5f978070e3e56a8df14dfc95500bf663000e6ffec4412952a96e3c9e46bf6267,pass,
female,VH_F_papillary_muscle_of_heart_med,Septal papillary muscle of right ventricle,cardiac,49,80,"[[0.030074292793869972, 1.2132223844528198, -0.04166736826300621], [0.03764845430850983, 1.2196085453033447, -0.03406526520848274]]",60aa98a3904c64ed5345cbbc97c3f6de76180b48fa9edfa8a4e002848dc89ce8,pass,side_vs_body_midline: review regional laterality; cardiac/hepatic labels can legitimately cross midline
female,VH_F_papillary_muscle_of_heart_pos,Posterior papillary muscle of right ventricle,cardiac,46,76,"[[0.021773561835289, 1.199156403541565, -0.03585335612297058], [0.02782626636326313, 1.204581379890442, -0.029616951942443848]]",caf93e22ed313b6fd271f1b91ca2479df15aecc100a4dea62502c9f9439eeed9,pass,side_vs_body_midline: review regional laterality; cardiac/hepatic labels can legitimately cross midline
female,VH_F_papillary_muscle_of_heart_posmed,Posteromedial head of posterior papillary muscle of left ventricle,cardiac,459,914,"[[0.04811597615480423, 1.2084883451461792, -0.06971502304077148], [0.07871497422456741, 1.2323535680770874, -0.04208806902170181]]",28fd43a87341b401a6118520b1900e59a3328baa323c84bd801035ca37ce23fe,pass,
female,VH_F_aortic_valve,aortic valve,cardiac,1311,2540,"[[0.0007399612222798169, 1.2426525354385376, -0.0638616755604744], [0.02564651146531105, 1.2729469537734985, -0.03888879716396332]]",3cfb73216c3fea494edbf19217b0c9f11bf67d0a0d483868472c35f561cecf42,pass,
female,VH_F_pulmonary_valve,pulmonary valve,cardiac,760,1458,"[[0.007306731306016445, 1.2644460201263428, -0.040530432015657425], [0.032176800072193146, 1.2878437042236328, -0.022232957184314728]]",c64c7069465d8c9ac7cff215ca7ece2b7677e8ac6995b7fdc0bd92e59b076923,pass,
female,VH_F_mitral_valve,mitral valve,cardiac,702,1314,"[[0.013063452206552029, 1.223676085472107, -0.08321119844913483], [0.04037242755293846, 1.255499243736267, -0.05332360044121742]]",7c61646f97794dca31d88a04db6e970d988192e918deb1d3482642b13c2fd410,pass,
female,VH_F_tricuspid_valve,tricuspid valve,cardiac,1390,2521,"[[-0.0042797476053237915, 1.19749915599823, -0.06190584972500801], [0.026570476591587067, 1.2443904876708984, -0.024631274864077568]]",0a32c270b94136015333fee225f9265808f5ca614f7c4a2eaf4bc6bd597e8190,pass,
female,VH_F_left_uterine_artery,Left uterine artery,arterial,261,504,"[[-0.0008386325789615512, 0.8169364929199219, -0.08498939126729965], [0.04768482223153114, 0.8322765231132507, -0.048879049718379974]]",322f9355084332989a66313bd663961282c7cca693db5e8621c9e1e0f2ab1560,pass,
female,VH_F_right_uterine_artery,Right uterine artery,arterial,264,508,"[[-0.07133849710226059, 0.8148220777511597, -0.08061664551496506], [-0.025880364701151848, 0.831415593624115, -0.046795349568128586]]",7c563201f96d7ac0f0500cab2356e6f4a4b8b49ece08b7ec5c11453f08cd0d17,pass,
female,VH_F_left_uterine_vein,Left uterine vein,venous,281,544,"[[-0.00017320632468909025, 0.8190012574195862, -0.10476341098546982], [0.04582546278834343, 0.8501055836677551, -0.04741740971803665]]",0219b053799fc0210d797804473e2e8a282ea3efca9c062484f2b1556351682b,pass,
female,VH_F_right_uterine_vein,Right uterine vein,venous,265,512,"[[-0.07449512183666229, 0.8174192905426025, -0.09018554538488388], [-0.027341097593307495, 0.8455702662467957, -0.04604751616716385]]",00c57b798a930acbad53f1fffe303f908a45b3d4c0489d9106721f003d638d21,pass,
female,VH_F_ophthalmic_vein_L,ophthalmic vein,venous,407,678,"[[0.012478947639465332, 1.5533447265625, -0.021066436544060707], [0.018788713961839676, 1.5554426908493042, -0.015709547325968742]]",b897305b31ee1e190250e7ee4153551464b4a8ee79f8b3c434c6d3ccc1e5f805,pass,
female,VH_F_superior_ophthalmic_vein_L,Left superior ophthalmic vein,venous,1476,2876,"[[0.010750438086688519, 1.554581880569458, -0.01698014698922634], [0.022652778774499893, 1.577070713043213, 0.0335957296192646]]",f1bf04090dd93e672ceebb168ce8a15d3982c0c253ff8cb6780facd57d590a21,pass,
female,VH_F_inferior_ophthalmic_vein_L,Left inferior ophthalmic vein,venous,962,1844,"[[0.01800108142197132, 1.544616937637329, -0.016031574457883835], [0.02247878536581993, 1.5540987253189087, 0.027520082890987396]]",134019b9633562c58091824922c1e8b0ec96428109508c5e8e2b2caa31dffc3e,pass,
female,VH_F_central_retinal_vein_L,Left central retinal vein,venous,230,456,"[[0.017352677881717682, 1.5565441846847534, -0.014089755713939667], [0.028809523209929466, 1.5593533515930176, 0.011796140111982822]]",eccfd9b60794768a6c464b12d2296a0f811b53ef804a8735e11c60f50adc7e07,pass,
female,VH_F_ophthalmic_vein_R,ophthalmic vein,venous,406,676,"[[-0.029455654323101044, 1.55342435836792, -0.02063615247607231], [-0.02311660908162594, 1.5553804636001587, -0.015291132964193821]]",020a8ac5adc90fbfd0035bfaae363b5ecea31e8b5d25a00131d2eb6a1a4dab32,pass,
female,VH_F_superior_ophthalmic_vein_R,Right superior ophthalmic vein,venous,1475,2876,"[[-0.03340649604797363, 1.5543726682662964, -0.016441430896520615], [-0.021555611863732338, 1.5782196521759033, 0.03355240821838379]]",361ddb89fc6278bfac24c2c4b9b36ca869f40d76ed9945d1d9546d80e09066c7,pass,
female,VH_F_inferior_ophthalmic_vein_R,Right inferior ophthalmic vein,venous,962,1844,"[[-0.03302378207445145, 1.5461081266403198, -0.015572399832308292], [-0.0283167976886034, 1.5539125204086304, 0.028260454535484314]]",d28cb9d37f0ebed1acfd1b68c7a34f5216e517c8af6ed2eb30c770e1c5dc9d68,pass,
female,VH_F_central_retinal_vein_R,Right central retinal vein,venous,230,456,"[[-0.03949161618947983, 1.5567784309387207, -0.013734092004597187], [-0.027848461642861366, 1.5602277517318726, 0.01205924991518259]]",f70b80308fdf8ce69b752545ca600b7c603e1eea38860058d81ac2bde77dc151,pass,
female,VH_F_long_posterior_ciliary_artery_L,Left long posterior ciliary artery,arterial,3144,6280,"[[0.020383132621645927, 1.5579540729522705, 0.006937231868505478], [0.03742288425564766, 1.5614608526229858, 0.014088262803852558]]",798c317b48c2a1f79676d6a2c99a0a8978a696d20ec64aec511636d775d6304d,pass,
female,VH_F_opthalmic_artery_L,ophthalmic artery,arterial,2077,4054,"[[0.012306458316743374, 1.555762529373169, -0.02039947919547558], [0.02091101184487343, 1.566440463066101, 0.028373850509524345]]",c1051f0e4f2b19bdab422d7edfc44ae918470ced2ad183ef76b5ed27bbf790e2,pass,
female,VH_F_central_retinal_artery_L,Left central retinal artery,arterial,487,956,"[[0.01746167428791523, 1.5566141605377197, -0.01223909854888916], [0.0288251843303442, 1.5594898462295532, 0.011665052734315395]]",b80393d778aeeb794113ae67c72f6beab82a38a9eb4b11c2dbf93823fc5e8443,pass,
female,VH_F_long_posterior_ciliary_artery_R,Right long posterior ciliary artery,arterial,3144,6280,"[[-0.04797505587339401, 1.558762788772583, 0.007350959815084934], [-0.030959056690335274, 1.562060832977295, 0.014647502452135086]]",9b3a7f4cf0572788a1ec5fa6fa7d3c1f7534a6ab5fac6917e9cc197e7f8014d2,pass,
female,VH_F_opthalmic_artery_R,ophthalmic artery,arterial,2077,4055,"[[-0.031725168228149414, 1.555474877357483, -0.019843673333525658], [-0.022709263488650322, 1.567968726158142, 0.028462590649724007]]",55c70eb1a7513317477401cdf92e282b93703a467a79c94499044649e311921d,pass,
female,VH_F_central_retinal_artery_R,Right central retinal artery,arterial,487,956,"[[-0.039529576897621155, 1.5568426847457886, -0.011754360049962997], [-0.02797948382794857, 1.5603318214416504, 0.012009834870696068]]",d68162f294a224cfd8d860b7038199f063b390d34e62a8fe66643d8eeacbd65c,pass,
female,VH_F_right_renal_artery,right renal artery,arterial,424,833,"[[-0.06955327093601227, 1.0270121097564697, -0.08706521987915039], [0.003248241962864995, 1.0687344074249268, -0.06985227018594742]]",72e57f75f8052f637178fba614de7c5c0a5fd0a8e46ff627ea9e55430050682c,pass,
female,VH_F_left_renal_artery,left renal artery,arterial,1139,2241,"[[0.019611135125160217, 1.0270235538482666, -0.09513133764266968], [0.06387639045715332, 1.072609305381775, -0.06963192671537399]]",aeace84de911041857aa294d153790ef10d7bb9c8293ae08efbcf91a034a9bd8,pass,
female,VH_F_left_renal_vein,left renal vein,venous,729,1317,"[[-0.012387612834572792, 1.0416871309280396, -0.07656268030405045], [0.037798985838890076, 1.0871049165725708, -0.05882132053375244]]",4c4fb48c0e5c62ed5218f748cd25a6b807c2e2e379e8d3f263fce242a5c7c12d,pass,
female,VH_F_right_renal_vein,right renal vein,venous,482,850,"[[-0.053654685616493225, 1.050647497177124, -0.09276483207941055], [-0.032039448618888855, 1.078749179840088, -0.07354023307561874]]",e45783dc66a8ef5e5d294928002e88c5db6fc807e84c6bcb0cf5b66adab59559,pass,
female,VH_F_superior_mesenteric_vein,superior mesenteric vein,venous,498,892,"[[-0.023834502324461937, 0.9638561606407166, -0.053414057940244675], [-0.0023760783951729536, 1.0652925968170166, -0.03473103791475296]]",afe2621b0129b7246d0562a80c0e8a6a2f96e408bb77ba38fbf2856a6572e9d7,pass,
female,VH_F_superior_rectal_vein,superior rectal artery,venous,401,789,"[[-0.016147375106811523, 0.8722922801971436, -0.1407315731048584], [0.011353530921041965, 0.9013200998306274, -0.08037202805280685]]",11a1b74736d94ff3499bd59aca025f88558df0985458ac63889fae0348f39068,pass,source_identity_conflict: mesh node says vein; source label and ontology say artery
female,VH_F_left_common_iliac_vein,Left common iliac vein,venous,297,529,"[[-0.014552590437233448, 0.8829107880592346, -0.08171550929546356], [0.05072684586048126, 0.9693536758422852, -0.057608723640441895]]",a4620478bd2d5c75d92381d90dc8c68edd99adcd2108e71c531dc3d844cc6da7,pass,
female,VH_F_right_common_iliac_vein,Right common iliac vein,venous,254,439,"[[-0.0590805746614933, 0.8820458650588989, -0.08370205014944077], [-0.018744951114058495, 0.9672596454620361, -0.060413505882024765]]",bbf31f5b7e74e3f2dae87da4030c3eba97f2831b6aa199a03d1577273a6e2f23,pass,
female,VH_F_left_colic_vein,Left colic vein,venous,213,412,"[[0.031406935304403305, 0.9186100959777832, -0.04921813681721687], [0.065765380859375, 0.9368184804916382, -0.026152009144425392]]",83dbf56397554431d6b091fec5e8e423e22ee43280d7f9373233df6107baa36d,pass,
female,VH_F_right_colic_vein,Right colic vein,venous,288,543,"[[-0.0617036335170269, 0.9565377831459045, -0.05609804019331932], [-0.022973835468292236, 1.0064001083374023, -0.04254981502890587]]",7ce4d76c8787231a6ee05a3147f11d7199cddcecb1069b9492021f7edac2e312,pass,
female,VH_F_ileocolic_vein,ileocolic vein,venous,222,413,"[[-0.04709208756685257, 0.9329207539558411, -0.043610554188489914], [-0.020669564604759216, 0.9888381958007812, -0.021425165235996246]]",5348a9a66a8f6b86fb80c6ed0ddf12256fd64322966273dfa08b2855c56c7fa4,pass,
female,VH_F_middle_colic_vein,middle colic vein,venous,320,603,"[[-0.07218566536903381, 1.0191676616668701, -0.06378232687711716], [-0.02344238944351673, 1.041361689567566, -0.03505431115627289]]",9a180b5bf5e6b18d0e26935b65b6392c90df008713468f7f7d11ac3850700ffc,pass,
female,VH_F_inferior_rectal_vein_L,Inferior rectal vein,venous,325,634,"[[0.005630085244774818, 0.7819939255714417, -0.13665048778057098], [0.05550582334399223, 0.799145519733429, -0.09601480513811111]]",63baff944418d12c9c9c44a9bf16e491ff0e70c627f80921cc4a99a7ed15ff0d,pass,
female,VH_F_inferior_rectal_vein_R,Inferior rectal vein,venous,308,598,"[[-0.06523605436086655, 0.7790154218673706, -0.13714531064033508], [-0.013405691832304, 0.798911452293396, -0.09916848689317703]]",7c136c0fa252bb272f02f0207c576ef773fc27fdf4f094222bdccd37678fd9ba,pass,
female,VH_F_internal_iliac_vein_L,internal iliac vein,venous,190,327,"[[0.04421662539243698, 0.8520833849906921, -0.08685456961393356], [0.05959513038396835, 0.8861343264579773, -0.0711272656917572]]",765e973b0a73dce481e7175db6bd06fc42bf7f06f6e113629db9bb0b7f209271,pass,
female,VH_F_internal_iliac_vein_R,internal iliac vein,venous,202,350,"[[-0.06329870223999023, 0.8492611646652222, -0.09863340854644775], [-0.0512080080807209, 0.8951566219329834, -0.0728902816772461]]",eb2a78b695d34916032e0abc620b60ff2616b9758cee5a67d3825ad0e4048e91,pass,
female,VH_F_internal_pudendal_vein_L,internal pudendal vein,venous,266,500,"[[0.05212797969579697, 0.7860117554664612, -0.11416643857955933], [0.06427983194589615, 0.8554756045341492, -0.08261828869581223]]",24637103e63b89a9cd0de01d1a342f69fc936260d688ebecb6f58da4c7e4aea1,pass,
female,VH_F_internal_pudendal_vein_R,internal pudendal vein,venous,187,342,"[[-0.07448059320449829, 0.7823273539543152, -0.11682095378637314], [-0.058504436165094376, 0.857854425907135, -0.0940551832318306]]",be6f8ee92f01718c830f0eac3e1b9980f99f8696e699c515915272127444337f,pass,
female,VH_F_middle_rectal_vein_L,Left middle rectal vein,venous,277,534,"[[0.01242823339998722, 0.8454781770706177, -0.11335688084363937], [0.052774619311094284, 0.864991307258606, -0.08107880502939224]]",c4073f2106ffc64bd4e7bbd0981cfde35f11dff2877d00860e46932cd56963dc,pass,
female,VH_F_middle_rectal_vein_R,Right middle rectal vein,venous,326,632,"[[-0.056215737015008926, 0.8410447239875793, -0.11909153312444687], [-0.023855455219745636, 0.8568575978279114, -0.08917728066444397]]",a0b258456757e426708ccd7f41111ca1ee24499283d6fb82afdd237cbdf9a6c8,pass,
female,VH_F_sigmoid_vein_a,sigmoid vein,venous,180,344,"[[0.014117012731730938, 0.8905805349349976, -0.07535717636346817], [0.017089148983359337, 0.8990494608879089, -0.07261811941862106]]",598890225fc5232683704576901e0f63efe053f2c26149048e2fe5ea28c0a8b6,pass,
female,VH_F_sigmoid_vein_c,sigmoid vein,venous,169,316,"[[0.01456206850707531, 0.8858409523963928, -0.06541374325752258], [0.019080860540270805, 0.9033036231994629, -0.05307493731379509]]",ae48c5b71645ae15f75666adafbb1ca4f88f68121a3d840885679152de5cd99f,pass,
female,VH_F_median_sacral_vein,median sacral vein,venous,208,403,"[[-0.014552590437233448, 0.8362898826599121, -0.1512138396501541], [-0.002601189073175192, 0.9517502784729004, -0.062297411262989044]]",53ff95e141cbdbe9ba63a5dbee6a31c23b8ea2af1740e1c74c7f239356602c7e,pass,
female,VH_F_sigmoid_vein_b,sigmoid vein,venous,241,460,"[[-0.013394935056567192, 0.8857686519622803, -0.060511231422424316], [0.016586903482675552, 0.9234681725502014, -0.048522766679525375]]",f89242833aa4039cf08b685f712b3e3dac808a47541f89b5e5aaa9dfdc79bfa1,pass,
female,VH_F_inferior_pancreaticoduodenal_vein,Inferior pancreaticoduodenal vein,venous,390,751,"[[-0.04895979166030884, 1.0395779609680176, -0.04070970416069031], [-0.021221483126282692, 1.063347578048706, -0.03552963584661484]]",a48034edc101629fb49d49b811ffafbcfe3a33dd873812ba6130cdbd9a6b90be,pass,
female,VH_F_inferior_mesenteric_vein,superior mesenteric artery,venous,800,1524,"[[0.010264954529702663, 0.8977134227752686, -0.08141525089740753], [0.045725345611572266, 1.0528759956359863, -0.04784682020545006]]",b838a272ca8571fb40e0e9df644b2e2ffc4947cb8fc2cab23b04b9a6ed13b8df,pass,source_identity_conflict: mesh node says vein; source label and ontology say artery
female,VH_F_left_colic_artery,Left colic artery,arterial,339,640,"[[0.020986223593354225, 0.9241512417793274, -0.05624165013432503], [0.059346046298742294, 0.9463052153587341, -0.030141133815050125]]",3394df19a6eea019f9a8bef5d3aecb53b5f32e863817d98d9c429d778dee5bee,pass,
female,VH_F_right_colic_artery,Right colic artery,arterial,201,363,"[[-0.0633898600935936, 0.9482232928276062, -0.06071824952960014], [-0.018599146977066994, 1.0045872926712036, -0.048706624656915665]]",fc6c3dd13648275277dc91f1e8479e7ba5acebf3646996a6b2ab1086823100be,pass,
female,VH_F_ileocolic_artery,ileocolic artery,arterial,197,358,"[[-0.05000864714384079, 0.919788658618927, -0.05289485305547714], [-0.018968045711517334, 0.985222578048706, -0.04062945768237114]]",117e0134564a36d018b2c448442f5c5b3b4f2954eb7d762acd63dbb9fcd3e624,pass,
female,VH_F_middle_colic_artery,middle colic artery,arterial,261,480,"[[-0.05906444042921066, 1.0285381078720093, -0.0627661794424057], [-0.009714444167912006, 1.0460153818130493, -0.041637614369392395]]",1078e1d2965a4a96ad0cd4bb82cdd447ebaef7f374265cb46829370b235b74b4,pass,
female,VH_F_celiac_trunk,Celiac trunk,arterial,204,337,"[[0.0017321633640676737, 1.0988503694534302, -0.08335699141025543], [0.012159275822341442, 1.1085717678070068, -0.06506521254777908]]",fb83c650ac34f0470d71bb45385972df56da8206143e1f4b82a0eb540afa69b1,pass,
female,VH_F_superior_rectal_artery,superior rectal artery,arterial,280,541,"[[-0.018376052379608154, 0.8743780255317688, -0.1368441879749298], [0.012125867418944836, 0.9095115065574646, -0.07417497783899307]]",216a47acebdc14cae3e5e7d21f978ede84499f725b6d3178008dcb8c41cd6d36,pass,
female,VH_F_superior_mesenteric_artery,superior mesenteric artery,arterial,359,623,"[[-0.02171369083225727, 0.9769494533538818, -0.07670542597770691], [0.012525908648967743, 1.0897716283798218, -0.04238622635602951]]",ae4a9d2cab73fdea60de0b0c7124296aeb1ad0690df3232810cd4991f971ad55,pass,
female,VH_F_inferior_mesenteric_artery,inferior mesenteric artery,arterial,277,479,"[[0.008622890338301659, 0.9058844447135925, -0.07771404087543488], [0.023783395066857338, 1.0021294355392456, -0.045290034264326096]]",77d68ed80f13d8eee215e422916619640d251f2dadd0b40f1fcac5c09e7bd1a0,pass,
female,VH_F_marginal_artery_of_Drummond,marginal colic artery,arterial,863,1681,"[[-0.07765034586191177, 0.9199051856994629, -0.06860160082578659], [0.07190807908773422, 1.0430248975753784, -0.00029747007647529244]]",29673fab38004c5266ddb4d15ceecc157731dfbc1d4337cbce398f61356952c8,pass,
female,VH_F_sigmoid_artery_c,sigmoid artery,arterial,138,260,"[[0.015899784862995148, 0.8861415386199951, -0.0721939355134964], [0.026418060064315796, 0.9152218103408813, -0.05387493968009949]]",abf833000cb64aaba0f933f3411bc18f94be09f4de65b010757e80dc70f762ad,pass,
female,VH_F_sigmoid_artery_b,sigmoid artery,arterial,155,294,"[[0.013029568828642368, 0.8868809938430786, -0.07691548764705658], [0.02680196240544319, 0.9093726873397827, -0.07315289974212646]]",8bf454fdfac93ed6455e334d14228cce2a1589e15c83e79cfaaf7dfd924d11cd,pass,
female,VH_F_sigmoid_artery_a,sigmoid artery,arterial,119,222,"[[-0.016535524278879166, 0.8898796439170837, -0.06505673378705978], [0.01648017019033432, 0.9270222187042236, -0.05589188635349274]]",2ed74d311c19acd585a799f398151e6b94f6d44153b686798dfea3841e4ea08d,pass,
female,VH_F_splenic_artery,splenic artery,arterial,654,1295,"[[0.005536928772926331, 1.0767335891723633, -0.12266556173563004], [0.10321630537509918, 1.150768518447876, -0.04864933341741562]]",29f8a79561f22a5341274dde01a5d24e40e5fbbac592120a13d0b9d4f836e7df,pass,
female,VH_F_splenic_vein,splenic vein,venous,1072,2035,"[[-0.009293079376220703, 1.0500702857971191, -0.12470801919698715], [0.09936650842428207, 1.1507776975631714, -0.04432663694024086]]",ff067f847a3067354fc2ef83f0f6d6fffc71271e96e4dc024a46712b8bda534e,pass,
female,VH_F_cystic_artery,cystic artery,arterial,167,315,"[[-0.08538404107093811, 1.0624388456344604, -0.06888096034526825], [-0.04158759489655495, 1.1206014156341553, -0.02821134589612484]]",7fec784296cb8c3b69920a1e6cb7cf1d676ef39ec4de3af8a690610d803f25c2,pass,
female,VH_F_cystic_vein,cystic vein,venous,365,711,"[[-0.08323772251605988, 1.0643095970153809, -0.06729111075401306], [-0.036597948521375656, 1.1187331676483154, -0.02909453958272934]]",d50a01e2e8e94132a4161e98e1cb2516fb4a7c50b7f811fb77bea74783d68592,pass,
female,VH_F_middle_hepatic_artery_branch_of_left_hepatic_artery,middle hepatic artery branch of left hepatic artery,arterial,173,308,"[[-0.03101140446960926, 1.1305912733078003, -0.04377174377441406], [-0.013801904395222664, 1.1412674188613892, -0.028012365102767944]]",853cf414ebea94ce34a628599c1e70d664151efd3e483c3e8753e266b11894ef,pass,side_vs_body_midline: review regional laterality; cardiac/hepatic labels can legitimately cross midline
female,VH_F_proper_hepatic_artery,Hepatic artery proper,arterial,235,414,"[[-0.032753270119428635, 1.1037824153900146, -0.06104857474565506], [-0.013924301601946354, 1.1265250444412231, -0.05307137221097946]]",9377634ea59be611d00881ebec01823e21faae7bb3ecc85cb919de9376601ff2,pass,
female,VH_F_right_hepatic_artery,Right hepatic artery,arterial,290,524,"[[-0.05528474226593971, 1.1176981925964355, -0.07628457993268967], [-0.031925786286592484, 1.128670573234558, -0.05593729019165039]]",2c5930b459fe02801bbda2a0b43b5c3c34c5459124bf8b0748b5b9ad3e6ba8ce,pass,
female,VH_F_common_hepatic_artery,common hepatic artery,arterial,266,468,"[[-0.017323940992355347, 1.0987319946289062, -0.07055635750293732], [0.005126246251165867, 1.1075124740600586, -0.052645351737737656]]",5d6c35b5ad2c703a5b5e6b07cbebc1606501cdfb4a2b7870a734c66cc17de905,pass,
female,VH_F_posterior_segmental_right_hepatic_artery,posterior segmental right hepatic artery,arterial,162,276,"[[-0.05661720037460327, 1.1224749088287354, -0.11244156956672668], [-0.04989844188094139, 1.1313161849975586, -0.07028662413358688]]",1ce275315ff9cfafe96f9f95110619a61f646d250b3120801f4249e75624961e,pass,
female,VH_F_anterior_segmental_right_hepatic_artery,anterior segmental right hepatic artery,arterial,159,268,"[[-0.06616105139255524, 1.1238768100738525, -0.07469773292541504], [-0.05418527498841286, 1.1324094533920288, -0.06596080958843231]]",ba58d2905eb9822054e354c8008e500ed9cf7eaa2fac960ac6b98d5e1426a761,pass,
female,VH_F_left_hepatic_artery,Left hepatic artery,arterial,217,379,"[[-0.029460398480296135, 1.1237002611160278, -0.057184427976608276], [0.025523845106363297, 1.155297875404358, -0.03807729482650757]]",4bc0cd81cad2fba3f5cdfa774187fdf7d0cdaec9febdf5c2bb697762374ebfd4,pass,
female,VH_F_hepatic_portal_vein,hepatic portal vein,venous,314,568,"[[-0.03664742037653923, 1.0650886297225952, -0.06757401674985886], [-0.0020952154882252216, 1.1281445026397705, -0.050825901329517365]]",1e1a39231420b06efcd9be87ea807a3d92a2136b1fae5eb56406c8175b2e53ae,pass,
female,VH_F_middle_hepatic_vein,Middle hepatic vein,venous,181,327,"[[-0.048028506338596344, 1.1454218626022339, -0.08159761875867844], [0.0010968156857416034, 1.1843374967575073, -0.04800902307033539]]",d6a309e8815a73b632f2bd6d982ae8ac15306d788297d46622cbac2144835a1d,pass,
female,VH_F_left_hepatic_vein,Left hepatic vein,venous,199,361,"[[-0.0032920001540333033, 1.1522715091705322, -0.07959870994091034], [0.015818150714039803, 1.1884384155273438, -0.03967396542429924]]",a66162a5c79e47935c0bc74ca243196200aa9c0cd177a0c0d522a3e2ec57e229,pass,
female,VH_F_right_hepatic_vein,Right hepatic vein,venous,217,400,"[[-0.08951888978481293, 1.1745482683181763, -0.09916182607412338], [-0.016301874071359634, 1.1947952508926392, -0.08581496775150299]]",bf7c80f2757346fe748a383e6aac7c855b481dd12bce2721c584c36fac1aa08f,pass,
female,VH_F_right_branch_of_portal_vein,right branch of portal vein,venous,371,665,"[[-0.0624496154487133, 1.1158066987991333, -0.07849207520484924], [-0.030116382986307144, 1.1290849447250366, -0.0621209554374218]]",6aed42c7ee58089c58d9820bb42c2f116ce9442889d05778e6969089987460cc,pass,
female,VH_F_left_branch_of_portal_vein,left branch of portal vein,venous,353,659,"[[-0.03203492611646652, 1.1203508377075195, -0.06562598794698715], [-0.005403748247772455, 1.1398215293884277, -0.039761073887348175]]",b7a3d41d437ff59fe14069c7a057615dc85245e097a11934753df493dde756e0,pass,side_vs_body_midline: review regional laterality; cardiac/hepatic labels can legitimately cross midline
female,VH_F_pulmonary_vein_L_sup,left superior pulmonary vein,venous,728,1396,"[[0.015210499055683613, 1.275286316871643, -0.09573136270046234], [0.04697248712182045, 1.295849084854126, -0.07266395539045334]]",5c6d2b318f39551d36dc6cf27df0f5a6ca35a1abe19558f6983642ff0a33202a,pass,
female,VH_F_pulmonary_vein_R_inf,left inferior pulmonary vein,venous,662,1276,"[[-0.03905563801527023, 1.2425293922424316, -0.10810843855142593], [-0.014126330614089966, 1.264358401298523, -0.09078630059957504]]",8ece29e0097298fa9a2b9dcd8b8eeb3cda2d4b323abc56180d763a10f46931ca,pass,side_vs_body_midline: review regional laterality; cardiac/hepatic labels can legitimately cross midline
female,VH_F_pulmonary_vein_R_sup,right superior pulmonary vein,venous,847,1646,"[[-0.05002301558852196, 1.2527459859848022, -0.09195522218942642], [-0.02266991324722767, 1.2806645631790161, -0.06491082161664963]]",8b05b293dc622cf11aefc6964ce477375824e9c5fbceb7685676b2e3b84cb016,pass,
female,VH_F_pulmonary_vein_L_inf,right inferior pulmonary vein,venous,631,1226,"[[0.011276877485215664, 1.2551445960998535, -0.10897425562143326], [0.04327622801065445, 1.2734944820404053, -0.0948692336678505]]",835ce84ee3cd01d5c3005b60ae2551dbc4e650da7727a6c502e0bedfbe6fa96a,pass,side_vs_body_midline: review regional laterality; cardiac/hepatic labels can legitimately cross midline
female,VH_F_coronary_sinus,coronary sinus,venous,706,1327,"[[0.00810116995126009, 1.1921182870864868, -0.10098481923341751], [0.034347958862781525, 1.259643793106079, -0.06755425781011581]]",80bc48420dff20ad001315b57b5afcb26373830971900275213e4e76e5a09cf6,pass,
female,VH_F_great_cardiac_vein,great vein of heart,venous,766,1508,"[[0.028109492734074593, 1.2184216976165771, -0.09232334047555923], [0.08321157097816467, 1.2741591930389404, -0.015061115846037865]]",5f7e0ac2724de8f54b4dbedf221a14d3c843a469751beb78d50f864803729a0c,pass,
female,VH_F_middle_cardiac_vein,middle cardiac vein,venous,407,796,"[[0.019630571827292442, 1.1871061325073242, -0.07226679474115372], [0.08648249506950378, 1.1954418420791626, -0.04194750264286995]]",a72ed15cc9bb6a4588308f87b5d0532c0a17d7be0bc2e3d329f3fa3d33c2d9c0,pass,
female,VH_F_oblique_vein_of_left_atrium,Oblique vein of left atrium,venous,260,501,"[[0.025959070771932602, 1.2587321996688843, -0.08847203850746155], [0.028061749413609505, 1.2685707807540894, -0.07444224506616592]]",6fd4a4fc0ee80165ea4256156acb32a6a17bfde6f5da902fa0282e7b078d100d,pass,
female,VH_F_left_marginal_vein,left marginal vein,venous,380,738,"[[0.03343426063656807, 1.255751132965088, -0.09622326493263245], [0.07951012998819351, 1.2633816003799438, -0.07890133559703827]]",9482960bcd4349f9563af4dab663a3c6db69aca49de0b0bac0f92c92df1673a6,pass,
female,VH_F_posterior_vein_of_left_ventricle,Posterior vein of left ventricle,venous,460,898,"[[0.021867208182811737, 1.2152940034866333, -0.10779881477355957], [0.08510008454322815, 1.2410564422607422, -0.09119008481502533]]",9c683a7c8bc3915179d44466f85427ad57d35b36c4efe79d92ab7dc5372c20a2,pass,
female,VH_F_anterior_cardiac_vein,Anterior cardiac vein,venous,384,736,"[[-0.00864305067807436, 1.2160725593566895, -0.03013545833528042], [0.024684149771928787, 1.248342514038086, -0.005392460618168116]]",62e1c3c3af33a5f905f34f6d606db57a20bfeed2c725a57d22bdf2077039047e,pass,
female,VH_F_small_cardiac_vein,small cardiac vein,venous,540,1055,"[[-0.009238632395863533, 1.1898714303970337, -0.07176432758569717], [0.018538717180490494, 1.2032579183578491, -0.01850670762360096]]",05e74aa3e8bc299e4a55cb3e665de66248782d55d5d08d88a568b361645979ff,pass,
female,VH_F_superior_vena_cava,superior vena cava,venous,765,1436,"[[-0.04389150068163872, 1.2573786973953247, -0.07913671433925629], [-0.019047586247324944, 1.3398586511611938, -0.0446661002933979]]",dfab3a3cb535a02904478e5e0c59701bc3bc7a23fcf0df468c437e8dd49983a0,pass,
female,VH_F_inferior_vena_cava_a,inferior vena cava,venous,814,1566,"[[-0.02581683173775673, 1.16647207736969, -0.10410968214273453], [0.005890449043363333, 1.218242883682251, -0.0716712474822998]]",4ceb8be167980e24743b338948b007ae83d8a9925e658bc46fe0424bcccacb59,pass,
female,VH_F_inferior_vena_cava_b,inferior vena cava,venous,1286,2390,"[[-0.037249039858579636, 0.94981449842453, -0.10486936569213867], [-0.005974783096462488, 1.1753406524658203, -0.05649195984005928]]",3966a3f134718047ba9ce4f023c49031f8d8d7f5435a929e79a2020887162bd5,pass,
female,VH_F_left_anterior_descending_artery,Anterior descending branch of left pulmonary artery,arterial,368,709,"[[0.02491830289363861, 1.2024132013320923, -0.058312661945819855], [0.0860123485326767, 1.278724193572998, -0.015524921007454395]]",e2ba204856705a639da56098b635665de016615a031e1a8663ca540827e42b43,pass,source_label_conflict: node says coronary LAD; label says pulmonary branch
female,VH_F_left_circumflex_artery,circumflex branch of left coronary artery,arterial,221,415,"[[0.02473209798336029, 1.2546172142028809, -0.09243560582399368], [0.03724026679992676, 1.2756948471069336, -0.06147847697138786]]",bf773e823ea0f8f77f8a8b8252832dd4d0a1b1147f9823b9bf2476c4412c092c,pass,
female,VH_F_diagonal_branch_of_left_anterior_descending_artery,Diagonal branch of anterior descending branch of left coronary artery,arterial,229,442,"[[0.05904324725270271, 1.2511407136917114, -0.07030830532312393], [0.09079010039567947, 1.2720879316329956, -0.035380344837903976]]",7e2dc63c27a23475e6c7497fd5b152cfac757e9f11f46c92a4ab05548fcb2476,pass,
female,VH_F_left_coronary_artery,left coronary artery,arterial,288,536,"[[0.017880285158753395, 1.2641018629074097, -0.06254822760820389], [0.028878387063741684, 1.2770732641220093, -0.05030627176165581]]",10721d26b5f3ca33fd8b1594daee73cafa266ce0cac2b595e27a624416c37668,pass,
female,VH_F_left_marginal_branch,Left marginal artery,arterial,180,347,"[[0.03647628054022789, 1.2628827095031738, -0.08579177409410477], [0.07101251184940338, 1.2726482152938843, -0.08116947114467621]]",e469bd830a5187c53348ea64d6f1b3a5d6860a4fcbd20ceb7c8e82b409aa4917,pass,
female,VH_F_left_posterior_descending_branch_of_circumflex_branch_of_left_coronary_artery,left posterior descending branch of circumflex branch of left coronary artery,arterial,279,536,"[[0.01458599790930748, 1.1865352392196655, -0.06584887206554413], [0.08384391665458679, 1.2042458057403564, -0.04136352613568306]]",b3da2dff8322eba3cea6dacec638caae5b7dc9c5c14a501a9e68f10e4a84d1c4,pass,
female,VH_F_posterior_left_ventricular_branch,Posterior ventricular branch of circumflex coronary artery,arterial,185,355,"[[0.024919120594859123, 1.2085986137390137, -0.10757826268672943], [0.07460026443004608, 1.2377982139587402, -0.09495081007480621]]",bc2ee21c57a814f65c2bcc55739542e91aeca2a6bfd136cabf2e8c51978bc17b,pass,
female,VH_F_right_coronary_artery,right coronary artery,arterial,621,1198,"[[-0.008312654681503773, 1.196592092514038, -0.09923684597015381], [0.02889305353164673, 1.259798288345337, -0.019167637452483177]]",b1b110cf3290b360e58e87b81fa4914fba006b560f001e30984d4cad5721506e,pass,
female,VH_F_right_marginal_artery,marginal branch of right coronary artery,arterial,189,358,"[[-0.006620327010750771, 1.195578932762146, -0.02672525867819786], [0.041938625276088715, 1.2058404684066772, -0.011601700447499752]]",d910e8b2eb28de3d7fecb1ca9d8e92d5adddc133c958ecf3104d354537d0dbd6,pass,
female,VH_F_pulmonary_artery_L,left pulmonary artery,arterial,799,1544,"[[0.007018864620476961, 1.2894959449768066, -0.10225595533847809], [0.050082720816135406, 1.3111379146575928, -0.056801583617925644]]",6c83e500f29cb1476564a4ab5589f049bce5f751b03e790277511e082fb3d7d4,pass,
female,VH_F_pulmonary_trunk,pulmonary trunk,arterial,602,1038,"[[-0.0010609113378450274, 1.2674697637557983, -0.07575918734073639], [0.031685709953308105, 1.3073779344558716, -0.027707913890480995]]",9333d6815e47d3e7c7be57eb768bbaa90297cf8a2c588a2058d7ecad882a5cb6,pass,
female,VH_F_pulmonary_artery_R,right pulmonary artery,arterial,708,1368,"[[-0.047763459384441376, 1.2717663049697876, -0.08866056054830551], [0.0037078342866152525, 1.3015888929367065, -0.054503973573446274]]",3f42651a383ed5a1488ea13c894a592502f6d36c65e9dda51a19ee5b9a884db9,pass,
female,VH_F_aortic_arch,arch of aorta,arterial,1151,2026,"[[-0.017930906265974045, 1.3030635118484497, -0.11176105588674545], [0.03142597898840904, 1.3431273698806763, -0.041964974254369736]]",8bc532c858afddd23ac1abdd68d2552061dbbd2ba39864292f2623244c11e9ab,pass,
female,VH_F_ascending_aorta,ascending aorta,arterial,839,1529,"[[-0.02229641191661358, 1.2500396966934204, -0.06444346904754639], [0.015450040809810162, 1.3169686794281006, -0.03385088965296745]]",2973651af0d7299d842f262dee4735fdce1bc86bbc61c9ef9187d5fa9e1371ab,pass,
female,VH_F_descending_aorta_a,descending aorta,arterial,698,1320,"[[0.010528108105063438, 1.1719516515731812, -0.13187435269355774], [0.03873786702752113, 1.32281494140625, -0.09432603418827057]]",62d458cb21f54c95dd243fd1017d5e19f22df1dbb0e2fdd98868bd03fa491b9b,pass,
female,VH_F_descending_aorta_b,descending aorta,arterial,955,1743,"[[-0.0066095259971916676, 0.9606649279594421, -0.11745863407850266], [0.03634387254714966, 1.1791855096817017, -0.048240337520837784]]",32341cb67fb84eb8cb9aa9d7c34959f3ec67d2a581adeecf789378dc024f4f65,pass,
female,VH_F_left_common_carotid_artery_a,left common carotid artery plus branches,arterial,226,416,"[[0.0003376007080078125, 1.3364619016647339, -0.06075321510434151], [0.009250863455235958, 1.3509982824325562, -0.0509205237030983]]",ef60e0c568984e0d5e4118c34394110dc6f33c4969ad0bf4079f07903da412af,pass,
female,VH_F_left_common_carotid_artery_b,left common carotid artery plus branches,arterial,319,602,"[[0.002647628076374531, 1.3486324548721313, -0.05746319144964218], [0.013339449651539326, 1.3989536762237549, -0.03318607807159424]]",c902b076450469df9855805f611ead74f173d065404e52f1fcaeee96477b2456,pass,
female,VH_F_left_subclavian_artery_a,left subclavian artery,arterial,551,966,"[[0.009169287979602814, 1.3371522426605225, -0.08193974196910858], [0.023463793098926544, 1.356515645980835, -0.06685049086809158]]",d231dd3fefcfd81f344fad655ee8d1f52e73556a0af916e6ac24e296adb40d21,pass,
female,VH_F_left_subclavian_artery_b,left subclavian artery,arterial,491,919,"[[0.0105931730940938, 1.3535404205322266, -0.07757110148668289], [0.022867392748594284, 1.3850338459014893, -0.06364081799983978]]",614c71071e504ec96960f76a203afc29da6ce7a0c5abb77771a27c8138ccc06e,pass,
female,VH_F_brachiocephalic_artery_b,brachiocephalic artery,arterial,386,738,"[[-0.03942722827196121, 1.3417996168136597, -0.059082966297864914], [-0.012996279634535313, 1.401762843132019, -0.04334220290184021]]",5e16be8d1d62ef3b5033768ddc70fd7f41fc8658c7a4e33613589ee74e161d1e,pass,
female,VH_F_brachiocephalic_artery_a,brachiocephalic artery,arterial,255,429,"[[-0.018374521285295486, 1.3292961120605469, -0.059883713722229004], [-0.0030642813071608543, 1.3472495079040527, -0.049980904906988144]]",9e14ad01b447e150d4dc213c9c764354e1767433e9ba2d2ccc2b351d74ae219f,pass,
female,VH_F_hilum_L,left lung hilus,respiratory,549,1026,"[[0.03307647258043289, 1.2776985168457031, -0.10984420776367188], [0.06181325763463974, 1.321042537689209, -0.0637592226266861]]",4b6d02e9c12a07ccc96209f318caf9352d12b1a5fcf38037a4942534b9a3d524,pass,
female,VH_F_hilum_upper_L,left lung hilus,respiratory,316,598,"[[0.033559080213308334, 1.286283254623413, -0.10679704695940018], [0.06181325390934944, 1.321042537689209, -0.0637592226266861]]",424162d7ecbe1f1a74fe6a44d5467574a577689a82116bebfea08ea621af5121,pass,
female,VH_F_lingula_superior_bronchopulmonary_segment,Superior lingular bronchopulmonary segment,respiratory,195,293,"[[0.012429664842784405, 1.258409023284912, -0.09365618228912354], [0.11973242461681366, 1.3310929536819458, -0.004545321222394705]]",79a711f2828d1427444eba5f9d0f43f6f533fa573cc9e13acbe334bc73278da5,pass,
female,VH_F_left_anterior_bronchopulmonary_segment,Left Anterior Bronchopulmonary Segment,respiratory,282,463,"[[0.012429664842784405, 1.2717317342758179, -0.1220051646232605], [0.11821979284286499, 1.3648712635040283, -0.020973771810531616]]",a98c21793734597eabd66d0b9eac50ecd53adc44c39a2d5ffb3ec0f2171f5e4d,pass,
female,VH_F_left_apical_bronchopulmonary_segment,Left apical bronchopulmonary segment,respiratory,159,260,"[[0.009887788444757462, 1.3196204900741577, -0.10837629437446594], [0.10638462752103806, 1.384870171546936, -0.05317388102412224]]",394ffe112aacb5440617a152b6dfb42a82a45656851e18c75f16f7c58a7f6ba9,pass,
female,VH_F_left_posterior_bronchopulmonary_segment,Left posterior bronchopulmonary segment,respiratory,242,425,"[[0.010408873669803143, 1.310074806213379, -0.13918885588645935], [0.10687658935785294, 1.3805938959121704, -0.08217998594045639]]",2ec483e42ed7c5782f6636d093e552ddfc6cf44ac4283fe4aae396c3589c8fd3,pass,
female,VH_F_lingula_inferior_bronchopulmonary_segment,Inferior lingular bronchopulmonary segment,respiratory,252,442,"[[0.03150172159075737, 1.2317956686019897, -0.08390438556671143], [0.11973242461681366, 1.2926793098449707, -0.0039057969115674496]]",fc8a17f9dcafc342c8dde64e50f6013fa7203779aa298c15825eab9975c086bc,pass,
female,VH_F_left_superior_bronchopulmonary_segment,Left superior bronchopulmonary segment,respiratory,284,517,"[[0.01496154721826315, 1.26737642288208, -0.1533004194498062], [0.10796359181404114, 1.3432540893554688, -0.10246500372886658]]",6e6bc3da241ae806ef87c169a669f52877d0e2cf29a8cc67169f3b9932475231,pass,
female,VH_F_left_posterior_basal_bronchopulmonary_segment,Left posterior basal bronchopulmonary segment,respiratory,303,553,"[[0.021810373291373253, 1.1618340015411377, -0.15641936659812927], [0.09942552447319031, 1.2969316244125366, -0.09224438667297363]]",645889d03913511c4019b6dc9aa289275a47682bc5a8ec1e4bb97937c0f7878a,pass,
female,VH_F_left_anterior_basal_bronchopulmonary_segment,left anterior basal bronchopulmonary segment,respiratory,206,343,"[[0.04864450916647911, 1.1974612474441528, -0.12570177018642426], [0.12016218155622482, 1.2898527383804321, -0.03475097194314003]]",f6b420bdb758caf03d0d66882703c57a64da4d5d089682cc69a54ecd925d198f,pass,
female,VH_F_left_lateral_basal_bronchopulmonary_segment,left Lateral Basal Bronchopulmonary Segment,respiratory,153,261,"[[0.05965135991573334, 1.1851681470870972, -0.14962349832057953], [0.12060581147670746, 1.2822535037994385, -0.09128789603710175]]",ca3d92e038b8d7bd31a065fff68908f2566374c95e07a2a22a33ec1e46ec1840,pass,
female,VH_F_left_medial_basal_bronchopulmonary_segment,Left Medial Basal Bronchopulmonary Segment,respiratory,361,633,"[[0.03449374809861183, 1.2036951780319214, -0.11248034238815308], [0.11660252511501312, 1.310522437095642, -0.03475097194314003]]",335e3b2bea2e32dda11e3c23410001e5c28f89ed26efe0ac25b984cdea53412f,pass,
female,VH_F_hilum_lower_L,left lung hilus,respiratory,267,491,"[[0.03307647258043289, 1.2776986360549927, -0.10984420776367188], [0.06019599363207817, 1.3118929862976074, -0.0780598595738411]]",adb72fc33c2adcc37d2790a60349d4b5e94b1f8f190180047a5f1685f611cf32,pass,
female,VH_F_hilum_R,right lung hilus,respiratory,1114,2105,"[[-0.07793815433979034, 1.2394208908081055, -0.11509399116039276], [-0.01735744997859001, 1.3312047719955444, -0.058589477092027664]]",5bed9a57c0389155d5737e45b21096b85c263d22b8b05d91d6e09c45d66b587f,pass,
female,VH_F_right_medial_basal_bronchopulmonary_segment,Right Medial Basal Bronchopulmonary Segment,respiratory,166,286,"[[-0.042181823402643204, 1.1958478689193726, -0.10465259104967117], [-0.014222278259694576, 1.2594705820083618, -0.05073710158467293]]",6151e18488af69e6d636baa6878f9e67119f0b0be2283ee3fbc3bde67c6d54c6,pass,
female,VH_F_right_posterior_basal_bronchopulmonary_segment,Right Posterior Basal Bronchopulmonary Segment,respiratory,298,531,"[[-0.11907407641410828, 1.1766319274902344, -0.15506546199321747], [-0.014222278259694576, 1.268703579902649, -0.099827840924263]]",8ba8e44c2a676b1e738a0cd74efd172f4392a1dc9079a986f795aafb71a5b35f,pass,
female,VH_F_right_anterior_basal_bronchopulmonary_segment,Right anterior basal bronchopulmonary segment,respiratory,427,786,"[[-0.13015834987163544, 1.1805938482284546, -0.11221383512020111], [-0.04016031697392464, 1.289786696434021, -0.01792299561202526]]",e1e7c090332e5f78b6a94454ccc53b194799c3e0d685ebdaec73a6026e56fb50,pass,
female,VH_F_right_lateral_basal_bronchopulmonary_segment,Right Lateral Basal Bronchopulmonary Segment,respiratory,188,305,"[[-0.1304865926504135, 1.1946383714675903, -0.1348242312669754], [-0.03134359046816826, 1.2766577005386353, -0.07639671862125397]]",a1e1751fe6100db17144216efe77e440e342cdc1112df20d7d35acfe1d9c31bd,pass,
female,VH_F_right_superior_bronchopulmonary_segment,Right Superior Bronchopulmonary Segment,respiratory,393,720,"[[-0.11988449096679688, 1.254194974899292, -0.15271304547786713], [-0.018086060881614685, 1.3583030700683594, -0.09085173159837723]]",82a7cf3a025d8a6bd53b311445e61a62a34166f9ee950eefd9df26e101490a9c,pass,
female,VH_F_hilum_lower_R,right lung hilus,respiratory,683,1329,"[[-0.06469004601240158, 1.2394208908081055, -0.11509399116039276], [-0.01735744997859001, 1.331204891204834, -0.07329665124416351]]",0b8b034a7e99a0df32cec2d51372c070e58c56fbcf1b0f8d00fcc21821bd305a,pass,
female,VH_F_right_medial_bronchopulmonary_segment,Right Medial Bronchopulmonary Segment,respiratory,397,730,"[[-0.10117265582084656, 1.1821513175964355, -0.08301307260990143], [-0.028308605775237083, 1.2772092819213867, -0.005489172879606485]]",df72611304c3d360feaa83d8e895c8059b3d3e9a65aebc704cc3c7be21d1a704,pass,
female,VH_F_right_lateral_bronchopulmonary_segmennt,Right Lateral Bronchopulmonary Segment,respiratory,280,503,"[[-0.12609374523162842, 1.1964619159698486, -0.10251501202583313], [-0.05594790726900101, 1.2924209833145142, -0.011767377145588398]]",9df9b479ec0226edab417781ddaba48e37cc6e04a95252848aba3b7618275231,pass,
female,VH_F_hilum_middle_R,right lung hilus,respiratory,192,335,"[[-0.07797177135944366, 1.2532304525375366, -0.10048452019691467], [-0.030457735061645508, 1.2924209833145142, -0.05897049233317375]]",f06ebc5651648c096f5fb9b36ac3cc4293ff6a78c6ce39b894a4e9078933e3fa,pass,
female,VH_F_right_anterior_bronchopulmonary_segm,Right Anterior Bronchopulmonary Segment,respiratory,433,800,"[[-0.12637165188789368, 1.2418251037597656, -0.08563287556171417], [0.000725592952221632, 1.3484326601028442, -0.004374008160084486]]",18c0f0ef37917fafc9103d46c1744361de99ffbddc530f5418203bcfaa5e386d,pass,
female,VH_F_right_apical_bronchopulmonary_segment,Right Apical Bronchopulmonary Segment,respiratory,340,618,"[[-0.10352054238319397, 1.319715142250061, -0.1154843121767044], [-0.01967182196676731, 1.3821263313293457, -0.04030531272292137]]",c260cf97dc8c0001552a371fb57a88d6c27f1e12b3779948401f46e8c56bc005,pass,
female,VH_F_right_posterior_bronchopulmonary_segment,Right Posterior Bronchopulmonary Segment,respiratory,269,471,"[[-0.12637165188789368, 1.2721960544586182, -0.13134561479091644], [-0.027270087972283363, 1.3636590242385864, -0.06686098873615265]]",1cb63fbc10cb5e876cb0623683e5942da8f944ed870dad092e7c3c8db4a4d637,pass,
female,VH_F_hilum_upper_R,right lung hilus,respiratory,381,712,"[[-0.06809215992689133, 1.268140435218811, -0.10627128183841705], [-0.0326329804956913, 1.3266711235046387, -0.058589477092027664]]",62055e19a759d4422ef328be23521625bfeba5b3f493fad008643d7324a6134b,pass,
female,VH_F_arytenoid_cartilage_R,Right arytenoid cartilage,respiratory,668,1332,"[[-0.02082591876387596, 1.4184292554855347, -0.034804534167051315], [-0.010645807720720768, 1.4369505643844604, -0.02213609591126442]]",b25c5f9168d7f635c8f6caa07c9c5652460e2056b9ba913c4c5ec183482acdde,pass,
female,VH_F_arytenoid_cartilage_L,Left arytenoid cartilage,respiratory,725,1446,"[[-0.007332687731832266, 1.4183027744293213, -0.03569250926375389], [0.0029133318457752466, 1.4370036125183105, -0.02274462580680847]]",2d44a4f6e3ad95e6777158bb80c8b5113dc8c67f7fdbe831bd32013288c58d48,pass,
female,VH_F_epiglotic_cartilage,epiglottic cartilage,respiratory,431,858,"[[-0.02042362652719021, 1.426827311515808, -0.024862952530384064], [-0.00028138933703303337, 1.4586371183395386, -0.013833414763212204]]",2e7b9d59809d4332400f3149dfa0b32db6e02f37b81a4d86bd9213ee78da7c87,pass,
female,VH_F_cricoid_cartilage,cricoid cartilage,respiratory,1105,2205,"[[-0.025598367676138878, 1.3982585668563843, -0.04334082826972008], [0.005571345333009958, 1.424763560295105, -0.01865709014236927]]",ef08e79238c8956b22ec95875508aa9507aece78217066dc6b04f07b397b454f,pass,
female,VH_F_thyroid_cartilage,thyroid cartilage,respiratory,923,1842,"[[-0.03254475072026253, 1.40961492061615, -0.038249507546424866], [0.013877064920961857, 1.4569305181503296, -0.003279566764831543]]",e2c779ba6ec90cd0c0864d25ea8bc13a619013644a73a60eee2d4a094cb18a03,pass,
female,VH_F_corniculate_cartilage_L,Left corniculate cartilage,respiratory,241,478,"[[-0.00662040151655674, 1.4356508255004883, -0.028556326404213905], [-0.0028344844467937946, 1.4412540197372437, -0.024673590436577797]]",015d14631fdb8d5bdbe79347023ac4a04ed9e9ac0c81285c6f6bb7797de91996,pass,
female,VH_F_corniculate_cartilage_R,Right corniculate cartilage,respiratory,326,648,"[[-0.01545556727796793, 1.4363439083099365, -0.026812629774212837], [-0.009255951270461082, 1.441928744316101, -0.022259755060076714]]",244c4e92daa209fa0302474e673642b7dc4639bf0ca4b94e91b854df200ee04e,pass,
female,VH_F_trachea,trachea,respiratory,612,1150,"[[-0.021029522642493248, 1.3106026649475098, -0.09111877530813217], [0.003272046335041523, 1.4185101985931396, -0.01451448630541563]]",4eaaeb7f51ddd2ec5098748ed60dfa5d98a2c8c3ec81accbb9eed10fb0d3c1bc,pass,
female,VH_F_tracheal_cartilage,trachea cartilage,respiratory,2352,4656,"[[-0.021625177934765816, 1.3308182954788208, -0.07915198802947998], [0.002905961126089096, 1.3991496562957764, -0.02663700096309185]]",fff2308f0560a747a1faf315d276b22f50662b7db268127dd18aa3a029d0232a,pass,
female,VH_F_carina,carina of trachea,respiratory,727,1450,"[[-0.020910952240228653, 1.3097660541534424, -0.09051674604415894], [0.004930452443659306, 1.3323320150375366, -0.0718250423669815]]",98b3774028afa3913c036380aa70a1aa5136da02b219f35a745c2eb0c11621e1,pass,
female,VH_F_right_main_bronchus,Right Main Bronchus,respiratory,200,354,"[[-0.0465373657643795, 1.275705099105835, -0.10177753865718842], [-0.010999024845659733, 1.3280185461044312, -0.07388007640838623]]",100d48c4c63a7ccdf5560baf8cfa8914ca815689966168cbc2fdae7547e59122,pass,
female,VH_F_cartilage_of_main_bronchus_R,Cartilage of right main bronchus,respiratory,2085,3978,"[[-0.044529709964990616, 1.2758032083511353, -0.10199782997369766], [-0.01115112192928791, 1.326700210571289, -0.07393630594015121]]",0575e18238fa45eb6f458a2550ded5c1feb9e66398b0615729e7b6f904aa039c,pass,
female,VH_F_left_main_bronchus,Left Main Bronchus,respiratory,243,435,"[[-0.0068596284836530685, 1.2856768369674683, -0.10442360490560532], [0.046276114881038666, 1.3303375244140625, -0.07333506643772125]]",b65d5713a8b10c2f2c06cdeb82ee4f1c497347963e0c6f3991c748da4efaaccf,pass,
female,VH_F_cartilage_of_main_bronchus_L,Cartilage of left main bronchus,respiratory,2021,3927,"[[-0.002182638505473733, 1.2854992151260376, -0.10265914350748062], [0.045744914561510086, 1.3223711252212524, -0.07580356299877167]]",4e4d1a332d87d396c51cb2a20800193d80792f1784b04b9554e52e48b75cc73f,pass,
female,VH_F_cartilage_of_lobar_bronchus_L,Cartilage of lobar bronchus,respiratory,2565,4698,"[[0.03172704949975014, 1.2548989057540894, -0.1225099191069603], [0.062428463250398636, 1.3196473121643066, -0.07802749425172806]]",92c6507601aa80ce4763f178b8a92b144385b50f22c7ffa8310350c02e1ce4c2,pass,
female,VH_F_cartilage_of_tertiary_bronchus_L,Cartilage of segmental bronchus,respiratory,9988,19436,"[[0.0359504297375679, 1.2231847047805786, -0.13587045669555664], [0.09707042574882507, 1.351800799369812, -0.022300051525235176]]",c177175015e5e6cbd565a85af2cee673bc1c31c08bdc5a4231dabc8cbc6bdb77,pass,
female,VH_F_left_superior_lobar_bronchus,lobar bronchus of left lung upper lobe,respiratory,228,381,"[[0.03834778815507889, 1.2867214679718018, -0.09665840119123459], [0.05924588069319725, 1.3214399814605713, -0.07781872153282166]]",9b81c708de634206ed37ace51c79ca55d8dceb6b0e88e53e8a7dc8735556105d,pass,
female,VH_F_left_inferior_lobar_bronchus,lobar bronchus of left lung lower lobe,respiratory,295,502,"[[0.03168327361345291, 1.2519557476043701, -0.12200874090194702], [0.06415212154388428, 1.2977042198181152, -0.09591689705848694]]",e4ec875f0a74ecafae04dbfaab421d11b8ad9551ddac3a95fa0c5ce4c9398c0f,pass,
female,VH_F_left_anterior_basal_bronchus,Left anterior basal segmental bronchus,respiratory,208,381,"[[0.060768213123083115, 1.2428925037384033, -0.11772327125072479], [0.08514270931482315, 1.264244794845581, -0.10563094913959503]]",60f5c7141537e1467c60aec900964ba44d99ce4f718d84dc53420cd29b9b7217,pass,
female,VH_F_left_lingula_superior_bronchus,Superior lingular bronchus,respiratory,445,828,"[[0.04280218482017517, 1.292044997215271, -0.09149699658155441], [0.0870806872844696, 1.3114917278289795, -0.022516533732414246]]",bbe78ac067895157546bda20e291487154d90e56b0e75e9c76c616c0152da971,pass,
female,VH_F_left_apical_bronchus,Left apical segmental bronchus,respiratory,147,260,"[[0.035433296114206314, 1.3176857233047485, -0.10336282849311829], [0.05521854758262634, 1.3429607152938843, -0.08132803440093994]]",34359f08b853440a968e525209c4403c281816a9e7d8abedaa4b4231b1732b09,pass,
female,VH_F_left_posterior_basal_bronchus,Left posterior basal segmental bronchus,respiratory,372,686,"[[0.04236235097050667, 1.2227144241333008, -0.13587437570095062], [0.06720204651355743, 1.269467830657959, -0.11437913775444031]]",9c079f299161e598790cf840a5b1b12a092d3b91073c5aa6a2bdd98a14a12e4d,pass,
female,VH_F_left_medial_basal_bronchus,Left medial basal segmental bronchus,respiratory,196,357,"[[0.05809339880943298, 1.2603223323822021, -0.10494723170995712], [0.0848616510629654, 1.2741293907165527, -0.09438104182481766]]",2fa4391c77928cf706ea640d8f6994abdadc38c9dcbd290d4c2c123d16222d41,pass,
female,VH_F_left_superior_bronchus,Left superior segmental bronchus,respiratory,317,586,"[[0.03866788372397423, 1.2819033861160278, -0.12979288399219513], [0.0697442963719368, 1.3079006671905518, -0.11052051186561584]]",66f4ed332a6e356e06f04d6c9bfa89eadf0c27864f29369400136b60971d102e,pass,
female,VH_F_left_anterior_bronchus,Left anterior segmental bronchus,respiratory,250,452,"[[0.03561701625585556, 1.3143303394317627, -0.08630320429801941], [0.06196414306759834, 1.3335597515106201, -0.038027066737413406]]",2bd8e48de22a0cfd5ee3966d72b9c97e26ad403b4fab9905e7dc16b89d19794e,pass,
female,VH_F_left_posterior_bronchus,Left posterior segmental bronchus,respiratory,334,622,"[[0.04528168588876724, 1.310921549797058, -0.10972876101732254], [0.07904832065105438, 1.351859211921692, -0.08831968158483505]]",156319285f662fee39d55da0927d5c73e83eafd3351eb4d6abe1323aa721d25e,pass,
female,VH_F_left_lateral_basal_bronchus,Left lateral basal segmental bronchus,respiratory,256,474,"[[0.054956965148448944, 1.2219793796539307, -0.12304288893938065], [0.08530740439891815, 1.2555029392242432, -0.1088220551609993]]",66fadf7afe76bfe343733a3f7e84257d671ac378c93cb5f654091f9ed40fc6e3,pass,
female,VH_F_left_lingula_inferior_bronchi,Inferior lingular bronchus,respiratory,517,959,"[[0.05478694662451744, 1.2638872861862183, -0.09779228270053864], [0.09962470829486847, 1.292944312095642, -0.05300150439143181]]",a60b19f4a4ad4367d3267dc2a81c2ebc3a3f75bc65d47d6192afce6f340f40f4,pass,
female,VH_F_cartilage_of_lobar_bronchus_R,Cartilage of lobar bronchus,respiratory,3529,6426,"[[-0.06564361602067947, 1.2417786121368408, -0.11746718734502792], [-0.03522476553916931, 1.3157198429107666, -0.06943366676568985]]",8a0923186bc13ed354ddb0752cea33926a89996fcd2528ce625ee2f304e40015,pass,
female,VH_F_cartilage_of_tertiary_bronchus_R,Cartilage of segmental bronchus,respiratory,11968,23272,"[[-0.10191798955202103, 1.222957730293274, -0.132783442735672], [-0.035583894699811935, 1.3437721729278564, -0.022563571110367775]]",633a036896ca7cd360947347be45b57bbcdc5caca9cd13c7d051390403df4c34,pass,
female,VH_F_right_middle_lobar_bronchus,Middle lobar bronchus,respiratory,151,258,"[[-0.05746886134147644, 1.2629112005233765, -0.09044376760721207], [-0.040106114000082016, 1.2783883810043335, -0.06968959420919418]]",6c8ccc3ba2aa2b200bd0a7db23cadb981bda673b056c1f622e599b2f22a5db89,pass,
female,VH_F_right_superior_lobar_bronchus,Right superior lobar bronchus,respiratory,141,224,"[[-0.05991298705339432, 1.2953331470489502, -0.09461556375026703], [-0.038516730070114136, 1.3140559196472168, -0.07403586059808731]]",92453022aee0de24ad10117a0477430c79ed210e2c79c3ac9dcf033a531ef3c5,pass,
female,VH_F_right_inferior_lobar_bronchus,Right inferior lobar bronchus,respiratory,387,668,"[[-0.06765121966600418, 1.2408337593078613, -0.11964567005634308], [-0.03537920489907265, 1.2855476140975952, -0.0848945826292038]]",8cb1b55de6cf4e5ca5f53596ff425bd444a70d30d3df8eb103da76d4d03b4e85,pass,
female,VH_F_right_anterior_bronchus,Right anterior segmental bronchus,respiratory,506,951,"[[-0.08080656826496124, 1.268884301185608, -0.07866348326206207], [-0.03608158603310585, 1.3044284582138062, -0.022258231416344643]]",777c7bb8967cb0f6b35748276abf1a0fdea655ab4263e1587f73a1a7b6466234,pass,
female,VH_F_right_lateral_basal_bronchus,Right lateral basal segmental bronchus,respiratory,187,342,"[[-0.10138192027807236, 1.2359216213226318, -0.11629321426153183], [-0.06280985474586487, 1.2537962198257446, -0.09739920496940613]]",dde17e489241b82d8a6d1935287afaa143d913db7db501de67956fc1d1f842ea,pass,
female,VH_F_right_lateral_bronchus,Lateral segmental bronchus,respiratory,241,438,"[[-0.08294948190450668, 1.2608174085617065, -0.0847158432006836], [-0.05380804464221001, 1.2765971422195435, -0.05932919308543205]]",57d11b89f84ac4f47b9c2134d57e32fccb3880f21111e9fc3ef899f1301a0517,pass,
female,VH_F_right_medial_bronchus,Medial segmental bronchus,respiratory,301,560,"[[-0.056315939873456955, 1.2402667999267578, -0.0724664032459259], [-0.04150764271616936, 1.268819808959961, -0.034266673028469086]]",8fe9fdbae853a56cc92ec681907b3e51094cacf5f50bc638a79dfca1b9d5a7c5,pass,
female,VH_F_right_medial_basal_bronchus,Right medial basal segmental bronchus,respiratory,254,464,"[[-0.059623848646879196, 1.2400211095809937, -0.09825166314840317], [-0.032049380242824554, 1.2634495496749878, -0.07031335681676865]]",32607d9ef7ea7293dc172129eccc08f7519e9aa13b9b77c83c7b1ca37c2d4352,pass,
female,VH_F_right_posterior_basal_bronchus,Right posterior basal segmental bronchus,respiratory,268,501,"[[-0.07960357517004013, 1.2217072248458862, -0.13441087305545807], [-0.05099719017744064, 1.2459584474563599, -0.1082187220454216]]",a28829cc5d92e10ac8af732330d2235085e77a78be97366703c91208d062ea64,pass,
female,VH_F_right_posterior_bronchus,Right posterior segmental bronchus,respiratory,391,730,"[[-0.09208492189645767, 1.2967392206192017, -0.11469057947397232], [-0.0477975495159626, 1.3284237384796143, -0.08136621117591858]]",f76000886934217c1ec4debf54a0f0ff6ef8c21ee78c50415cbb51a6f6bae981,pass,
female,VH_F_right_superior_bronchus,Right superior segmental bronchus,respiratory,366,686,"[[-0.07410977780818939, 1.2705265283584595, -0.12013804912567139], [-0.043248917907476425, 1.2887195348739624, -0.088727205991745]]",3418c04f1f35dac6edc621c6d4a6865f0fc85a5584ab066ed522397e4f6150fb,pass,
female,VH_F_right_apical_bronchus,Right apical segmental bronchus,respiratory,623,1162,"[[-0.08362416923046112, 1.302232265472412, -0.09242017567157745], [-0.051334235817193985, 1.3456467390060425, -0.04371896758675575]]",1e1424425f13aef43e53c61e414495ff47ae373f79834035c40bc3f5af930db2,pass,
female,VH_F_right_anterior_basal_bronchus,Right anterior basal segmental bronchus,respiratory,380,712,"[[-0.10355702042579651, 1.238580346107483, -0.09870206564664841], [-0.05717630311846733, 1.2609403133392334, -0.06041755527257919]]",76ba9112f2c90cd5b1d876f68c800a603130649b369835c5961d389f373d6d57,pass,
female,VH_F_gastric_surface_of_spleen,gastric surface of spleen,lymphatic,241,391,"[[0.04170679301023483, 1.100150227546692, -0.1290028989315033], [0.1241079717874527, 1.180930733680725, -0.08230707049369812]]",a59ecdc787f86c0047a3a76cb1092d12d62b2cf76b9ba0521a8119cca2fc2502,pass,
female,VH_F_diaphragmatic_surface_of_spleen,diaphragmatic surface of spleen,lymphatic,505,953,"[[0.036774251610040665, 1.0803889036178589, -0.15319287776947021], [0.12633490562438965, 1.182623028755188, -0.0831056758761406]]",a08675482ca034e55507ce554077ae645acc66df5d7e4bc98e82823c1fb585ed,pass,
female,VH_F_colic_surface_of_spleen,colic surface of spleen,lymphatic,80,124,"[[0.1066533625125885, 1.0856355428695679, -0.09163873642683029], [0.12320635467767715, 1.103516697883606, -0.08225168287754059]]",0084c71dd55ef81841d37401c5e38ab3e68bba2c3273b324087bb75f141215ea,pass,
female,VH_F_hilum_of_spleen,hilum of spleen,lymphatic,266,476,"[[0.05695468932390213, 1.091471791267395, -0.12513013184070587], [0.10940999537706375, 1.1538666486740112, -0.087284155189991]]",ee8140324994e3d8af55ff98b989ab81c3f7eeb0b1027aae7b7c0c7bae7afd3f,pass,
female,VH_F_renal_surface_of_spleen,renal surface of spleen,lymphatic,133,202,"[[0.04078330472111702, 1.0820387601852417, -0.13478215038776398], [0.1115637868642807, 1.1356313228607178, -0.08997498452663422]]",e17d3cc515f084d5a333d2eaf18ec0345f396693da87f9c216f57568613aca83,pass,
female,VH_F_thymus_lobe_L,left thymus lobe,lymphatic,313,622,"[[-0.008102339692413807, 1.2388982772827148, -0.05041510984301567], [0.06538226455450058, 1.3624677658081055, 0.00332780834287405]]",d51e2417546881f43825cbeac4fde012721100bcdefe3e0cf46f7f2d4abc0b20,pass,
female,VH_F_thymus_lobe_R,right thymus lobe,lymphatic,201,398,"[[-0.02065114863216877, 1.2390927076339722, -0.04854824021458626], [0.01644360087811947, 1.3578143119812012, 0.0009538840968161821]]",e5109abbe51dccd0b1082852abdbfc7312c4865feaeb51dd2ab8c4e443f3fdbf,pass,
female,Yao_afferent_lymphatic_vessel,afferent lymphatic vessel,lymphatic,498,994,"[[0.012866182252764702, 1.0116441249847412, -0.01688273623585701], [0.022043008357286453, 1.015668511390686, -0.009625537320971489]]",ce1ce1244df8677e331d63cc2197da18a4b872b6eae455165c7da51ec8f3ecf4,pass,
female,Yao_capsule_of_lymph_node,capsule of lymph node,lymphatic,1054,2077,"[[0.01007393840700388, 1.0130995512008667, -0.017587807029485703], [0.029705533757805824, 1.0224307775497437, -0.005995199549943209]]",ed616b8b31419f258771d9d08229dbe0852072565ab49a4f7f97b6adce3f98f6,pass,
female,Yao_follicles,lymph node follicle,lymphatic,1751,3446,"[[0.011301240883767605, 1.0137083530426025, -0.016929933801293373], [0.02827063575387001, 1.0215810537338257, -0.006892683450132608]]",5ca9d4b1f4c7dfff7bb0d07586a284ec3371ab1472f1b642454641a564fbe6e3,pass,
female,Yao_efferent_lymph_node,efferent lymphatic vessel,lymphatic,1232,2464,"[[0.015757035464048386, 1.0178720951080322, -0.014197447337210178], [0.024724282324314117, 1.0229774713516235, -0.005278727971017361]]",d66b855dc4c1ade61f4433a2c0885351020107b1dc935d70268806cd9d50c46d,pass,
female,Yao_medulla_of_lymph_node,medulla of lymph node,lymphatic,13503,27482,"[[0.010672998614609241, 1.0141232013702393, -0.01713092438876629], [0.029203366488218307, 1.021799921989441, -0.0063169836066663265]]",e7374495bd81d96497b4e34130b4a894522348523462872a0dd215f116a87b65,pass,
female,Yao_paracortex,lymph node T cell domain,lymphatic,2978,5964,"[[0.010820607654750347, 1.0140947103500366, -0.016346199437975883], [0.028370331972837448, 1.0205920934677124, -0.006309530697762966]]",3341fa2072b62ba07652766ff3a05e482d026d97f6c021d18b043aa110c82dad,pass,
female,Yao_blood_vasculature,Lymph vasculature,lymphatic,30842,64060,"[[0.010741128586232662, 1.0138015747070312, -0.016916481778025627], [0.029142465442419052, 1.0214736461639404, -0.005074875429272652]]",1e1b51d6f275b50069423eb443e1214ea2e7d394408da63e4d6090fc3f213220,pass,
female,VH_F_sacrum,fused sacrum,skeletal,3216,6496,"[[-0.07182217389345169, 0.838763952255249, -0.18245455622673035], [0.055596258491277695, 0.9376426935195923, -0.07756024599075317]]",5936177278c8067b392d6540f94495395bdb32f6b82ab6f5dec09fadc68bda28,pass,
female,VH_F_coccyx,coccyx,skeletal,585,1166,"[[-0.02362126298248768, 0.8129814863204956, -0.1783144772052765], [0.0082860654219985, 0.83992999792099, -0.14032788574695587]]",743e43d0d9f872af481a0ae915fd8d3bd4cccf187ffb8116bb85fd63c5ad0840,pass,
female,VH_F_pubis_spongy_bone_L,trabecular bone tissue,skeletal,741,1406,"[[-0.008993437513709068, 0.7576959729194641, -0.07678491622209549], [0.08298981189727783, 0.846821129322052, -0.009849939495325089]]",68a8bd1db2e87aba9b36ee6654be337f8a397e2b2d20d543c8f5957c68b30b0a,pass,
female,VH_F_pubis_spongy_bone_R,trabecular bone tissue,skeletal,697,1320,"[[-0.10081145912408829, 0.7559248208999634, -0.07869210839271545], [-0.009307545609772205, 0.8469223380088806, -0.009673146530985832]]",28ca52ed572297ab4613b41cdf585298b1feaa2cc843c70b615044dbf14c30ac,pass,
female,VH_F_pubis_compact_bone_R,compact bone tissue,skeletal,1403,2806,"[[-0.10163989663124084, 0.7546660900115967, -0.07894393056631088], [-0.008095011115074158, 0.8476353287696838, -0.008380246348679066]]",a050d8a7f3a0eda8168ff4d8bb57990eb1322d08db1a506fad7c11a935deb06e,pass,
female,VH_F_pubis_compact_bone_L,compact bone tissue,skeletal,1463,2926,"[[-0.01019351463764906, 0.7564601302146912, -0.07702130824327469], [0.08353851735591888, 0.8475977182388306, -0.008632659912109375]]",4f2ba020be14a2362255a25d11f351c87e6d92717d7e7490b557518f66637529,pass,
female,VH_F_ilium_compact_bone_R,compact bone tissue,skeletal,2044,4084,"[[-0.16699616611003876, 0.8195099830627441, -0.16555026173591614], [-0.05201111361384392, 0.9594193696975708, -0.004102568607777357]]",94c69fde99e089b3261414f92120bb60989c035720818b179d52209a67f0f1ab,pass,
female,VH_F_ilium_compact_bone_L,compact bone tissue,skeletal,2102,4200,"[[0.031099094077944756, 0.8204036951065063, -0.16546127200126648], [0.14984172582626343, 0.9587647318840027, 0.0002899217652156949]]",523a116929b188df33451ceec708dd88f49db613d5d55de3babed6a963cd82ad,pass,
female,VH_F_ilium_spongy_bone_L,trabecular bone tissue,skeletal,1063,2072,"[[0.03230540081858635, 0.8217130899429321, -0.1642341911792755], [0.1486232578754425, 0.9574272036552429, -0.0010326718911528587]]",8745ee09628414a99b2879fdc066e0338c28021a696cedce347dc7f62dac5746,pass,
female,VH_F_ilium_spongy_bone_R,trabecular bone tissue,skeletal,1017,1984,"[[-0.1658097356557846, 0.8202372193336487, -0.16433562338352203], [-0.05321741849184036, 0.9580079317092896, -0.005156707484275103]]",d4a78477a2cdd922d0002f3e6dc6a8057963e94e98cc4547b326a9506a3551a4,pass,
female,VH_F_ischium_compact_bone_R,compact bone tissue,skeletal,1475,2950,"[[-0.12699082493782043, 0.7479265332221985, -0.12626242637634277], [-0.046199969947338104, 0.8429248929023743, -0.05853816866874695]]",0b0e281f2a3c533a6101353abd1bee1fe96fe277b3c04444e0ee5b8c9e76495d,pass,
female,VH_F_ischium_compact_bone_L,compact bone tissue,skeletal,1472,2944,"[[0.026980094611644745, 0.7493924498558044, -0.12395896762609482], [0.10978954285383224, 0.8441396355628967, -0.059219177812337875]]",fc4d1506988e1c61036a8e4092850d599a55b47edcc121b9738b18ef3afd4ebe,pass,
female,VH_F_ischium_spongy_bone_R,trabecular bone tissue,skeletal,747,1417,"[[-0.12585468590259552, 0.7492663264274597, -0.12506085634231567], [-0.04709869250655174, 0.8424084186553955, -0.059403374791145325]]",f62b0666b16531a1c5ff7f106b8cf0b395b05f07db22811102b86e25b7d57725,pass,
female,VH_F_ischium_spongy_bone_L,trabecular bone tissue,skeletal,745,1416,"[[0.027776489034295082, 0.7507369518280029, -0.12273278832435608], [0.10860014706850052, 0.8437438607215881, -0.06008795276284218]]",aafc2fdcefa61b593a669745f33ec0330f375fb935bd7fef8c769510797418eb,pass,
female,VH_F_right_tibial_collateral_ligament,Right tibial collateral ligament,skeletal,186,368,"[[-0.13463200628757477, 0.33751216530799866, -0.07921722531318665], [-0.08957825601100922, 0.4456280767917633, -0.0610591284930706]]",9e53ce3a8d04f4fdb96ff9c761b8153b52db7a4b5836c26a7a5a3fcde6724cc9,pass,
female,VH_F_anterior_cruciate_ligament_of_knee_R,Right anterior cruciate ligament,skeletal,232,460,"[[-0.14674116671085358, 0.4096500277519226, -0.09242507070302963], [-0.12489441782236099, 0.43644869327545166, -0.053124912083148956]]",915e273bf2ad0299a94920ec07dbec4bd800affa63962bfdb3e667519efee354,pass,
female,VH_F_posterior_cruciate_ligament_of_knee_R,Right posterior cruciate ligament,skeletal,242,480,"[[-0.1511564403772354, 0.4039636552333832, -0.1015562117099762], [-0.12457326799631119, 0.4413691759109497, -0.07987132668495178]]",b3ca198388fbe47e50a0508401df08e81ab04a99157b2b6a365f69119df36a1f,pass,
female,VH_F_anterolateral_ligament_of_knee_R,anterolateral ligament of knee,skeletal,186,368,"[[-0.18204082548618317, 0.39508122205734253, -0.08294732868671417], [-0.17308272421360016, 0.45194438099861145, -0.0687904953956604]]",3bfc9cf0c891a996ee7bf7082b2d613ba7f8dfa51d991b498a62538d93208eb2,pass,
female,VH_F_fibular_collateral_ligament_R,Right fibular collateral ligament,skeletal,186,368,"[[-0.1889720857143402, 0.38825371861457825, -0.11645407229661942], [-0.1717909276485443, 0.45257312059402466, -0.07040092349052429]]",3e65d9f5ef5a48a24dc54c451136043282d4682bb68334b9283d52452024b25e,pass,
female,VH_F_patellar_ligament_R,Right patellar ligament,skeletal,128,252,"[[-0.17101842164993286, 0.3532128632068634, -0.05586373805999756], [-0.14521147310733795, 0.42740342020988464, -0.013825873844325542]]",cd66ec100fb41c8ed3abf90a3d7197a54cbdb387cddb6dd21d0c7bfd7e27e009,pass,
female,VH_F_meniscus_R,Articular disk of knee joint,skeletal,475,942,"[[-0.1751192957162857, 0.3994908034801483, -0.10763895511627197], [-0.10224798321723938, 0.4195299744606018, -0.04868500679731369]]",17661bb5344382aff686b63d71720bec83f5891d0531bfd18175143fbfb63a28,pass,
female,VH_F_femur_R,Right femur,skeletal,1029,1961,"[[-0.18676763772964478, 0.41268685460090637, -0.09865763783454895], [-0.08868515491485596, 0.8332435488700867, -0.03381301462650299]]",9b75117d70fb2031cfb1c1d6fa154691dc0a4d081ad4c40b33f6a7cdd6d5a658,pass,
female,VH_F_trochlear_groove_R,Patellar surface of right femur,skeletal,25,26,"[[-0.145895853638649, 0.41749319434165955, -0.07004076987504959], [-0.13589346408843994, 0.4368751645088196, -0.038463201373815536]]",8751ec2b85247dc5dc16f18e03a32afc854092cbee518b44706d723fd12debf0,pass,
female,VH_F_medial_perichondular_surface_R,medial perichondular surface (right),skeletal,43,64,"[[-0.09911017119884491, 0.4221174120903015, -0.08174478262662888], [-0.09122029691934586, 0.44208937883377075, -0.0561344139277935]]",431e66d5567c272f14bdb8c92de089a3aa2a4ef69203b0014830b06384737037,pass,
female,VH_F_articular_cartilage_of_knee_R,Articular cartilage of distal epiphysis of right femur,skeletal,253,288,"[[-0.17336410284042358, 0.4097136855125427, -0.09566009044647217], [-0.09407096356153488, 0.4539062976837158, -0.03466178476810455]]",e37f676c352e76e7553ee5b1e99ef427bd34688ad7c5228d45be943cd4fd23ee,pass,
female,VH_F_medial_condyle_of_right_femur_sup,Medial condyle of right femur,skeletal,56,86,"[[-0.14065410196781158, 0.41303932666778564, -0.05894000828266144], [-0.11594520509243011, 0.43611016869544983, -0.03466178476810455]]",0d17985d87188c551f182853898bafe0ae54244e044768c763db3eb3e4d178c4,pass,
female,VH_F_lateral_condyle_of_femur_sup_R,Lateral condyle of right femur,skeletal,45,68,"[[-0.1691819131374359, 0.41755208373069763, -0.05902978777885437], [-0.1443236619234085, 0.4384206235408783, -0.035066526383161545]]",51993955697b97801486d86cf5e1a466549302a0f11516b44c3d4bd7bea4a389,pass,
female,VH_F_medial_condyle_of_right_femur_inf,Medial condyle of right femur,skeletal,95,157,"[[-0.12136130779981613, 0.4154926538467407, -0.10074824839830399], [-0.0944940373301506, 0.4501633942127228, -0.08796532452106476]]",cd753f8228f26afcc05191f85bcefe495a235d1e51f5570fef2e22994d205da8,pass,
female,VH_F_lateral_condyle_of_femur_inf_R,Lateral condyle of right femur,skeletal,85,140,"[[-0.17336410284042358, 0.42060843110084534, -0.10205869376659393], [-0.1460006684064865, 0.45377838611602783, -0.08820833265781403]]",a265a34724c8027b9a9de305cef261343bd799168c70b2e22d0ece5e20443f4b,pass,
female,VH_F_lateral_condyle_of_femur_frontal_R,Lateral condyle of right femur,skeletal,51,79,"[[-0.17248931527137756, 0.4158910810947418, -0.08660133928060532], [-0.14186491072177887, 0.4223027527332306, -0.06233677268028259]]",e25932b12e8bcf09db8ecd3fc4f17cb7748012cad8fd119f2776e2e5da81d582,pass,
female,VH_F_distal_most_point_of_medial_condyle_R,distal-most point of medial condyle of femur,skeletal,55,82,"[[-0.1314806044101715, 0.408689945936203, -0.08536025881767273], [-0.09801824390888214, 0.4183855950832367, -0.0560574010014534]]",94620ae4eebe90170bdb8e7e726bd5454c626f652d24e381515fb07a28d39ee0,pass,
female,VH_F_intercondylar_fossa_R,Intercondylar fossa of right femur,skeletal,40,54,"[[-0.12591835856437683, 0.41897299885749817, -0.09131809324026108], [-0.11896058917045593, 0.44751596450805664, -0.07793595641851425]]",9c3c51ffc50c71a37b5d537fbd5d67ae72ffeacb9f8962f089f6a3aee5471326,pass,
female,VH_F_posterior_cruciate_enthesis_R,posterior cruciate enthesis (right),skeletal,55,80,"[[-0.14294308423995972, 0.4189855754375458, -0.08460651338100433], [-0.12309245765209198, 0.4478629529476166, -0.07205215096473694]]",3cf87b14609c85c6f7e2b0910c15d79e3740fbb8288f869c8cd8d74d0c76d23b,pass,
female,VH_F_anterior_cruciate_enthesis_R,anterior cruciate enthesis (right),skeletal,51,74,"[[-0.14692388474941254, 0.42144593596458435, -0.09441562741994858], [-0.13669173419475555, 0.44843965768814087, -0.07466354221105576]]",420f2883590dec8155b9fb9732df64dce4182faf16f8e6e16b637dc319f8e6a5,pass,
female,VH_F_lateral_perichondular_surface_R,lateral perichondular surface (right),skeletal,49,75,"[[-0.17702767252922058, 0.43293294310569763, -0.08497392386198044], [-0.1728166937828064, 0.4496273696422577, -0.06127354875206947]]",9f67e0e70573f3f4d410144ad523e35f8a4fe523c29eaf6b8e01afc46cd3f05b,pass,
female,VH_F_lateral_epicondylar_enthesis_R,lateral epicondylar enthesis (right),skeletal,29,34,"[[-0.17555774748325348, 0.43742212653160095, -0.08817322552204132], [-0.16979573667049408, 0.4542160630226135, -0.06349790096282959]]",ddfeb6627e9546501f72321fecea8ae783e7696fca538a5750ab1a0fc7bb047f,pass,
female,VH_F_medial_epicondylar_enthesis_R,medial epicondylar enthesis (right),skeletal,35,45,"[[-0.09873517602682114, 0.42801928520202637, -0.0863756388425827], [-0.09142736345529556, 0.44711029529571533, -0.05785520002245903]]",4ad43920a09c9498dc125215b29897037e5a50e5b281aab19602952dd108dbde,pass,
female,VH_F_tibia_R,Right tibia,skeletal,385,766,"[[-0.17972250282764435, 0.07433074712753296, -0.10815426707267761], [-0.10063290596008301, 0.41760072112083435, -0.045742154121398926]]",bce7c9e3544354005e24327195a0b84e44c1685fe4118d800efdbd47b466f06c,pass,
female,VH_F_fibula_R,Right fibula,skeletal,168,332,"[[-0.19032388925552368, 0.06170433759689331, -0.11953744292259216], [-0.1620388925075531, 0.39893239736557007, -0.08776581287384033]]",68e4db75a08d380788fa58bcb7fdd175c4a90d2ddfbde4d14ac38db7b78a8da2,pass,
female,VH_F_patella_R,Right patella,skeletal,204,404,"[[-0.16984540224075317, 0.4173222482204437, -0.03521925210952759], [-0.12430306524038315, 0.46449849009513855, -0.009059934876859188]]",ebc107c6a033b3e40f4439432730617898245a9c96b8819df89ce44134e51f50,pass,
female,VH_F_anterolateral_ligament_of_knee_L,anterolateral ligament of knee,skeletal,186,368,"[[0.15220655500888824, 0.39508122205734253, -0.08667956292629242], [0.16116465628147125, 0.45194438099861145, -0.07257484644651413]]",69772224f43919b392dddb522e9c0944bd08541e01bb08cdd1f16cf3170abbb3,pass,
female,VH_F_fibular_collateral_ligament_L,Left fibular collateral ligament,skeletal,186,368,"[[0.1509147435426712, 0.38825371861457825, -0.12018630653619766], [0.1680959314107895, 0.45257312059402466, -0.07413315773010254]]",8bcb9f68d933a414ce355a9875add8c49e4d6d192c01095e364f6d4482e594e7,pass,
female,VH_F_patellar_ligament_L,Left patellar ligament,skeletal,124,244,"[[0.12433530390262604, 0.3532128632068634, -0.059595976024866104], [0.15014225244522095, 0.42740342020988464, -0.017558101564645767]]",57d17230306fcd2d1eb27e960b4da099f4f9ed23a1db0d955118dde01875fac4,pass,
female,VH_F_left_tibial_collateral_ligament,Left tibial collateral ligament,skeletal,186,368,"[[0.0687020793557167, 0.33751216530799866, -0.0829494521021843], [0.11375583708286285, 0.4456280767917633, -0.06479136645793915]]",af6bbbd317c0e4bfb4c0065419d682a7b5c9c3396314b94e709ac4831296e1d8,pass,
female,VH_F_anterior_cruciate_ligament_of_knee_L,Left anterior cruciate ligament,skeletal,229,454,"[[0.10413311421871185, 0.4096500277519226, -0.09615729749202728], [0.12586499750614166, 0.43644869327545166, -0.0568571537733078]]",7c951f965785ff382bc1820070ca9e849a82b3933d6b4f46cd13176f6d65eb0f,pass,
female,VH_F_posterior_cruciate_ligament_of_knee_L,Left posterior cruciate ligament,skeletal,242,480,"[[0.10369709879159927, 0.4039636552333832, -0.10528844594955444], [0.1302802711725235, 0.4413691759109497, -0.08360356092453003]]",79ce5f31ce74e782abe43c00183305c261601f9ce80749fa6fbd45e7fca33298,pass,
female,VH_F_meniscus_L,Articular disk of knee joint,skeletal,473,938,"[[0.08137179911136627, 0.3994908034801483, -0.11137118935585022], [0.1542430967092514, 0.4195299744606018, -0.052417244762182236]]",cb4e9c569956ff9f7386da8df1e2b0b8d554bbc9f6b1b321af3558afdba4424c,pass,
female,VH_F_femur_L,Left femur,skeletal,1030,1961,"[[0.06780898571014404, 0.41268685460090637, -0.1023898646235466], [0.16589145362377167, 0.833490252494812, -0.03754524514079094]]",7f47e6c49da5312b369ffb240a8aebf963464461a3b7305798c201ede4e7c481,pass,
female,VH_F_intercondylar_fossa_L,Intercondylar fossa of left femur,skeletal,40,54,"[[0.09808441251516342, 0.41897299885749817, -0.09505032002925873], [0.10504218935966492, 0.44751596450805664, -0.0816681906580925]]",bb94671812ba8a8f5b1e73a1c4800c7fff2bd8dd1486efb9ef6b43095b97c606,pass,
female,VH_F_anterior_cruciate_enthesis_L,anterior cruciate enthesis (left),skeletal,51,74,"[[0.11581555008888245, 0.42144593596458435, -0.09814786911010742], [0.12604771554470062, 0.44843965768814087, -0.078395776450634]]",a142618a6a890bdfea50e00a06beb37505355d50c6e0fbdd08665534b1a5be3e,pass,
female,VH_F_posterior_cruciate_enthesis_L,posterior cruciate enthesis (left),skeletal,55,80,"[[0.10221628844738007, 0.4189855754375458, -0.08833873271942139], [0.1220669150352478, 0.4478629529476166, -0.07578439265489578]]",67dd8bcfa56cb7b4fd34f8076a69e1b42f8b790d30e19b4885eb295b10aca5e1,pass,
female,VH_F_lateral_perichondular_surface_L,lateral perichondular surface (left),skeletal,49,75,"[[0.15194052457809448, 0.43293294310569763, -0.08870616555213928], [0.15615150332450867, 0.4496273696422577, -0.06500578671693802]]",df8b2aedc1ca503f4cce1a99aded83c3d77b800d5ddcdec85eaf66d1a4907fae,pass,
female,VH_F_lateral_epicondylar_enthesis_L,lateral epicondylar enthesis (left),skeletal,29,34,"[[0.14891956746578217, 0.43742212653160095, -0.09190546721220016], [0.15468156337738037, 0.4542160630226135, -0.06723014265298843]]",99f30d20c679464f2972a1b90e71b66771f84752fcf250540407897b16d0c653,pass,
female,VH_F_medial_epicondylar_enthesis_L,medial epicondylar enthesis (left),skeletal,35,45,"[[0.07055119425058365, 0.42801928520202637, -0.09010786563158035], [0.07785900682210922, 0.44711029529571533, -0.06158743426203728]]",19a2efe5b2b44ba634064bb6259fb74c3cb2290d9a1a5f9f9e5b013c840aa65c,pass,
female,VH_F_trochlear_groove_L,Patellar surface of left femur,skeletal,25,26,"[[0.11501729488372803, 0.41749319434165955, -0.07377300411462784], [0.12501968443393707, 0.4368751645088196, -0.04219543933868408]]",2bc912a9270d8b358d1ae7301fd412dcc7a982a4528772778d32b0829d3ecd9c,pass,
female,VH_F_medial_perichondular_surface_L,medial perichondular surface (left),skeletal,43,64,"[[0.07034414261579514, 0.4221174120903015, -0.08547702431678772], [0.078234001994133, 0.44208937883377075, -0.05986665189266205]]",9ece76784c57272975b2c53f898ad306b09a9d24685e7ee8227b0e70f981a4c3,pass,
female,VH_F_articular_cartilage_of_knee_L,Articular cartilage of distal epiphysis of left femur,skeletal,253,288,"[[0.07319479435682297, 0.4097136855125427, -0.09939233213663101], [0.15248794853687286, 0.4539062976837158, -0.0383940264582634]]",c1153b93fd0b7ef2a10e772209b96421cf46909bd059fad99b4124141112f3c9,pass,
female,VH_F_medial_condyle_of_left_femur_inf,Medial condyle of left femur,skeletal,95,157,"[[0.0736178606748581, 0.4154926538467407, -0.10448048263788223], [0.10048515349626541, 0.4501633942127228, -0.091697558760643]]",25cd27e5dfb83a8cd442d900d78bea528963a662cf4c10345e90bb8b72a725d9,pass,
female,VH_F_lateral_condyle_of_femur_inf_L,Lateral condyle of left femur,skeletal,85,140,"[[0.1251244992017746, 0.42060843110084534, -0.10579093545675278], [0.15248794853687286, 0.45377838611602783, -0.09194057434797287]]",e33725b503848ea3d2d7d7faf3a349da4e99beb89371eaacd283f2a79413ec69,pass,
female,VH_F_lateral_condyle_of_femur_frontal_L,Lateral condyle of left femur,skeletal,51,79,"[[0.12098874151706696, 0.4158910810947418, -0.09033357352018356], [0.15161313116550446, 0.4223027527332306, -0.06606900691986084]]",64dd47ed9ddeb5fb4b7cb328cf8e49fe342b2e7fe5d8db932bae9108b7e5ca81,pass,
female,VH_F_distal_most_point_of_medial_condyle_L,distal-most point of medial condyle of femur,skeletal,55,82,"[[0.07714207470417023, 0.408689945936203, -0.08909249305725098], [0.1106044352054596, 0.4183855950832367, -0.059789638966321945]]",767489de0eb78c49507cc1348dfb371b7430481f27549d5c843c27eb01c22582,pass,
female,VH_F_lateral_condyle_of_femur_sup_L,Lateral condyle of left femur,skeletal,45,68,"[[0.123447485268116, 0.41755208373069763, -0.06276202201843262], [0.148305743932724, 0.4384206235408783, -0.03879876434803009]]",ab89b22729747c1acffb026fd27e700dbc049c43af38a3ff7ac24743bffedc3d,pass,
female,VH_F_medial_condyle_of_left_femur_sup,Medial condyle of left femur,skeletal,56,86,"[[0.0950690358877182, 0.41303932666778564, -0.06267224997282028], [0.11977793276309967, 0.43611016869544983, -0.0383940264582634]]",9d54f58aba57c43ff6524bdca4bee9ac60bff648bf5b1464db9c784350aa1a14,pass,
female,VH_F_patella_L,Left patella,skeletal,204,404,"[[0.10342688113451004, 0.4173222482204437, -0.03895149007439613], [0.14896923303604126, 0.46449849009513855, -0.012792162597179413]]",5fbbc1d360eb2d2912d18d7924d0da86c158ee38a237fd4fa87312811111627e,pass,
female,VH_F_tibia_L,Left tibia,skeletal,385,766,"[[0.0790586769580841, 0.07433074712753296, -0.11188650131225586], [0.15814825892448425, 0.41760072112083435, -0.04947439208626747]]",1a9961038452019b5a4805d4d9fe3702014859cb4e2a1883eec64102c34f069b,pass,
female,VH_F_fibula_L,Left fibula,skeletal,169,334,"[[0.1411627233028412, 0.06170433759689331, -0.1232696920633316], [0.16944772005081177, 0.39893239736557007, -0.09149804711341858]]",b9bb1725898a9b499208951cbbbd2630a001144f4088b856607091da0fb9b8c5,pass,
female,VH_F_lumbar_vertebra_1,lumbar vertebra 1,skeletal,2002,4004,"[[-0.04831548035144806, 1.0787628889083862, -0.17090368270874023], [0.042556680738925934, 1.1265172958374023, -0.09026109427213669]]",34880cc2a0df1af53bc5e333c73d4458c6c2aa356cc372876c167436e09e04cf,pass,
female,VH_F_lumbar_vertebra_2,lumbar vertebra 2,skeletal,1937,3874,"[[-0.044422030448913574, 1.0427415370941162, -0.17077824473381042], [0.0358780175447464, 1.0941370725631714, -0.0821087509393692]]",49110ae46a719b0c3f0011646a1a18f42c98a229b23979800fccb51fae1178c8,pass,
female,VH_F_lumbar_vertebra_3,lumbar vertebra 3,skeletal,2039,4078,"[[-0.05082673951983452, 1.001867651939392, -0.16791297495365143], [0.040566589683294296, 1.058172345161438, -0.07843106985092163]]",f79c45746e5aff6b359351c981029154966532b0a55656cb1b8642eafb579e39,pass,
female,VH_F_lumbar_vertebra_4,lumbar vertebra 4,skeletal,2116,4232,"[[-0.05342680960893631, 0.9735735058784485, -0.16676414012908936], [0.0432438999414444, 1.0259997844696045, -0.07354535907506943]]",4ff9032b8ca38716342e084a9ea466047731209416444f5f81b0357967bc2af9,pass,
female,VH_F_lumbar_vertebra_5,lumbar vertebra 5,skeletal,1980,3960,"[[-0.05301467701792717, 0.9455679059028625, -0.16151849925518036], [0.042961377650499344, 0.9966628551483154, -0.07090410590171814]]",bd15c16fd6e3792bbb9e99e31b70286171e40b2dbc72d698bbccf303f7f0bb62,pass,
female,VH_F_lumbar_vertebra_6,lumbar vertebra 6,skeletal,1964,3928,"[[-0.06101758033037186, 0.9192191958427429, -0.15757226943969727], [0.043546609580516815, 0.9655706286430359, -0.07024209946393967]]",2f34fd9f9cda8d98ac97458cb319931d3a49c631847d17ed48ec24c1ae85fc3b,pass,
female,VH_F_thoracic_vertebra_1,thoracic vertebra 1,skeletal,1659,3318,"[[-0.04995685815811157, 1.3673065900802612, -0.1420600712299347], [0.02892863005399704, 1.401400089263916, -0.07479699701070786]]",9c01fa3393d7d556280cd5c40d0165f26c61ecc3bd66f46c4392fd187a111bc6,pass,
female,VH_F_thoracic_vertebra_2,thoracic vertebra 2,skeletal,1708,3416,"[[-0.04458841681480408, 1.3461018800735474, -0.1509355902671814], [0.026578979566693306, 1.3860214948654175, -0.08239391446113586]]",610b6f4789ea043fbbcab3310fb571ee75c8170667e8affcfc34d2c731b6a60e,pass,
female,VH_F_thoracic_vertebra_3,thoracic vertebra 3,skeletal,1785,3570,"[[-0.0421411395072937, 1.3270463943481445, -0.15954402089118958], [0.024238670244812965, 1.3644484281539917, -0.08697585016489029]]",f0abe3fe49eedd69f55db098b47008d6d013f287e90c008f3bfcf89d0d5f6bc6,pass,
female,VH_F_thoracic_vertebra_4,thoracic vertebra 4,skeletal,1682,3364,"[[-0.040204256772994995, 1.3000210523605347, -0.16924265027046204], [0.023669550195336342, 1.3444808721542358, -0.08985306322574615]]",b645d65702554fa1711747d5c9c199542e6c7e79c7d9350c52440096fc899ee7,pass,
female,VH_F_thoracic_vertebra_5,thoracic vertebra 5,skeletal,1743,3486,"[[-0.04074403643608093, 1.2782700061798096, -0.1703874170780182], [0.024649009108543396, 1.3234124183654785, -0.09605643153190613]]",18ae686ebf35ba14eed9fe48c690d5021e8a5dd7233f70dde8ccdb91613ac5c2,pass,
female,VH_F_thoracic_vertebra_6,thoracic vertebra 6,skeletal,1763,3526,"[[-0.04083840921521187, 1.2551368474960327, -0.17243686318397522], [0.02306593768298626, 1.301027774810791, -0.0954311266541481]]",8dc19af293f8fb7f4870a560c92f468628662516cb9372ffc95085ab5b0a152b,pass,
female,VH_F_thoracic_vertebra_7,thoracic vertebra 7,skeletal,1743,3486,"[[-0.041542429476976395, 1.229001522064209, -0.1732906699180603], [0.025831669569015503, 1.2787550687789917, -0.10144860297441483]]",f8c1905aae4322002ed59426d1a44d86b8beecc9544a2410bc71bf429d242561,pass,
female,VH_F_thoracic_vertebra_8,thoracic vertebra 8,skeletal,1851,3702,"[[-0.03947814926505089, 1.2065708637237549, -0.17446185648441315], [0.02612464874982834, 1.2550276517868042, -0.1017078086733818]]",4df7a11bcfba626bcaf00e53936d2f00dc2c91c4ca27d7d8230a809b5af121e3,pass,
female,VH_F_thoracic_vertebra_9,thoracic vertebra 9,skeletal,1813,3626,"[[-0.04113870859146118, 1.1875897645950317, -0.17333386838436127], [0.029174059629440308, 1.231237530708313, -0.10002504289150238]]",9e1e62247ea63d4b80c6d4601b1aaa839bde244ae6bf7f1ebc775609f799575e,pass,
female,VH_F_thoracic_vertebra_10,thoracic vertebra 10,skeletal,1804,3608,"[[-0.0397159680724144, 1.1671348810195923, -0.1736612468957901], [0.028731869533658028, 1.2079710960388184, -0.09676222503185272]]",0815e649c11f8cd43ba65f8b7f2208349aee43f476b7699033a08dff2ea6b3bb,pass,
female,VH_F_thoracic_vertebra_11,thoracic vertebra 11,skeletal,1717,3434,"[[-0.03427201136946678, 1.143922209739685, -0.17250578105449677], [0.022397369146347046, 1.1839914321899414, -0.09763113409280777]]",2762a2b840797baefc4ed22ea17626bfbb25c33cc0f2df7c765ab5768b395587,pass,
female,VH_F_thoracic_vertebra_12,thoracic vertebra 12,skeletal,1950,3900,"[[-0.032294150441884995, 1.1150213479995728, -0.17021460831165314], [0.02249789983034134, 1.1598803997039795, -0.09507401287555695]]",c544bb17956db9be0d1e97971ce46f2ea69c4f38b2195327790e7508d505b0f3,pass,
female,VH_F_cervical_vertebra_1,vertebral bone 1,skeletal,1750,3508,"[[-0.05523005872964859, 1.4824501276016235, -0.0903119221329689], [0.031262509524822235, 1.5126725435256958, -0.04123497009277344]]",a81170e2b4a6639cfa4946b7733bf0f44c61ee505bf39e53ae9d9e081a1c7107,pass,
female,VH_F_cervical_vertebra_2,vertebral bone 2,skeletal,1692,3392,"[[-0.0434383898973465, 1.4641262292861938, -0.09752652794122696], [0.016026338562369347, 1.5079346895217896, -0.04329439997673035]]",1fe10e9e1a0b433c2aa43e850ad20a8ef4afe3b1fd5e47d8562d8c3738558f3c,pass,
female,VH_F_cervical_vertebra_3,mammalian cervical vertebra 3,skeletal,1967,3942,"[[-0.04305795207619667, 1.4491833448410034, -0.09374114871025085], [0.01716497913002968, 1.4710711240768433, -0.04504289850592613]]",b9cb52de5e1ef02a9e286ec754fc6d1c2882661856fc8a6879f12b0e671d26d6,pass,
female,VH_F_cervical_vertebra_4,mammalian cervical vertebra 4,skeletal,2165,4338,"[[-0.043211929500103, 1.4331555366516113, -0.09397635608911514], [0.01753600873053074, 1.4577043056488037, -0.05030331015586853]]",2b580736ccddeae67fd278f51a02fba38c51c6621f1dec8689f363d6640c4467,pass,
female,VH_F_cervical_vertebra_5,mammalian cervical vertebra 5,skeletal,2137,4282,"[[-0.04330756142735481, 1.4178690910339355, -0.09799531102180481], [0.019608929753303528, 1.4450812339782715, -0.05426102876663208]]",e8bcde469753931e26d0c5dae18e395ef6b683034e8598e30568f34058f2ec65,pass,
female,VH_F_cervical_vertebra_6,mammalian cervical vertebra 6,skeletal,2069,4146,"[[-0.042276687920093536, 1.4022467136383057, -0.11164449155330658], [0.017842039465904236, 1.4303961992263794, -0.06113068759441376]]",932e8244ead46cb4fc645b1f4afe8d76b3f6707049d831de103bbc239af29e2b,pass,
female,VH_F_cervical_vertebra_7,mammalian cervical vertebra 7,skeletal,1835,3678,"[[-0.04516249895095825, 1.3849046230316162, -0.12966524064540863], [0.024971339851617813, 1.416730284690857, -0.06736186146736145]]",6ef2d2226879561585675152b4686a1b071d4c52ec4814ce314b011516d2a9e6,pass,
